url,romanization,greek,gloss
https://www.youtube.com/watch?v=Yg8v32q-5MY,Biblos,βίβλος,book
https://www.youtube.com/watch?v=2rCk7U__qew,Kykleuō,κυκλεύω,encircle; surround
https://www.youtube.com/watch?v=HEpZHQ-FNfE,Promartyromai,προμαρτύρομαι,bear witness to beforehand
https://www.youtube.com/watch?v=DqyPQ5zFtaQ,Diaugēs,διαυγής,transparent
https://www.youtube.com/watch?v=6-H8pCmCLaA,Hypochōreō,ὑποχωρέω,go back
https://www.youtube.com/watch?v=ZrwRr-r8914,Homologoumenōs,ὁμολογουμένως,most certainly; undeniably
https://www.youtube.com/watch?v=ckEZgr4ZnAM,Polysplanchnos,πολύσπλαγχνος,compassionate; sympathetic
https://www.youtube.com/watch?v=43lj1hUU99s,Kollourion,κολλούριον,eye salve
https://www.youtube.com/watch?v=B8rGy444m9I,Amōmon,ἄμωμον,amomum
https://www.youtube.com/watch?v=uX7S41UQCAs,Mousikos,μουσικός,musical
https://www.youtube.com/watch?v=ll7V69NNgSg,Pharmakos,φάρμακος,poisoner; sorcerer
https://www.youtube.com/watch?v=R84FtFpZHLo,Krystallizō,κρυσταλλίζω,shine like crystal
https://www.youtube.com/watch?v=rl1AAFNvVh8,Chrysoprasos,χρυσόπρασος,chrysoprase
https://www.youtube.com/watch?v=MocZKw21JYY,Katathema,κατάθεμα,accursed thing
https://www.youtube.com/watch?v=JIQcO2xZ9Ko,Parakoloutheō,παρακολουθέω,follow faithfully; follow
https://www.youtube.com/watch?v=9xwCw0KdEHc,Dianeuō,διανεύω,give a sign
https://www.youtube.com/watch?v=_g8s3CBFch0,Diatēreō,διατηρέω,keep; keep free of
https://www.youtube.com/watch?v=Wq45KhJCK_8,Anorthoō,ἀνορθόω,rebuild
https://www.youtube.com/watch?v=Cs2Ky7IoJck,Prosphagion,προσφάγιον,fish (to eat)
https://www.youtube.com/watch?v=lOs_8oq9yu4,Pentēkostē,πεντηκοστή,Pentecost
https://www.youtube.com/watch?v=SNijQ3pebDw,Hagiasmos,ἁγιασμός,consecration; sanctification
https://www.youtube.com/watch?v=Tp6i29ZHvBw,Agamos,ἄγαμος,unmarried
https://www.youtube.com/watch?v=_bUymJlo3qQ,Katakalyptō,κατακαλύπτω,cover
https://www.youtube.com/watch?v=g1k4XC1F0MU,Thriambeuō,θριαμβεύω,triumph over
https://www.youtube.com/watch?v=_4zhqA2PVoQ,Kanōn,κανών,any straight rod or bar
https://www.youtube.com/watch?v=jb2rl0ukGJ0,Apataō,ἀπατάω,cheat
https://www.youtube.com/watch?v=371ShZavWFU,Holotelēs,ὁλοτελής,complete; perfect
https://www.youtube.com/watch?v=tl389NNFJN0,Hyperauxanō,ὑπεραυξάνω,flourish; grow wonderfully
https://www.youtube.com/watch?v=-9o9wjbrU44,Authenteō,αὐθεντέω,give orders to
https://www.youtube.com/watch?v=tl7XhILm24s,Sōphrōn,σώφρων,of sound mind
https://www.youtube.com/watch?v=iwLdgp295wM,Kaustēriazō,καυστηριάζω,brand; sear
https://www.youtube.com/watch?v=rqxFDgYGwkU,Amoibē,ἀμοιβή,recompense; return
https://www.youtube.com/watch?v=0eVa3YQUWUk,Chrysous,χρυσοῦς,gold; golden
https://www.youtube.com/watch?v=nrBOg-eLK98,Autokatakritos,αὐτοκατάκριτος,self-condemned
https://www.youtube.com/watch?v=K-hCKEsEmK0,Amētōr,ἀμήτωρ,motherless
https://www.youtube.com/watch?v=LY5AlzdHRkY,Diorthōsis,διόρθωσις,"improvement, reformation"
https://www.youtube.com/watch?v=4s1UMJt0ylE,Tragos,τράγος,he-goat
https://www.youtube.com/watch?v=HX7x9-Wxncw,Damalis,δάμαλις,heifer
https://www.youtube.com/watch?v=dlYXaYH11fM,Athlēsis,ἄθλησις,contest
https://www.youtube.com/watch?v=wmuOWUh0J5w,Ololyzō,ὀλολύζω,cry aloud
https://www.youtube.com/watch?v=Zb_V6X0ft-I,Kakopatheia,κακοπάθεια,misery; toil; painful labor
https://www.youtube.com/watch?v=tFjHo4OeHas,Adolos,ἄδολος,honestly; guilelessly
https://www.youtube.com/watch?v=a77FLxepZ0A,Kleos,κλέος,"fame, glory"
https://www.youtube.com/watch?v=gcvjgMXyO6E,Tapeinophrōn,ταπεινόφρων,humble
https://www.youtube.com/watch?v=fANbq0GHkes,Apopheugō,ἀποφεύγω,escape
https://www.youtube.com/watch?v=OVXyYfWFCdo,Phialē,φιάλη,bowl
https://www.youtube.com/watch?v=I0vjXIWHMkY,Klemma,κλέμμα,stealing; stolen thing; theft
https://www.youtube.com/watch?v=xckFi0KmicQ,Biblaridion,βιβλαρίδιον,little book; little scroll
https://www.youtube.com/watch?v=twAesEgV2kU,Botrys,βότρυς,bunch of grapes
https://www.youtube.com/watch?v=jKn0obJc0lU,Sidēros,σίδηρος,iron
https://www.youtube.com/watch?v=KCaUferFLmg,Marmaros,μάρμαρος,marble
https://www.youtube.com/watch?v=0golmkXkElI,Tetragōnos,τετράγωνος,(four)-square
https://www.youtube.com/watch?v=O9VCfzee-QI,Endōmēsis,ἐνδώμησις,construction; material
https://www.youtube.com/watch?v=Jq90Fu5dLgo,Hyalos,ὕαλος,crystal
https://www.youtube.com/watch?v=36otGQ44Ktc,Smaragdos,σμάραγδος,emerald
https://www.youtube.com/watch?v=rqXKftPIqJQ,Hyakinthos,ὑάκινθος,hyacinth
https://www.youtube.com/watch?v=ysY9aXzATuA,Dōdekatos,δωδέκατος,twelfth
https://www.youtube.com/watch?v=yeWEmo5-Xrk,Amethystos,ἀμέθυστος,amethyst
https://www.youtube.com/watch?v=fsi9VKOrc98,Genesis,γένεσις,birth
https://www.youtube.com/watch?v=5jvVu6RdAqw,Gennaō,γεννάω,become the parent of
https://www.youtube.com/watch?v=Ku8_D9ei7y8,Ho,ὁ,him
https://www.youtube.com/watch?v=Xg9bZY3MqBE,De,δέ,and; but
https://www.youtube.com/watch?v=okmV0pMY07w,Kai,καί,and
https://www.youtube.com/watch?v=pVCUKB0Es7E,Adelphos,ἀδελφός,brother
https://www.youtube.com/watch?v=iShbqhrHc0A,Autos,αὐτός,he
https://www.youtube.com/watch?v=0wXgOrp8gIk,Ek,ἐκ,from out of
https://www.youtube.com/watch?v=TatC-ZYxS9s,Basileus,βασιλεύς,king
https://www.youtube.com/watch?v=RWb1HQwRfJM,Epi,ἐπί,on
https://www.youtube.com/watch?v=tyblriRCNfk,Metoikesia,μετοικεσία,deportation
https://www.youtube.com/watch?v=oDXvCfFs9RU,Meta,μετά,in midst of
https://www.youtube.com/watch?v=xzgLE1LE0iw,Anēr,ἀνήρ,man
https://www.youtube.com/watch?v=pW_Pimm7jpE,Hos,ὅς,which; who; that
https://www.youtube.com/watch?v=nAKFqN8-CBc,Legō,λέγω,say
https://www.youtube.com/watch?v=UUkLo4Gk5xk,Pas,πᾶς,all
https://www.youtube.com/watch?v=W02BIKWtVOE,Oun,οὖν,really
https://www.youtube.com/watch?v=Dr7vf_5u46M,Genea,γενεά,generation
https://www.youtube.com/watch?v=glTRINdiJ8o,Apo,ἀπό,from
https://www.youtube.com/watch?v=4-CkjycvihE,Dekatessares,δεκατέσσαρες,fourteen
https://www.youtube.com/watch?v=WgMc9Rok1V8,Houtōs,οὕτως,in this manner
https://www.youtube.com/watch?v=cM0BZripdXE,Eimi,εἰμί,be
https://www.youtube.com/watch?v=Ce3Yzy43dq4,Mnēsteuō,μνηστεύω,be betrothed; be engaged
https://www.youtube.com/watch?v=KSPEl7q0NXk,Mētēr,μήτηρ,mother
https://www.youtube.com/watch?v=OF-Tv5xeOb0,Prin,πρίν,before
https://www.youtube.com/watch?v=-3QjLbsWCV0,Ē,ἤ,if
https://www.youtube.com/watch?v=_cZ6J7LMD2Y,Synerchomai,συνέρχομαι,assemble; travel with
https://www.youtube.com/watch?v=bpd-GNiw8vo,Heuriskō,εὑρίσκω,find
https://www.youtube.com/watch?v=p-bqiztVAbQ,En,ἐν,in
https://www.youtube.com/watch?v=YWxeO4N4qUw,Gastēr,γαστήρ,belly; womb
https://www.youtube.com/watch?v=KlWeDr-2oC8,Echō,ἔχω,have
https://www.youtube.com/watch?v=PuTAcq3S3dA,Pneuma,πνεῦμα,breath; spirit
https://www.youtube.com/watch?v=Kc9rrrnwsKU,Hagios,ἅγιος,holy
https://www.youtube.com/watch?v=4sEfOsL96HQ,Dikaios,δίκαιος,observant of custom and social rule
https://www.youtube.com/watch?v=1x8MqY0Ya5s,Mē,μή,not
https://www.youtube.com/watch?v=rjvd1REe7Q0,Thelō,θέλω,will; wish
https://www.youtube.com/watch?v=c9-Cp_jLO00,Deigmatizō,δειγματίζω,expose; disgrace
https://www.youtube.com/watch?v=yW4pnvHDsAI,Boulomai,βούλομαι,will
https://www.youtube.com/watch?v=CMiXsTV4D6w,Apolyō,ἀπολύω,loose from
https://www.youtube.com/watch?v=Dcf7e10rY90,Houtos,οὗτος,this
https://www.youtube.com/watch?v=7NK-DVlQ6aY,Enthymeomai,ἐνθυμέομαι,consider; think
https://www.youtube.com/watch?v=shchSvDf1vY,Angelos,ἄγγελος,angel
https://www.youtube.com/watch?v=O7gn9Z5h-GI,Kyrios,κύριος,Lord
https://www.youtube.com/watch?v=7wopqO4A0ss,Kata,κατά,according to
https://www.youtube.com/watch?v=6cct9SzlRZI,Onar,ὄναρ,dream
https://www.youtube.com/watch?v=3W-Y33Bnk7E,Phobeō,φοβέω,be afraid; fear
https://www.youtube.com/watch?v=j6VgSIYt7xc,Paralambanō,παραλαμβάνω,receive from; take
https://www.youtube.com/watch?v=DKWHnkf3EVE,Gynē,γυνή,woman
https://www.youtube.com/watch?v=NGETCWnNLLg,Sy,σύ,you
https://www.youtube.com/watch?v=WWmyFJ41XLU,Gar,γάρ,for
https://www.youtube.com/watch?v=tMr7DcNvzj8,Tiktō,τίκτω,bring forth; beget; produce
https://www.youtube.com/watch?v=39XfmIPeF1Q,Kaleō,καλέω,call
https://www.youtube.com/watch?v=v6qd1YBya00,Sōzō,σῴζω,save
https://www.youtube.com/watch?v=YpBb_2WGvRw,Hamartia,ἁμαρτία,failure; sin
https://www.youtube.com/watch?v=c12k4TTtwMA,Holos,ὅλος,whole
https://www.youtube.com/watch?v=IkXBPTBIVXo,Ginomai,γίνομαι,"be born, become"
https://www.youtube.com/watch?v=7uZUN93q88w,Hina,ἵνα,in order that
https://www.youtube.com/watch?v=Sdbmtp5nv8I,Plēroō,πληρόω,fulfill; complete; fill
https://www.youtube.com/watch?v=bDOUoqiiKCo,Eipon,εἶπον,say
https://www.youtube.com/watch?v=6YdwEgFFgWE,Hypo,ὑπό,by; under
https://www.youtube.com/watch?v=DIqFLzayzys,Dia,διά,through
https://www.youtube.com/watch?v=MZiObXEb7fU,Prophētēs,προφήτης,prophet
https://www.youtube.com/watch?v=isatOa7qF6w,Parthenos,παρθένος,maid
https://www.youtube.com/watch?v=mvBADAGOoAI,Methermēneuō,μεθερμηνεύω,translate
https://www.youtube.com/watch?v=R6tyWd2bpkg,Egō,ἐγώ,I
https://www.youtube.com/watch?v=D9HmxlzKKZA,Theos,θεός,God
https://www.youtube.com/watch?v=l3vAbHndAGw,Egeirō,ἐγείρω,awaken
https://www.youtube.com/watch?v=Gl40wreZhNo,Poieō,ποιέω,do; make
https://www.youtube.com/watch?v=_IlXZ58_VEo,Hōs,ὡς,"as, like"
https://www.youtube.com/watch?v=gfo838unl_8,Prostassō,προστάσσω,"command, order"
https://www.youtube.com/watch?v=7BRB1Hk7GQA,Ou,οὐ,no; not
https://www.youtube.com/watch?v=Fmj0LGiyQgI,Ginōskō,γινώσκω,know
https://www.youtube.com/watch?v=TQrFztJ5uEU,Hēmera,ἡμέρα,day
https://www.youtube.com/watch?v=bLEwLhiYVps,Magos,μάγος,magician
https://www.youtube.com/watch?v=HSqbv_IbeSM,Paraginomai,παραγίνομαι,be beside; be present; arrive
https://www.youtube.com/watch?v=lzefGj94W7s,Pou,ποῦ,somewhere; about
https://www.youtube.com/watch?v=jJIF9kxzBpE,Eidon,εἶδον,see
https://www.youtube.com/watch?v=xibLUpAWNdg,Astēr,ἀστήρ,star
https://www.youtube.com/watch?v=7jiEwQwQe30,Erchomai,ἔρχομαι,come or go
https://www.youtube.com/watch?v=X4RdfEbDZVE,Proskyneō,προσκυνέω,worship
https://www.youtube.com/watch?v=_YFVfu53sc0,Tarassō,ταράσσω,be troubled; be disturbed
https://www.youtube.com/watch?v=CNoNi192BeY,Synagō,συνάγω,bring together
https://www.youtube.com/watch?v=2Be0FuATHsw,Archiereus,ἀρχιερεύς,high priest
https://www.youtube.com/watch?v=_p_j4PzX3gk,Grammateus,γραμματεύς,scribe
https://www.youtube.com/watch?v=vNs-As8HVIs,Pynthanomai,πυνθάνομαι,inquire; ask
https://www.youtube.com/watch?v=fKMI5tAuXnA,Para,παρά,beside; near
https://www.youtube.com/watch?v=xYTZj8QdJTI,Graphō,γράφω,scratch
https://www.youtube.com/watch?v=Tst5nTstIlQ,Gē,γῆ,earth
https://www.youtube.com/watch?v=5lQBwcgl6BY,Oudamōs,οὐδαμῶς,by no means
https://www.youtube.com/watch?v=hPGDDujiVD4,Elachistos,ἐλάχιστος,least; insignificant; trivial
https://www.youtube.com/watch?v=ns6670c0GBw,Hēgemōn,ἡγεμών,leader; chief
https://www.youtube.com/watch?v=RAEKisDsmyk,Exerchomai,ἐξέρχομαι,go or come out of
https://www.youtube.com/watch?v=wPsAI1uKz_w,Hēgeomai,ἡγέομαι,go before
https://www.youtube.com/watch?v=InJMpvoaQxI,Hostis,ὅστις,any one who
https://www.youtube.com/watch?v=TusVchv5ano,Poimainō,ποιμαίνω,be shepherd
https://www.youtube.com/watch?v=lwtZW6NXZDQ,Akriboō,ἀκριβόω,ascertain precisely
https://www.youtube.com/watch?v=1UYI7myaQOE,Chronos,χρόνος,period of time; time
https://www.youtube.com/watch?v=3Xqg_FvU_XI,Poreuomai,πορεύομαι,"go, proceed"
https://www.youtube.com/watch?v=bEfb4_kTTsA,Exetazō,ἐξετάζω,examine well
https://www.youtube.com/watch?v=RMFA70Etito,Akribōs,ἀκριβῶς,"accurately, carefully"
https://www.youtube.com/watch?v=H-u0HJIiH3I,Peri,περί,"about, concerning"
https://www.youtube.com/watch?v=VKZ4W1N9RVU,Paidion,παιδίον,child
https://www.youtube.com/watch?v=bU5NC01qsNU,Apangellō,ἀπαγγέλλω,announce; report; tell
https://www.youtube.com/watch?v=6EIA7KB953k,Hopōs,ὅπως,as
https://www.youtube.com/watch?v=AOguBS5Nrek,Kagō,κἀγώ,and + I; and I
https://www.youtube.com/watch?v=2SBLkcuWr3E,Proagō,προάγω,go before; advance
https://www.youtube.com/watch?v=HEDegYVFqec,Histēmi,ἵστημι,make stand
https://www.youtube.com/watch?v=rS9-yrT7RLI,Epanō,ἐπάνω,"above, over"
https://www.youtube.com/watch?v=TO-DFmdv7S4,Hou,οὗ,where
https://www.youtube.com/watch?v=qgeghXydmGE,Chairō,χαίρω,rejoice
https://www.youtube.com/watch?v=W1L6jNyJaGE,Chara,χαρά,joy
https://www.youtube.com/watch?v=RosWH5BUT3A,Megas,μέγας,big
https://www.youtube.com/watch?v=Esco-4m9AaI,Sphodra,σφόδρα,exceedingly; very
https://www.youtube.com/watch?v=Y9E6_WJv3oo,Oikia,οἰκία,house
https://www.youtube.com/watch?v=7kPIvUXWVsI,Piptō,πίπτω,fall
https://www.youtube.com/watch?v=wSS-o8RN8YA,Anoigō,ἀνοίγω,open
https://www.youtube.com/watch?v=P15b9aag1X4,Thēsauros,θησαυρός,treasure
https://www.youtube.com/watch?v=fQhLmcTKV5A,Prospherō,προσφέρω,bring
https://www.youtube.com/watch?v=aAklC86ZVo4,Dōron,δῶρον,gift
https://www.youtube.com/watch?v=AA7i_sX2wds,Libanos,λίβανος,Lebanon; frankincense
https://www.youtube.com/watch?v=g33fpqa_8o8,Chrēmatizō,χρηματίζω,make known a divine warning
https://www.youtube.com/watch?v=xrYjx18ykDY,Anakamptō,ἀνακάμπτω,return
https://www.youtube.com/watch?v=ecQ4kCZawCw,Pros,πρός,motion from
https://www.youtube.com/watch?v=sTSpWXjgBWc,Allos,ἄλλος,alius
https://www.youtube.com/watch?v=dXzOhwrXBrA,Hodos,ὁδός,road
https://www.youtube.com/watch?v=V4NXgrtO0R8,Anachōreō,ἀναχωρέω,go away; withdraw
https://www.youtube.com/watch?v=fwRAx1bE2WI,Chōra,χώρα,district; region; land
https://www.youtube.com/watch?v=A7BUKUAzBXc,An,ἄν,(untranslated)
https://www.youtube.com/watch?v=2Tbp5TscOKk,Mellō,μέλλω,be about to
https://www.youtube.com/watch?v=Yzvkbn3MSHo,Zēteō,ζητέω,seek
https://www.youtube.com/watch?v=6cKvKr92hDE,Apollymi,ἀπόλλυμι,destroy utterly
https://www.youtube.com/watch?v=wuNo2RcmLA0,Nyx,νύξ,night
https://www.youtube.com/watch?v=Xt9LxekL9Xc,Teleutē,τελευτή,end
https://www.youtube.com/watch?v=rd-MBzUQYDk,Empaizō,ἐμπαίζω,mock at; mock
https://www.youtube.com/watch?v=xcCtOedB8QU,Thymoō,θυμόω,be angry
https://www.youtube.com/watch?v=rHwa_As5HNw,Lian,λίαν,exceedingly
https://www.youtube.com/watch?v=RrbNf2DMn5g,Apostellō,ἀποστέλλω,send away/out
https://www.youtube.com/watch?v=kZ7J0vRGhgA,Anaireō,ἀναιρέω,destroy; kill
https://www.youtube.com/watch?v=xnanvC9DT2I,Pais,παῖς,boy
https://www.youtube.com/watch?v=skePxn9sYkc,Horion,ὅριον,boundary
https://www.youtube.com/watch?v=DgsqbnQeuR0,Dietēs,διετής,of or lasting two years
https://www.youtube.com/watch?v=s68CXAPlNm8,Katōterō,κατωτέρω,"lower, below"
https://www.youtube.com/watch?v=CmWreOpG9sk,Phōnē,φωνή,sound
https://www.youtube.com/watch?v=hlOiBYuHaTc,Klauthmos,κλαυθμός,weeping
https://www.youtube.com/watch?v=_phfkim-pP8,Odyrmos,ὀδυρμός,lamentation
https://www.youtube.com/watch?v=a_XfPtpx_QU,Polys,πολύς,many
https://www.youtube.com/watch?v=v614VGr_FR0,Klaiō,κλαίω,weep
https://www.youtube.com/watch?v=bR45RITj_XE,Teknon,τέκνον,child
https://www.youtube.com/watch?v=112OA9ceVBc,Parakaleō,παρακαλέω,call to one’s side
https://www.youtube.com/watch?v=pr58ZoELsDI,Teleutaō,τελευτάω,come to an end; die
https://www.youtube.com/watch?v=op_lR_XvEQE,Thnēskō,θνῄσκω,die
https://www.youtube.com/watch?v=veIaTUbyGME,Psychē,ψυχή,departed spirit
https://www.youtube.com/watch?v=Wp0BXmrVEg8,Eiserchomai,εἰσέρχομαι,enter; come into
https://www.youtube.com/watch?v=FeLJeEYAQPo,Basileuō,βασιλεύω,be king
https://www.youtube.com/watch?v=2pQD_rp8bSg,Patēr,πατήρ,father
https://www.youtube.com/watch?v=V6zC1mkhB8I,Aperchomai,ἀπέρχομαι,depart; go away
https://www.youtube.com/watch?v=yQkQBy3gWn8,Meros,μέρος,part; share
https://www.youtube.com/watch?v=ecOImPGuoaE,Katoikeō,κατοικέω,dwell in; settle in
https://www.youtube.com/watch?v=SuS8SF2iJYM,Polis,πόλις,city
https://www.youtube.com/watch?v=klRGJzTkbZU,Ekeinos,ἐκεῖνος,person there
https://www.youtube.com/watch?v=xbOiMIIiJXc,Baptistēs,βαπτιστής,Baptist
https://www.youtube.com/watch?v=Vv0t6LvMPh0,Kēryssō,κηρύσσω,announce; proclaim
https://www.youtube.com/watch?v=3nCJZFKGtW8,Erēmos,ἔρημος,desert; desolate; wilderness
https://www.youtube.com/watch?v=Ql4C5vMOns8,Metanoeō,μετανοέω,change one’s mind; repent
https://www.youtube.com/watch?v=ZWpqiJJe5c0,Engizō,ἐγγίζω,bring near; bring up to
https://www.youtube.com/watch?v=hlahxqgyIQM,Basileia,βασιλεία,kingdom
https://www.youtube.com/watch?v=_caPaKMoa08,Ouranos,οὐρανός,heaven
https://www.youtube.com/watch?v=iCInznkbHvA,Boaō,βοάω,cry aloud
https://www.youtube.com/watch?v=DO9dvU5bK1c,Hetoimazō,ἑτοιμάζω,make or get ready
https://www.youtube.com/watch?v=PFwRK8lVYb4,Euthys,εὐθύς,immediately; at once
https://www.youtube.com/watch?v=Fwx8UMLwX9k,Endyma,ἔνδυμα,clothing; garment
https://www.youtube.com/watch?v=Ua2wE5xMZrU,Thrix,θρίξ,hair
https://www.youtube.com/watch?v=FB-QtiPqZHs,Kamēlos,κάμηλος,camel
https://www.youtube.com/watch?v=tLsAMuoLWz0,Zōnē,ζώνη,belt
https://www.youtube.com/watch?v=YCPdKZGVS0o,Dermatinos,δερμάτινος,(made of) leather
https://www.youtube.com/watch?v=QneDRm9eD20,Osphys,ὀσφῦς,loins
https://www.youtube.com/watch?v=f8--PoqClpI,Trophē,τροφή,food; provisions
https://www.youtube.com/watch?v=4VGXx03F1ro,Meli,μέλι,honey
https://www.youtube.com/watch?v=lMvZRTQjCYQ,Agrios,ἄγριος,living in the fields
https://www.youtube.com/watch?v=Pz6QR6hyfQ4,Ekporeuomai,ἐκπορεύομαι,come or go out; go out
https://www.youtube.com/watch?v=_kncx5V9RGE,Perichōros,περίχωρος,neighboring
https://www.youtube.com/watch?v=xMXDkwQz8Hw,Baptizō,βαπτίζω,baptize
https://www.youtube.com/watch?v=HIfZU-TAqsQ,Potamos,ποταμός,river
https://www.youtube.com/watch?v=rqxbKlfbQOs,Exomologeō,ἐξομολογέω,confess in full; give thanks
https://www.youtube.com/watch?v=hWcP-F-U73E,Baptisma,βάπτισμα,baptism
https://www.youtube.com/watch?v=Gk41JqIMjfM,Gennēma,γέννημα,offspring
https://www.youtube.com/watch?v=ckvk5g9uV-k,Echidna,ἔχιδνα,snake
https://www.youtube.com/watch?v=borfEiD3lJc,Hypodeiknymi,ὑποδείκνυμι,indicate; show
https://www.youtube.com/watch?v=eEX9GhqpN-w,Orgē,ὀργή,anger
https://www.youtube.com/watch?v=Slkqo_N9JuQ,Karpos,καρπός,fruit
https://www.youtube.com/watch?v=o6LDoQPjXgE,Axios,ἄξιος,corresponding; worthy
https://www.youtube.com/watch?v=3Y-9V38-RCI,Metanoia,μετάνοια,repentance
https://www.youtube.com/watch?v=QqjXsfBGrHI,Dokeō,δοκέω,seem; think; suppose
https://www.youtube.com/watch?v=dZrRGJ3o47Y,Heautou,ἑαυτοῦ,of himself; herself; itself
https://www.youtube.com/watch?v=DzdzgKBPG84,Dynamai,δύναμαι,be able
https://www.youtube.com/watch?v=VBY8372xzQ0,Lithos,λίθος,stone
https://www.youtube.com/watch?v=HiqzhxwVP3k,Ēdē,ἤδη,already; by this time
https://www.youtube.com/watch?v=wF11UWJpCyM,Axinē,ἀξίνη,axe-head
https://www.youtube.com/watch?v=PnngmWMbcQ0,Keimai,κεῖμαι,be laid
https://www.youtube.com/watch?v=hO58WpNNV54,Kalos,καλός,beautiful
https://www.youtube.com/watch?v=E6xConw6lnY,Ekkoptō,ἐκκόπτω,cut off/down; exterminate
https://www.youtube.com/watch?v=8Bg1bsjww8c,Pyr,πῦρ,fire
https://www.youtube.com/watch?v=YV2UOZI5F3o,Ballō,βάλλω,put; throw
https://www.youtube.com/watch?v=GDxXrOWUTOk,Men,μέν,and; indeed
https://www.youtube.com/watch?v=c4cSup1W2l8,Hydōr,ὕδωρ,water
https://www.youtube.com/watch?v=kFjcXHELaJs,Ischyros,ἰσχυρός,strong
https://www.youtube.com/watch?v=BGoRrn60KUU,Hikanos,ἱκανός,adequate; sufficient; enough
https://www.youtube.com/watch?v=w7M5NzDbD0Y,Hypodēma,ὑπόδημα,sandal
https://www.youtube.com/watch?v=62uja10_JS0,Bastazō,βαστάζω,bear; carry; pick up
https://www.youtube.com/watch?v=i_o4WxAHSNo,Ptyon,πτύον,winnowing shovel
https://www.youtube.com/watch?v=P0s779sNHg4,Cheir,χείρ,hand
https://www.youtube.com/watch?v=OL8p6paZTxc,Diakatharizō,διακαθαρίζω,clean out
https://www.youtube.com/watch?v=VZGlkOz9vGk,Halōn,ἅλων,threshing floor
https://www.youtube.com/watch?v=hloHIjGNZZQ,Sitos,σῖτος,corn
https://www.youtube.com/watch?v=rq3MXKH10yQ,Apothēkē,ἀποθήκη,barn; storehouse
https://www.youtube.com/watch?v=Ud7nB5Kof3M,Achyron,ἄχυρον,chaff
https://www.youtube.com/watch?v=vPYWwK4D9vY,Katakaiō,κατακαίω,burn down
https://www.youtube.com/watch?v=V3-UbxSUNAY,Asbestos,ἄσβεστος,inextinguishable
https://www.youtube.com/watch?v=F7FOYx4f-9A,Diakōlyō,διακωλύω,hinder; prevent
https://www.youtube.com/watch?v=uE15gZ788uM,Chreia,χρεία,need
https://www.youtube.com/watch?v=IniVHG2P_pw,Apokrinomai,ἀποκρίνομαι,answer; continue
https://www.youtube.com/watch?v=BmFPBkEIdEI,Aphiēmi,ἀφίημι,forgive; permit; let loose
https://www.youtube.com/watch?v=fOCfuDeTKKY,Arti,ἄρτι,just (now); at once
https://www.youtube.com/watch?v=jgEapD3pac0,Prepō,πρέπω,be clearly seen
https://www.youtube.com/watch?v=kKL81OmO3Bk,Dikaiosynē,δικαιοσύνη,justice; righteousness
https://www.youtube.com/watch?v=2PqWamA2Inc,Anabainō,ἀναβαίνω,enter; go up
https://www.youtube.com/watch?v=iD1oCG2OP1Y,Katabainō,καταβαίνω,come down; go down; descend
https://www.youtube.com/watch?v=AvmkGSO4scM,Hōsei,ὡσεί,about; like; as
https://www.youtube.com/watch?v=sYNu-IJm_Lk,Peristera,περιστερά,common pigeon or dove; dove
https://www.youtube.com/watch?v=oztYxZfYGxE,Agapētos,ἀγαπητός,beloved
https://www.youtube.com/watch?v=hFP-xZ_LIQs,Eudokeō,εὐδοκέω,be well pleased; consent
https://www.youtube.com/watch?v=3jPGlwZ0nik,Anagō,ἀνάγω,lead up
https://www.youtube.com/watch?v=Ne81XjejMMY,Peirazō,πειράζω,make proof or trial of
https://www.youtube.com/watch?v=QCLH_mFCsAE,Diabolos,διάβολος,adversary/devil
https://www.youtube.com/watch?v=D3UmzozgDWA,Nēsteuō,νηστεύω,fast
https://www.youtube.com/watch?v=p8FkSnsSee8,Tesserakonta,τεσσεράκοντα,forty
https://www.youtube.com/watch?v=-Z0dR-iHZrA,Hysteros,ὕστερος,afterwards; later; finally
https://www.youtube.com/watch?v=9ubo8KIpLpw,Peinaō,πεινάω,be hungry
https://www.youtube.com/watch?v=75kBHkXp3Y8,Proserchomai,προσέρχομαι,approach; come to
https://www.youtube.com/watch?v=_oxeLtFBXx8,Ei,εἰ,if
https://www.youtube.com/watch?v=rd08Cnud9Jk,Monos,μόνος,alone
https://www.youtube.com/watch?v=hD2zVRUun94,Anthrōpos,ἄνθρωπος,human; man; mankind
https://www.youtube.com/watch?v=rYCzkDrP1ls,Alla,ἀλλά,but
https://www.youtube.com/watch?v=JLz_nfsRlf8,Stoma,στόμα,mouth
https://www.youtube.com/watch?v=AdvdCyZ5rw4,Pterygion,πτερύγιον,edge; pinnacle; summit
https://www.youtube.com/watch?v=EG0iEDYfeQw,Hieron,ἱερόν,temple
https://www.youtube.com/watch?v=4A5W8LghKOU,Seautou,σεαυτοῦ,of yourself
https://www.youtube.com/watch?v=RJW_rqo3wfo,Katō,κάτω,below; down
https://www.youtube.com/watch?v=9tT5xqtV2Ns,Mēpote,μήποτε,lest
https://www.youtube.com/watch?v=RU1NQemkDS0,Proskoptō,προσκόπτω,strike against; stumble
https://www.youtube.com/watch?v=GM9ZvxD8Xho,Pous,πούς,foot
https://www.youtube.com/watch?v=zgC7WtFy5oo,Phēmi,φημί,declare
https://www.youtube.com/watch?v=jb6x-BMx_J0,Palin,πάλιν,again
https://www.youtube.com/watch?v=-4bxMcVQwYU,Ekpeirazō,ἐκπειράζω,tempt
https://www.youtube.com/watch?v=wO5j0ANuc08,Oros,ὄρος,mountain
https://www.youtube.com/watch?v=qxxLhB8IKJo,Hypsēlos,ὑψηλός,high
https://www.youtube.com/watch?v=QVJ_rsHsr18,Deiknymi,δείκνυμι,bring to light
https://www.youtube.com/watch?v=to9BpWEBSqs,Kosmos,κόσμος,order
https://www.youtube.com/watch?v=juSyo3CiHy8,Doxa,δόξα,glory
https://www.youtube.com/watch?v=6Pch-hVkrpQ,Didōmi,δίδωμι,give
https://www.youtube.com/watch?v=UGELaLGrjPo,Ean,ἐάν,if
https://www.youtube.com/watch?v=bI29xmTXA6c,Latreuō,λατρεύω,serve
https://www.youtube.com/watch?v=BVhsWmyIAoE,Diakoneō,διακονέω,act as go-between
https://www.youtube.com/watch?v=h2Pv0XD5dX8,Paradidōmi,παραδίδωμι,"give (over), deliver"
https://www.youtube.com/watch?v=bSTavpWZVwI,Kataleipō,καταλείπω,leave
https://www.youtube.com/watch?v=oAJKSYj5tc4,Parathalassios,παραθαλάσσιος,beside the sea; maritime
https://www.youtube.com/watch?v=VnUIWtt3-L8,Thalassa,θάλασσα,sea
https://www.youtube.com/watch?v=x1KvLyU2foI,Peran,πέραν,beyond; across
https://www.youtube.com/watch?v=_cCAeWumbRg,Ethnos,ἔθνος,nation; gentiles
https://www.youtube.com/watch?v=B_Z2bZqPZfU,Kathēmai,κάθημαι,be seated
https://www.youtube.com/watch?v=lqaluVSffSc,Skotia,σκοτία,darkness
https://www.youtube.com/watch?v=IwTWfiLCB5k,Skia,σκιά,shade; shadow
https://www.youtube.com/watch?v=T2rp_TryeRY,Thanatos,θάνατος,death
https://www.youtube.com/watch?v=qWW51v24DbM,Anatellō,ἀνατέλλω,make rise up or grow up
https://www.youtube.com/watch?v=utK7n_s7Gzg,Archō,ἄρχω,be first
https://www.youtube.com/watch?v=AIweXcXykFY,Peripateō,περιπατέω,go/walk about
https://www.youtube.com/watch?v=sDwfrI3P67A,Dyo,δύο,two
https://www.youtube.com/watch?v=NDA1NUlJSAw,Amphiblēstron,ἀμφίβληστρον,casting net
https://www.youtube.com/watch?v=6q9-vjJfpCM,Halieus,ἁλιεύς,fisher
https://www.youtube.com/watch?v=2jFni7H_fkY,Deute,δεῦτε,come here!
https://www.youtube.com/watch?v=UE7fxhOMGeE,Eutheōs,εὐθέως,at once; immediately
https://www.youtube.com/watch?v=4JfuOZJFyY4,Diktyon,δίκτυον,fishnet
https://www.youtube.com/watch?v=j2D7m10KnmA,Akoloutheō,ἀκολουθέω,come after; accompany
https://www.youtube.com/watch?v=Qg3zZKdnds4,Probainō,προβαίνω,advance; go forward; go on
https://www.youtube.com/watch?v=9OndRqyiKnk,Ekeithen,ἐκεῖθεν,from that place
https://www.youtube.com/watch?v=Lmzl_7I1viI,Ploion,πλοῖον,boat; ship
https://www.youtube.com/watch?v=POLZfOlM3Fg,Katartizō,καταρτίζω,create; establish; restore
https://www.youtube.com/watch?v=AuPNuxkIwes,Periagō,περιάγω,go about; go around
https://www.youtube.com/watch?v=uMIglgaPrFs,Didaskō,διδάσκω,teach
https://www.youtube.com/watch?v=os_5P9BTLRY,Synagōgē,συναγωγή,bringing together; uniting
https://www.youtube.com/watch?v=DtcPpKFlSVA,Euangelion,εὐαγγέλιον,good news
https://www.youtube.com/watch?v=Xll-lH-Mlgw,Therapeuō,θεραπεύω,be an attendant; serve
https://www.youtube.com/watch?v=hubqFuwTndw,Nosos,νόσος,disease
https://www.youtube.com/watch?v=Gok0bVLXleA,Malakia,μαλακία,debility
https://www.youtube.com/watch?v=98Lj024pK7s,Akoē,ἀκοή,hearing; ear
https://www.youtube.com/watch?v=YMJPEvMcyrM,Kakōs,κακῶς,bad; in an evil way; badly
https://www.youtube.com/watch?v=qLjCffUWEEg,Poikilos,ποικίλος,diversified
https://www.youtube.com/watch?v=uam_3QhkHg0,Basanos,βάσανος,severe pain; torment
https://www.youtube.com/watch?v=6TtP8HcjVI4,Synechō,συνέχω,hold together
https://www.youtube.com/watch?v=3Mb6ShO9n7U,Daimonizomai,δαιμονίζομαι,be demon-possessed
https://www.youtube.com/watch?v=H0ASuoxBjGw,Selēniazomai,σεληνιάζομαι,be moon-struck
https://www.youtube.com/watch?v=y8Nddh48vvc,Paralytikos,παραλυτικός,paralytic
https://www.youtube.com/watch?v=yyZV-lfAp9w,Ochlos,ὄχλος,crowd
https://www.youtube.com/watch?v=fujs16vVBbA,Kathizō,καθίζω,make sit down
https://www.youtube.com/watch?v=xuguNtb-8AQ,Mathētēs,μαθητής,disciple
https://www.youtube.com/watch?v=QOIbiTKYyu4,Makarios,μακάριος,blessed; happy
https://www.youtube.com/watch?v=pNS1jE3R6pM,Ptōchos,πτωχός,poor
https://www.youtube.com/watch?v=tLIK3f0vmic,Pentheō,πενθέω,"be sad, grieve"
https://www.youtube.com/watch?v=piyz9skwR-Y,Praus,πραΰς,"gentle, humble"
https://www.youtube.com/watch?v=84tXfdz0CTU,Klēronomeō,κληρονομέω,inherit
https://www.youtube.com/watch?v=I6r6WBfMp6w,Dipsaō,διψάω,be thirsty
https://www.youtube.com/watch?v=NDmwo-V-scE,Chortazō,χορτάζω,"feed, fill"
https://www.youtube.com/watch?v=HDsEop8wpls,Eleēmōn,ἐλεήμων,merciful
https://www.youtube.com/watch?v=O8NTHd--Zmg,Eleeō,ἐλεέω,have compassion/mercy
https://www.youtube.com/watch?v=E5LR07aTFM8,Katharos,καθαρός,clean; pure
https://www.youtube.com/watch?v=kWqaJ86tPm8,Kardia,καρδία,heart
https://www.youtube.com/watch?v=x9upRGn3vsw,Horaō,ὁράω,see
https://www.youtube.com/watch?v=DzBCrpiws7w,Eirēnopoios,εἰρηνοποιός,making peace
https://www.youtube.com/watch?v=7nY3WHvKHcg,Diōkō,διώκω,hasten
https://www.youtube.com/watch?v=m_Tm_EnkUlY,Heneka,ἕνεκα,because of
https://www.youtube.com/watch?v=8FdFdHr55pQ,Hotan,ὅταν,when; inasmuch as
https://www.youtube.com/watch?v=iJ14G5C5xec,Oneidizō,ὀνειδίζω,"reproach, revile"
https://www.youtube.com/watch?v=OpzpMbU8O0k,Ponēros,πονηρός,evil; bad
https://www.youtube.com/watch?v=QPgNWUPdPA8,Pseudomai,ψεύδομαι,lie; cheat; beguile
https://www.youtube.com/watch?v=EYVZHlQRLag,Agalliaō,ἀγαλλιάω,"exult, be glad"
https://www.youtube.com/watch?v=2-2FRY54xJg,Misthos,μισθός,pay; recompense
https://www.youtube.com/watch?v=VWUOqk4tZLY,Pro,πρό,before
https://www.youtube.com/watch?v=LrclVkhgTcg,Halas,ἅλας,lump of salt; salt
https://www.youtube.com/watch?v=vxn_hdhk_Tk,Mōrainō,μωραίνω,be silly; be foolish; foolish
https://www.youtube.com/watch?v=oQfUv8XZV50,Halizō,ἁλίζω,salt
https://www.youtube.com/watch?v=bfKsVHSVq60,Oudeis,οὐδείς,and not one
https://www.youtube.com/watch?v=H1YpAl7TcZg,Ischyō,ἰσχύω,be able; have power
https://www.youtube.com/watch?v=QU6kJIW-xVI,Eti,ἔτι,still; yet
https://www.youtube.com/watch?v=T--D-3A4Ask,Katapateō,καταπατέω,trample
https://www.youtube.com/watch?v=tsjLbkskfYM,Kryptō,κρύπτω,"conceal, hide"
https://www.youtube.com/watch?v=W9UC3aEtZWI,Oude,οὐδέ,and not
https://www.youtube.com/watch?v=iz9BsSS5iY4,Kaiō,καίω,burn; light; kindle
https://www.youtube.com/watch?v=qvK8BxD_8QQ,Lychnos,λύχνος,lamp
https://www.youtube.com/watch?v=9SaxVtKR2aE,Tithēmi,τίθημι,"lay, put; set"
https://www.youtube.com/watch?v=MyQqnbMBLuQ,Modios,μόδιος,bushel basket; peck measure
https://www.youtube.com/watch?v=7Q9QOhCHSZ8,Lychnia,λυχνία,lampstand
https://www.youtube.com/watch?v=BAJ6Vu1Y3Y4,Lampō,λάμπω,give light
https://www.youtube.com/watch?v=yOqukb3o2jA,Emprosthen,ἔμπροσθεν,before; in front
https://www.youtube.com/watch?v=KcuJOif9gVs,Ergon,ἔργον,work
https://www.youtube.com/watch?v=PEz0vDnu8Fc,Doxazō,δοξάζω,glorify; honor; think
https://www.youtube.com/watch?v=rwgBOPewk9k,Nomizō,νομίζω,consider; think
https://www.youtube.com/watch?v=rN_sOOSTVvA,Katalyō,καταλύω,destroy; lodge; take down
https://www.youtube.com/watch?v=5oeparORde8,Nomos,νόμος,law
https://www.youtube.com/watch?v=-xTEtbavMX0,Amēn,ἀμήν,amen
https://www.youtube.com/watch?v=hIs2QcE4ixk,Parerchomai,παρέρχομαι,go by
https://www.youtube.com/watch?v=ptYoRa-Atu0,Iōta,ἰῶτα,iota
https://www.youtube.com/watch?v=AE-fsyEtTLc,Heis,εἷς,one
https://www.youtube.com/watch?v=WwnvguB2-V0,Keraia,κεραία,"projection, hook"
https://www.youtube.com/watch?v=QRfhRTvuLGo,Lyō,λύω,loose
https://www.youtube.com/watch?v=5x7vcygp44g,Entolē,ἐντολή,command
https://www.youtube.com/watch?v=znXB2quihjA,Perisseuō,περισσεύω,abound
https://www.youtube.com/watch?v=3DuYpcLgzsc,Archaios,ἀρχαῖος,ancient; from the beginning
https://www.youtube.com/watch?v=guenp-rsdO0,Enochos,ἔνοχος,guilty; liable to; subject to
https://www.youtube.com/watch?v=z2teYi3HGLU,Krisis,κρίσις,decision; judgment
https://www.youtube.com/watch?v=Vojnu7Icjec,Orgizō,ὀργίζω,be angry
https://www.youtube.com/watch?v=uwp14wOek64,Synedrion,συνέδριον,Sanhedrin
https://www.youtube.com/watch?v=BeNBPaAw0NY,Mōros,μωρός,"foolish, stupid"
https://www.youtube.com/watch?v=FGVswlZ2rlE,Geenna,γέεννα,Gehenna
https://www.youtube.com/watch?v=u5gvQVUUoJQ,Thysiastērion,θυσιαστήριον,altar
https://www.youtube.com/watch?v=C_lJy39iHcM,Kakei,κἀκεῖ,and + there
https://www.youtube.com/watch?v=pkhcZf5Trx4,Mimnēskomai,μιμνῄσκομαι,remember
https://www.youtube.com/watch?v=wykSAV9O-rg,Tis,τὶς,anyone; some; someone
https://www.youtube.com/watch?v=iEist7vHdGY,Prōtos,πρῶτος,first
https://www.youtube.com/watch?v=5o2qpGvjKGg,Diallassomai,διαλλάσσομαι,become reconciled
https://www.youtube.com/watch?v=cgavetAHVZc,Eunoeō,εὐνοέω,be well-disposed
https://www.youtube.com/watch?v=KNQrDfY84pg,Antidikos,ἀντίδικος,accuser; enemy
https://www.youtube.com/watch?v=hxNI8R3fzPc,Tachys,ταχύς,quick
https://www.youtube.com/watch?v=K8pqCN4tMJg,Kritēs,κριτής,judge
https://www.youtube.com/watch?v=bL5dXv7jXOE,Hypēretēs,ὑπηρέτης,"helper, assistant"
https://www.youtube.com/watch?v=uhp5zKblXc0,Phylakē,φυλακή,guarding; guard
https://www.youtube.com/watch?v=MUH1_fyFUJE,Apodidōmi,ἀποδίδωμι,give
https://www.youtube.com/watch?v=IrTgT555yew,Eschatos,ἔσχατος,"farthest, last"
https://www.youtube.com/watch?v=imzMev-dhmA,Kodrantēs,κοδράντης,penny; quadrans
https://www.youtube.com/watch?v=311xYwk_oec,Moicheuō,μοιχεύω,commit adultery
https://www.youtube.com/watch?v=86Xxa8w1MIU,Blepō,βλέπω,see
https://www.youtube.com/watch?v=8oHbJE64s7k,Epithymeō,ἐπιθυμέω,desire; long for
https://www.youtube.com/watch?v=I296_lIXf3Y,Ophthalmos,ὀφθαλμός,eye
https://www.youtube.com/watch?v=N3LuMQuyBrI,Dexios,δεξιός,on the right hand or side
https://www.youtube.com/watch?v=1KwmbPzqoVQ,Skandalizō,σκανδαλίζω,cause to sin
https://www.youtube.com/watch?v=i1bKzN-fCtY,Exaireō,ἐξαιρέω,deliver; rescue
https://www.youtube.com/watch?v=RBPcrMs-VGo,Sympherō,συμφέρω,be profitable
https://www.youtube.com/watch?v=WmqLET_vIJE,Sōma,σῶμα,body
https://www.youtube.com/watch?v=T5iCOOpgKKs,Apostasion,ἀποστάσιον,abandonment; divorce
https://www.youtube.com/watch?v=NjzoPDPuc0w,Parektos,παρεκτός,apart from; except for
https://www.youtube.com/watch?v=GJGxigFJkMo,Logos,λόγος,word
https://www.youtube.com/watch?v=pkAv6Cvmehs,Porneia,πορνεία,fornication
https://www.youtube.com/watch?v=dhilnN4Oz6I,Gameō,γαμέω,marry
https://www.youtube.com/watch?v=3GlVnVbgpTc,Moichaō,μοιχάω,commit adultery
https://www.youtube.com/watch?v=R8jRE9E6bCI,Epiorkeō,ἐπιορκέω,swear falsely
https://www.youtube.com/watch?v=RMm5AtYNF8Y,Horkos,ὅρκος,oath
https://www.youtube.com/watch?v=ulhSZ16-pIw,Omnyō,ὀμνύω,swear
https://www.youtube.com/watch?v=p9Ppv-AtFM0,Holōs,ὅλως,completely
https://www.youtube.com/watch?v=GCciRtC65DU,Mēte,μήτε,and not
https://www.youtube.com/watch?v=lPrSXV-swLM,Thronos,θρόνος,"chair, throne"
https://www.youtube.com/watch?v=_uRRezPTz7E,Hypopodion,ὑποπόδιον,footstool
https://www.youtube.com/watch?v=Kzgg2efMcx8,Kephalē,κεφαλή,head
https://www.youtube.com/watch?v=g_7aZuPzg5s,Leukos,λευκός,bright; white
https://www.youtube.com/watch?v=63fgL_I34Pw,Melas,μέλας,black
https://www.youtube.com/watch?v=etKTyhrP4fc,Nai,ναί,yea
https://www.youtube.com/watch?v=hOoQwtS-nfQ,Odous,ὀδούς,tooth
https://www.youtube.com/watch?v=OY5WffJrFbw,Anthistēmi,ἀνθίστημι,oppose; resist
https://www.youtube.com/watch?v=msBgx5r70oo,Siagōn,σιαγών,cheek
https://www.youtube.com/watch?v=fl4vFLR2uxg,Krinō,κρίνω,judge; consider; separate
https://www.youtube.com/watch?v=WMnF2MW2Cxs,Chitōn,χιτών,garment worn next the skin
https://www.youtube.com/watch?v=W2R-OetfmtA,Lambanō,λαμβάνω,receive; take
https://www.youtube.com/watch?v=oyv7eUaxJgU,Himation,ἱμάτιον,"clothing, apparel"
https://www.youtube.com/watch?v=9idCAV-dERY,Angareuō,ἀγγαρεύω,press into service
https://www.youtube.com/watch?v=ulQMszF4_TA,Milion,μίλιον,(Roman) mile
https://www.youtube.com/watch?v=DmKG41TC2dQ,Aiteō,αἰτέω,ask
https://www.youtube.com/watch?v=Nnbh2sbK2PU,Daneizō,δανείζω,lend; borrow
https://www.youtube.com/watch?v=YNYGN56n8Gs,Apostrephō,ἀποστρέφω,turn
https://www.youtube.com/watch?v=T6V6aDZbLsI,Agapaō,ἀγαπάω,love
https://www.youtube.com/watch?v=kUAcuHZ_6YU,Plēsion,πλησίον,near; neighbor; close to
https://www.youtube.com/watch?v=Mpi12q11JL8,Echthros,ἐχθρός,enemy
https://www.youtube.com/watch?v=_83iGp6EnwQ,Proseuchomai,προσεύχομαι,pray
https://www.youtube.com/watch?v=JNxOqp6MrJ8,Hyper,ὑπέρ,beyond; above; over
https://www.youtube.com/watch?v=lJC9qDg15og,Hēlios,ἥλιος,sun
https://www.youtube.com/watch?v=PhMkEXkijLU,Agathos,ἀγαθός,good
https://www.youtube.com/watch?v=pedzurH-BjA,Brechō,βρέχω,get wet; rain; drench
https://www.youtube.com/watch?v=QoZb06OgdUk,Adikos,ἄδικος,crooked; unjust
https://www.youtube.com/watch?v=7oTa6A3I7Pk,Ouchi,οὐχί,not
https://www.youtube.com/watch?v=eQ8iWmRbZOw,Telōnēs,τελώνης,tax collector
https://www.youtube.com/watch?v=5HqeZAW0fis,Aspazomai,ἀσπάζομαι,greet
https://www.youtube.com/watch?v=55wAHMc11aA,Ethnikos,ἐθνικός,Gentile; pagan; unbeliever
https://www.youtube.com/watch?v=vmQcBxkgFFo,Teleios,τέλειος,having reached its end
https://www.youtube.com/watch?v=Q5uC8TKCKwQ,Ouranios,οὐράνιος,heavenly
https://www.youtube.com/watch?v=DlVxLypPLqc,Prosechō,προσέχω,care for; heed
https://www.youtube.com/watch?v=x4WD-IzxQ7c,Theaomai,θεάομαι,look on
https://www.youtube.com/watch?v=vbIG860C2gA,Ge,γέ,also; indeed; even
https://www.youtube.com/watch?v=qp7Nm_JxEx8,Eleēmosynē,ἐλεημοσύνη,"alms, charitable giving"
https://www.youtube.com/watch?v=gibKTn4ePi0,Salpizō,σαλπίζω,blow a trumpet
https://www.youtube.com/watch?v=osdJ0gFK1_A,Hōsper,ὥσπερ,as ... so
https://www.youtube.com/watch?v=df5flrdRqK0,Hypokritēs,ὑποκριτής,actor; pretender
https://www.youtube.com/watch?v=0Lp9mEe4XMk,Aristeros,ἀριστερός,left
https://www.youtube.com/watch?v=vak1LLXy0gs,Kryptos,κρυπτός,hidden
https://www.youtube.com/watch?v=i_bPi0wOq38,Phileō,φιλέω,love
https://www.youtube.com/watch?v=n1y-yzhbesc,Gōnia,γωνία,angle; corner
https://www.youtube.com/watch?v=5s2ow7Ui-FA,Plateia,πλατεῖα,street; wide road
https://www.youtube.com/watch?v=jSAnGs2JSTo,Tameion,ταμεῖον,chamber
https://www.youtube.com/watch?v=rCkO6cYxARg,Kleiō,κλείω,shut
https://www.youtube.com/watch?v=_0BQ7sSJMTw,Thyra,θύρα,door; doorway
https://www.youtube.com/watch?v=2RApMN3BmS4,Battalogeō,βατταλογέω,stammer
https://www.youtube.com/watch?v=QXoUrzoMdU4,Polylogia,πολυλογία,much speaking
https://www.youtube.com/watch?v=jvs5Hi5QbHg,Eisakouō,εἰσακούω,hear; listen; hearken
https://www.youtube.com/watch?v=Bm0wmoXqUHs,Homoioō,ὁμοιόω,become like; make like
https://www.youtube.com/watch?v=TctxjeghMv8,Oida,οἶδα,know
https://www.youtube.com/watch?v=mqvRtEiRQHA,Hagiazō,ἁγιάζω,consecrate
https://www.youtube.com/watch?v=jjFno2cbLBs,Thelēma,θέλημα,what is willed
https://www.youtube.com/watch?v=kmY8spzraQM,Epiousios,ἐπιούσιος,daily
https://www.youtube.com/watch?v=njuBKX2VrGI,Sēmeron,σήμερον,to-day
https://www.youtube.com/watch?v=YBab0Ar4cuk,Opheilēma,ὀφείλημα,debt
https://www.youtube.com/watch?v=dVyz1G-UeGI,Opheiletēs,ὀφειλέτης,debtor
https://www.youtube.com/watch?v=vElJFTxCn-U,Eispherō,εἰσφέρω,bring in
https://www.youtube.com/watch?v=Uhx4MfaNbCs,Peirasmos,πειρασμός,temptation; test; trial
https://www.youtube.com/watch?v=ez2_-iYRto0,Paraptōma,παράπτωμα,"offense, sin"
https://www.youtube.com/watch?v=UCMzKxe-6lw,Skythrōpos,σκυθρωπός,of sad countenance; sullen
https://www.youtube.com/watch?v=5KSFTcxQ8iU,Aphanizō,ἀφανίζω,be destroyed; remove; destroy
https://www.youtube.com/watch?v=a-NV3SEYOkI,Prosōpon,πρόσωπον,face
https://www.youtube.com/watch?v=ntYL22SN98o,Niptō,νίπτω,to wash
https://www.youtube.com/watch?v=-VK63D1dATY,Kryphaios,κρυφαῖος,"hidden, private"
https://www.youtube.com/watch?v=tPpcV0AflsM,Thēsaurizō,θησαυρίζω,lay up; store up; save up
https://www.youtube.com/watch?v=KOLUwZkX3rE,Hopou,ὅπου,where
https://www.youtube.com/watch?v=K1rylosmnJE,Sēs,σής,moth
https://www.youtube.com/watch?v=uNaLBGtbTAo,Brōsis,βρῶσις,eating; consuming
https://www.youtube.com/watch?v=DuLlOIzYbDE,Kleptēs,κλέπτης,thief
https://www.youtube.com/watch?v=oK2vw88wuQU,Dioryssō,διορύσσω,break in
https://www.youtube.com/watch?v=tZ4kldSA4A0,Kleptō,κλέπτω,steal
https://www.youtube.com/watch?v=AHQlNRtNBW4,Oute,οὔτε,and not
https://www.youtube.com/watch?v=_UgzPALanZI,Phōteinos,φωτεινός,"shining, bright"
https://www.youtube.com/watch?v=q4t21h7bCXc,Skoteinos,σκοτεινός,dark
https://www.youtube.com/watch?v=LCYCGYFcluk,Skotos,σκότος,darkness
https://www.youtube.com/watch?v=x9qW7Cuut7Y,Posos,πόσος,how great/many(?)
https://www.youtube.com/watch?v=4EppMECrjJA,Douleuō,δουλεύω,be a slave; serve
https://www.youtube.com/watch?v=CGcOgmHRLiE,Heteros,ἕτερος,other of two
https://www.youtube.com/watch?v=N-tj3D97eUI,Antechō,ἀντέχω,be devoted to; help
https://www.youtube.com/watch?v=vWBNXYpPANw,Kataphroneō,καταφρονέω,despise
https://www.youtube.com/watch?v=YGVWdROHu5w,Mamōnas,μαμωνᾶς,wealth; riches; money
https://www.youtube.com/watch?v=MVQiiF3O3mM,Merimnaō,μεριμνάω,be anxious
https://www.youtube.com/watch?v=OfId6DjsruI,Mēde,μηδέ,and not
https://www.youtube.com/watch?v=wVb58q0Wj1M,Peteinon,πετεινόν,able to fly; bird; winged
https://www.youtube.com/watch?v=bq07o_5l-q0,Speirō,σπείρω,sow
https://www.youtube.com/watch?v=7qHOuqq69Z8,Therizō,θερίζω,reap
https://www.youtube.com/watch?v=XsNfQF8akag,Trephō,τρέφω,"feed, nourish"
https://www.youtube.com/watch?v=ztb4J5ytC5A,Mallon,μᾶλλον,more
https://www.youtube.com/watch?v=EewJ0eVGrdU,Diapherō,διαφέρω,be worth more than
https://www.youtube.com/watch?v=9q-t7HMlzQU,Prostithēmi,προστίθημι,add to; add; increase
https://www.youtube.com/watch?v=yYoaI600qXk,Hēlikia,ἡλικία,age; maturity
https://www.youtube.com/watch?v=0GoWOpMLR0Q,Pēchys,πῆχυς,cubit
https://www.youtube.com/watch?v=x0M0SrSlNSA,Katamanthanō,καταμανθάνω,learn; observe; observe well
https://www.youtube.com/watch?v=EuPRdJPYJEc,Krinon,κρίνον,lily
https://www.youtube.com/watch?v=WPuSr_PigtM,Agros,ἀγρός,field
https://www.youtube.com/watch?v=SUrmrNLwhqA,Pōs,πῶς,how
https://www.youtube.com/watch?v=K3cDWqrLlqk,Auxanō,αὐξάνω,grow; cause to grow
https://www.youtube.com/watch?v=ZUMgZSWXr6A,Kopiaō,κοπιάω,be tired; grow weary; toil
https://www.youtube.com/watch?v=bLan0wdW3Z0,Nēthō,νήθω,spin
https://www.youtube.com/watch?v=DbtR5M_1K-U,Periballō,περιβάλλω,clothe; dress
https://www.youtube.com/watch?v=8EeIlbAw73Q,Chortos,χόρτος,"grass, hay"
https://www.youtube.com/watch?v=A9A0vyNJYz0,Aurion,αὔριον,next day; soon
https://www.youtube.com/watch?v=05WKxI41qNM,Klibanos,κλίβανος,oven
https://www.youtube.com/watch?v=xOcDqrkGCxQ,Amphiennymi,ἀμφιέννυμι,"clothe, dress"
https://www.youtube.com/watch?v=6vl0Y25jsH4,Oligopistos,ὀλιγόπιστος,of little faith
https://www.youtube.com/watch?v=Ae6jI75iwuA,Pinō,πίνω,drink
https://www.youtube.com/watch?v=62RFadN39zg,Epizēteō,ἐπιζητέω,search for; wish
https://www.youtube.com/watch?v=8ff9yHiLhsI,Chrēzō,χρῄζω,(have) need (of)
https://www.youtube.com/watch?v=k4ey11VqFus,Hapas,ἅπας,all; everything; whole
https://www.youtube.com/watch?v=_-7e3_2M970,Arketos,ἀρκετός,"enough, sufficient"
https://www.youtube.com/watch?v=DvVwr2HCd_8,Kakia,κακία,"baseness, depravity"
https://www.youtube.com/watch?v=RjV_DWyfsK4,Krima,κρίμα,judgment; condemnation
https://www.youtube.com/watch?v=8PQUHDHZS20,Metron,μέτρον,measure
https://www.youtube.com/watch?v=ZvatvUFKHgo,Metreō,μετρέω,measure in any way; measure
https://www.youtube.com/watch?v=O44Fl69rG8Q,Karphos,κάρφος,dry stalk
https://www.youtube.com/watch?v=Ympsl8iUfCU,Sos,σός,thy
https://www.youtube.com/watch?v=qUbtZzaSOdQ,Dokos,δοκός,balk; beam
https://www.youtube.com/watch?v=VPVvNZh0_hw,Katanoeō,κατανοέω,consider; contemplate
https://www.youtube.com/watch?v=-d0AYGt9EBM,Ekballō,ἐκβάλλω,drive out
https://www.youtube.com/watch?v=qQ38CwfHLHw,Diablepō,διαβλέπω,see clearly; look intently
https://www.youtube.com/watch?v=Ubwy7UYRZhM,Kyōn,κύων,dog
https://www.youtube.com/watch?v=6vI9HrKnbDI,Margaritēs,μαργαρίτης,pearl
https://www.youtube.com/watch?v=-0pEFS48NoE,Choiros,χοῖρος,pig
https://www.youtube.com/watch?v=j0Lbc_h81Lc,Krouō,κρούω,knock
https://www.youtube.com/watch?v=zozARGSRbO8,Epididōmi,ἐπιδίδωμι,give
https://www.youtube.com/watch?v=_EJO32HNDQU,Ichthys,ἰχθύς,fish
https://www.youtube.com/watch?v=JnUOK43gbTs,Hosos,ὅσος,as great as
https://www.youtube.com/watch?v=5hsQgd1QUzM,Stenos,στενός,narrow
https://www.youtube.com/watch?v=d9sFiMx6_VQ,Pylē,πύλη,door; gate; gates of a town
https://www.youtube.com/watch?v=EwMtYIlTMRg,Platys,πλατύς,broad
https://www.youtube.com/watch?v=q3PGhNHR3Ww,Eurychōros,εὐρύχωρος,"broad, spacious"
https://www.youtube.com/watch?v=2bdADAG-YGo,Apagō,ἀπάγω,lead away
https://www.youtube.com/watch?v=M8puCPx0TJ8,Apōleia,ἀπώλεια,destruction
https://www.youtube.com/watch?v=FKnP681TVKE,Zōē,ζωή,life
https://www.youtube.com/watch?v=CMe3-gfpQT4,Oligos,ὀλίγος,few
https://www.youtube.com/watch?v=IQZq1b18_NM,Pseudoprophētēs,ψευδοπροφήτης,false propet; false prophet
https://www.youtube.com/watch?v=vf-mhERB6V4,Probaton,πρόβατον,anything that walks forward
https://www.youtube.com/watch?v=UFthIa0PYM8,Esōthen,ἔσωθεν,from inside
https://www.youtube.com/watch?v=4gwEKLESSqU,Lykos,λύκος,wolf
https://www.youtube.com/watch?v=OPDWoWKHq-A,Harpax,ἅρπαξ,rapacious; robber
https://www.youtube.com/watch?v=kzNxXWR0LJk,Epiginōskō,ἐπιγινώσκω,know
https://www.youtube.com/watch?v=IbNp7khjonQ,Mēti,μήτι,marker of a question
https://www.youtube.com/watch?v=9e3v-IYgBzo,Syllegō,συλλέγω,collect
https://www.youtube.com/watch?v=8KsB1_n13ko,Akantha,ἄκανθα,thorn bush; thorn; thistle
https://www.youtube.com/watch?v=9tqWpt26yPw,Staphylē,σταφυλή,bunch of grapes
https://www.youtube.com/watch?v=TnH3dQ_noX0,Tribolos,τρίβολος,caltrop; thistle
https://www.youtube.com/watch?v=jsD6jirNsqE,Sykon,σῦκον,fig
https://www.youtube.com/watch?v=tUD0nhcp-KM,Sapros,σαπρός,bad; evil
https://www.youtube.com/watch?v=ccakKixzpCc,Ara,ἆρα,"so, then"
https://www.youtube.com/watch?v=TBpSFi4Ep8s,Prophēteuō,προφητεύω,prophesy
https://www.youtube.com/watch?v=TdQjONa5mDE,Daimonion,δαιμόνιον,daemon
https://www.youtube.com/watch?v=tgAYBSDFCbk,Dynamis,δύναμις,power
https://www.youtube.com/watch?v=NEQISF1jXwk,Homologeō,ὁμολογέω,admit; confess
https://www.youtube.com/watch?v=_kBPu8z8DCk,Oudepote,οὐδέποτε,never
https://www.youtube.com/watch?v=4qoU8_MFZ2Q,Apochōreō,ἀποχωρέω,depart; go away
https://www.youtube.com/watch?v=yHWPpawSxXM,Ergazomai,ἐργάζομαι,do; work; labour
https://www.youtube.com/watch?v=ZA3_-JV7_VY,Anomia,ἀνομία,lawlessness
https://www.youtube.com/watch?v=9-qI_F9a8Rk,Phronimos,φρόνιμος,prudent; wise
https://www.youtube.com/watch?v=KO9BSW6imxc,Oikodomeō,οἰκοδομέω,build
https://www.youtube.com/watch?v=KHRjvEguCyg,Brochē,βροχή,rain
https://www.youtube.com/watch?v=iBHvmI4KF2k,Pneō,πνέω,blow
https://www.youtube.com/watch?v=yrV7MK_CTe0,Anemos,ἄνεμος,wind
https://www.youtube.com/watch?v=U_FEqFbduqU,Prospiptō,προσπίπτω,fall down before
https://www.youtube.com/watch?v=qltVS5LWfFg,Themelioō,θεμελιόω,establish; lay the foundation
https://www.youtube.com/watch?v=WJzNrX0mFFo,Ammos,ἄμμος,sand
https://www.youtube.com/watch?v=HoBr7dEmr7A,Ptōsis,πτῶσις,fall
https://www.youtube.com/watch?v=b_odAmKrhyc,Hote,ὅτε,when
https://www.youtube.com/watch?v=ab6AHHxhiFA,Teleō,τελέω,complete
https://www.youtube.com/watch?v=pUdum7eDNUU,Ekplēssō,ἐκπλήσσω,amaze; astound
https://www.youtube.com/watch?v=rq4P85DBokw,Didachē,διδαχή,teaching
https://www.youtube.com/watch?v=kNcIRuWkLAk,Exousia,ἐξουσία,authority; power
https://www.youtube.com/watch?v=j6ubJlsE4HA,Lepros,λεπρός,leper
https://www.youtube.com/watch?v=UvsiU81eliY,Katharizō,καθαρίζω,cleanse; make clean
https://www.youtube.com/watch?v=-IT-lkqwCOk,Ekteinō,ἐκτείνω,stretch out
https://www.youtube.com/watch?v=Z-XaISbJzxU,Haptō,ἅπτω,fasten
https://www.youtube.com/watch?v=O_bvpH3HKLI,Lepra,λέπρα,leprosy
https://www.youtube.com/watch?v=mpbJ1mEpls0,Mēdeis,μηδείς,and not one
https://www.youtube.com/watch?v=PrZNFvUy_C8,Hiereus,ἱερεύς,priest
https://www.youtube.com/watch?v=PYWLqzp9jjo,Martyrion,μαρτύριον,testimony; martyrdom
https://www.youtube.com/watch?v=37R2h0gGHwg,Hekatontarchēs,ἑκατοντάρχης,centurion
https://www.youtube.com/watch?v=2FcAvnhtWo8,Deinōs,δεινῶς,dreadful; terrible
https://www.youtube.com/watch?v=L4YsfYZXni0,Basanizō,βασανίζω,torment; torture
https://www.youtube.com/watch?v=yYIj1P9sg1k,Stegē,στέγη,roof
https://www.youtube.com/watch?v=AkupGrTyQPM,Iaomai,ἰάομαι,heal
https://www.youtube.com/watch?v=L9Oz9RNCF4U,Emautou,ἐμαυτοῦ,myself
https://www.youtube.com/watch?v=bzEwnvClwHo,Stratiōtēs,στρατιώτης,soldier
https://www.youtube.com/watch?v=MKFLawatxlY,Doulos,δοῦλος,born bondman or slave
https://www.youtube.com/watch?v=MtMNgUGnNrQ,Thaumazō,θαυμάζω,be astonished; wonder; marvel
https://www.youtube.com/watch?v=IbmAL1AaYto,Tosoutos,τοσοῦτος,so great; so much; so many
https://www.youtube.com/watch?v=f5Eapq1IWrs,Pistis,πίστις,faith
https://www.youtube.com/watch?v=xe26owXV1YM,Dysmē,δυσμή,"going down, setting"
https://www.youtube.com/watch?v=bsbPNyhciL8,Hēkō,ἥκω,be present; come; have come
https://www.youtube.com/watch?v=ETv_h1AWSoI,Anaklinō,ἀνακλίνω,lay down; lean upon; recline
https://www.youtube.com/watch?v=z7SrcTRe5sQ,Exōteros,ἐξώτερος,outer
https://www.youtube.com/watch?v=XZiaqIUZWwc,Brygmos,βρυγμός,gnashing
https://www.youtube.com/watch?v=ORvaj-GbSdk,Pisteuō,πιστεύω,believe
https://www.youtube.com/watch?v=0NbxxP0tOIU,Hōra,ὥρα,any time or period; season
https://www.youtube.com/watch?v=YU91ylP_COk,Penthera,πενθερά,mother-in-law
https://www.youtube.com/watch?v=hH_CCHlTSu4,Pyressō,πυρέσσω,have a fever
https://www.youtube.com/watch?v=CPMs3YL0Ul4,Pyretos,πυρετός,burning heat
https://www.youtube.com/watch?v=e73-lgfEDn0,Astheneia,ἀσθένεια,sickness; weakness
https://www.youtube.com/watch?v=4FsHdnP5-Z4,Keleuō,κελεύω,"command, urge"
https://www.youtube.com/watch?v=eVZXrUgLv_s,Didaskalos,διδάσκαλος,teacher
https://www.youtube.com/watch?v=RQSFdnvGdlo,Alōpēx,ἀλώπηξ,fox
https://www.youtube.com/watch?v=k1y2gsxW63Q,Phōleos,φωλεός,"den, lair, hole"
https://www.youtube.com/watch?v=NgOhHS2r3LQ,Kataskēnōsis,κατασκήνωσις,encamping; nest
https://www.youtube.com/watch?v=2wW9RRHUK9w,Klinō,κλίνω,bow; incline; bend; pour out
https://www.youtube.com/watch?v=dk3o_cZGnZM,Epitrepō,ἐπιτρέπω,allow; entrust; yield
https://www.youtube.com/watch?v=CC4PePmK7DU,Thaptō,θάπτω,bury
https://www.youtube.com/watch?v=YSWNzUx6kYQ,Nekros,νεκρός,dead
https://www.youtube.com/watch?v=tDA7u4NIjcU,Embainō,ἐμβαίνω,embark
https://www.youtube.com/watch?v=2zlHdjz07XE,Seismos,σεισμός,earthquake
https://www.youtube.com/watch?v=1pa8ZEKoHI4,Hōste,ὥστε,as; as being; in order that
https://www.youtube.com/watch?v=ryUHga5qFGs,Kalyptō,καλύπτω,cover up; cover with; cover
https://www.youtube.com/watch?v=1VJ7T9DSKMI,Kyma,κῦμα,anything swoln
https://www.youtube.com/watch?v=7dreDThXiNM,Katheudō,καθεύδω,lie down to sleep
https://www.youtube.com/watch?v=WYIlDbEyUGw,Deilos,δειλός,cowardly
https://www.youtube.com/watch?v=luYAWvo4uwA,Epitimaō,ἐπιτιμάω,"rebuke, reprove"
https://www.youtube.com/watch?v=-Nna0OsMaaM,Galēnē,γαλήνη,calm
https://www.youtube.com/watch?v=k0xKPYWv-no,Potapos,ποταπός,from what country
https://www.youtube.com/watch?v=xCjU1iZ4A_M,Hypakouō,ὑπακούω,listen
https://www.youtube.com/watch?v=PdsBz0uHsiA,Hypantaō,ὑπαντάω,come or go to meet; meet
https://www.youtube.com/watch?v=hicClnP06Fs,Mnēmeion,μνημεῖον,memorial; remembrance
https://www.youtube.com/watch?v=IIs4dJl2B0M,Chalepos,χαλεπός,difficult; cruel
https://www.youtube.com/watch?v=aAP_aB1PVXg,Krazō,κράζω,cry aloud; scream; cry
https://www.youtube.com/watch?v=eKvraBwY-bQ,Kairos,καιρός,time; period
https://www.youtube.com/watch?v=eiY0eljO20A,Makran,μακράν,far (away)
https://www.youtube.com/watch?v=vIRp07TaAoA,Agelē,ἀγέλη,herd
https://www.youtube.com/watch?v=vJWQ1XfoO7o,Boskō,βόσκω,feed
https://www.youtube.com/watch?v=JB_kEtIdLzo,Daimōn,δαίμων,God
https://www.youtube.com/watch?v=IG2uUZfqg7Y,Hormaō,ὁρμάω,rush (headlong)
https://www.youtube.com/watch?v=_wegow8KOU0,Krēmnos,κρημνός,overhanging bank
https://www.youtube.com/watch?v=TUJxBtlusyA,Apothnēskō,ἀποθνῄσκω,die
https://www.youtube.com/watch?v=eSP1Ef-xzmI,Hypantēsis,ὑπάντησις,coming to meet
https://www.youtube.com/watch?v=u_pW33SDllk,Metabainō,μεταβαίνω,depart; pass; leave
https://www.youtube.com/watch?v=QYboEHelyZc,Diaperaō,διαπεράω,cross (over)
https://www.youtube.com/watch?v=kRUHaAMVLM4,Idios,ἴδιος,one’s own
https://www.youtube.com/watch?v=aV5IgAcMepc,Klinē,κλίνη,"bed, couch"
https://www.youtube.com/watch?v=HHbIjARsw_Q,Tharseō,θαρσέω,be enheartened
https://www.youtube.com/watch?v=b-2VdXoY1Uc,Blasphēmeō,βλασφημέω,drop evil or profane words
https://www.youtube.com/watch?v=bRGXKXdTe6Y,Enthymēsis,ἐνθύμησις,"thought, idea"
https://www.youtube.com/watch?v=jQ3x3Dy-3RA,Hinati,ἱνατί,why
https://www.youtube.com/watch?v=BZsD1F1FcaE,Eukopos,εὔκοπος,easy
https://www.youtube.com/watch?v=Gf057FMPqrk,Oikos,οἶκος,house
https://www.youtube.com/watch?v=6wiggGbFXgQ,Toioutos,τοιοῦτος,of such a kind
https://www.youtube.com/watch?v=kYTt3anRWKw,Paragō,παράγω,go away; bring in
https://www.youtube.com/watch?v=qhwRCxQqA98,Telōnion,τελώνιον,tax booth
https://www.youtube.com/watch?v=dL5EFxXLOlE,Anistēmi,ἀνίστημι,make stand up
https://www.youtube.com/watch?v=j3HVcKIBVaI,Anakeimai,ἀνάκειμαι,recline
https://www.youtube.com/watch?v=FbYfMdI0YR8,Hamartōlos,ἁμαρτωλός,sinful
https://www.youtube.com/watch?v=BEOESPfvX2o,Synanakeimai,συνανάκειμαι,eat with
https://www.youtube.com/watch?v=4-MBfMQs-20,Iatros,ἰατρός,physician
https://www.youtube.com/watch?v=uTAAkg6BeN4,Manthanō,μανθάνω,learn
https://www.youtube.com/watch?v=zPHDrs4xQ_M,Thysia,θυσία,offering; sacrifice
https://www.youtube.com/watch?v=vCktqM3c1rI,Nymphōn,νυμφών,bridal chamber
https://www.youtube.com/watch?v=-Pc7OPRPzxc,Nymphios,νυμφίος,bridegroom
https://www.youtube.com/watch?v=XQzXf3gj4Wg,Apairō,ἀπαίρω,take away
https://www.youtube.com/watch?v=5Buxw-eSzro,Epiballō,ἐπιβάλλω,begin; throw upon; lay on
https://www.youtube.com/watch?v=UNz-QvjrHXQ,Epiblēma,ἐπίβλημα,housecoat; négligé
https://www.youtube.com/watch?v=Z-FZyZpdVwc,Agnaphos,ἄγναφος,new; unshrunken
https://www.youtube.com/watch?v=4UdLJMoCepI,Palaios,παλαιός,old
https://www.youtube.com/watch?v=4Hxfd7eLQnE,Plērōma,πλήρωμα,full measure; fullness
https://www.youtube.com/watch?v=MDzA7zZ6868,Cheirōn,χείρων,worse
https://www.youtube.com/watch?v=Lrf17MOQ1ec,Schisma,σχίσμα,division
https://www.youtube.com/watch?v=VefUEErYPBs,Oinos,οἶνος,wine
https://www.youtube.com/watch?v=2U33Wma1bqA,Neos,νέος,new
https://www.youtube.com/watch?v=nXRzn2weVio,Askos,ἀσκός,bag; wine-skin
https://www.youtube.com/watch?v=Dl8K1q-wE5k,Ekcheō,ἐκχέω,pour out
https://www.youtube.com/watch?v=Ygbt1Ytete8,Kainos,καινός,new
https://www.youtube.com/watch?v=dvb87zH9U1s,Amphoteroi,ἀμφότεροι,both
https://www.youtube.com/watch?v=szux4lIpbtw,Syntēreō,συντηρέω,keep; observe
https://www.youtube.com/watch?v=eIwM8hFwePI,Laleō,λαλέω,sound; talk
https://www.youtube.com/watch?v=CtoBwY6N4So,Archōn,ἄρχων,ruler
https://www.youtube.com/watch?v=QAh4X7xDFv4,Thygatēr,θυγάτηρ,daughter
https://www.youtube.com/watch?v=g8wvCSnjX5g,Epitithēmi,ἐπιτίθημι,lay
https://www.youtube.com/watch?v=u_S6UfDOge4,Haimorroeō,αἱμορροέω,have a discharge of blood
https://www.youtube.com/watch?v=r1FNmW2SlyM,Dōdeka,δώδεκα,twelve
https://www.youtube.com/watch?v=gmpsbiBwBfM,Etos,ἔτος,year
https://www.youtube.com/watch?v=xqe6F3Jg5hw,Opisthen,ὄπισθεν,after; behind; from behind
https://www.youtube.com/watch?v=9JpWtvh0j6E,Kraspedon,κράσπεδον,edge; border
https://www.youtube.com/watch?v=cm0xrMST2FY,Aulētēs,αὐλητής,flute player
https://www.youtube.com/watch?v=KecdGD3Y40c,Thorybeō,θορυβέω,make a noise or uproar
https://www.youtube.com/watch?v=0uakLO2NbUc,Korasion,κοράσιον,girl; (little) girl
https://www.youtube.com/watch?v=sg_skQHWE9w,Katagelaō,καταγελάω,"laugh at, ridicule"
https://www.youtube.com/watch?v=QoTVHh7j2nI,Krateō,κρατέω,attain; hold
https://www.youtube.com/watch?v=5Es_S3KmNXA,Phēmē,φήμη,"report, news"
https://www.youtube.com/watch?v=1cUq9A2Ejx4,Typhlos,τυφλός,blind
https://www.youtube.com/watch?v=frhMriGJz5I,Embrimaomai,ἐμβριμάομαι,be deeply moved
https://www.youtube.com/watch?v=CKVD1IYWTJ0,Diaphēmizō,διαφημίζω,make generally known
https://www.youtube.com/watch?v=nRTLxa18HVo,Kōphos,κωφός,blunt
https://www.youtube.com/watch?v=dq452SdxFPo,Kōmē,κώμη,village
https://www.youtube.com/watch?v=Elu0wTBYjuI,Splanchnizomai,σπλαγχνίζομαι,feel compassion
https://www.youtube.com/watch?v=ZiuCyQPEMYw,Poimēn,ποιμήν,shepherd
https://www.youtube.com/watch?v=lpd_FOmCMww,Therismos,θερισμός,harvest
https://www.youtube.com/watch?v=KHWesvw3pO4,Ergatēs,ἐργάτης,worker
https://www.youtube.com/watch?v=y51G39x3Wc4,Deomai,δέομαι,ask
https://www.youtube.com/watch?v=_7QHYP8yZ8A,Proskaleō,προσκαλέω,call to; summon
https://www.youtube.com/watch?v=AyGJ6AR1esU,Akathartos,ἀκάθαρτος,impure; uncleansed
https://www.youtube.com/watch?v=Oz_CN5860cc,Apostolos,ἀπόστολος,apostle
https://www.youtube.com/watch?v=qznQBie5tY8,Parangellō,παραγγέλλω,command; give orders
https://www.youtube.com/watch?v=IGl7a-J_Gkg,Astheneō,ἀσθενέω,be sick/weak
https://www.youtube.com/watch?v=9wjsCS1mWuY,Dōrean,δωρεάν,as a gift; freely
https://www.youtube.com/watch?v=jt9pC5NiYPU,Ktaomai,κτάομαι,acquire
https://www.youtube.com/watch?v=V7lPki3DVs4,Argyros,ἄργυρος,silver
https://www.youtube.com/watch?v=VNKwFcGa65s,Chalkos,χαλκός,"brass, bronze"
https://www.youtube.com/watch?v=3ZgmGlBBwmA,Pēra,πήρα,knapsack
https://www.youtube.com/watch?v=Q2DDxYGZ5mQ,Eirēnē,εἰρήνη,peace
https://www.youtube.com/watch?v=V1kpKgbhIdw,Epistrephō,ἐπιστρέφω,turn about
https://www.youtube.com/watch?v=Frglf80RWW4,Dechomai,δέχομαι,receive; accept; take
https://www.youtube.com/watch?v=a-0AlI-lFwA,Ektinassō,ἐκτινάσσω,shake off/out
https://www.youtube.com/watch?v=bgBJ4khTFzw,Koniortos,κονιορτός,cloud of dust
https://www.youtube.com/watch?v=AHdJuqYzSG0,Anektos,ἀνεκτός,bearable
https://www.youtube.com/watch?v=7Bk1jpb_WDs,Mesos,μέσος,middle
https://www.youtube.com/watch?v=QSU3H4eHJeQ,Akeraios,ἀκέραιος,"pure, innocent"
https://www.youtube.com/watch?v=QlODhuZ1esI,Mastigoō,μαστιγόω,flog; whip
https://www.youtube.com/watch?v=F7noAiZ25ek,Agō,ἄγω,bring; lead; lead or carry
https://www.youtube.com/watch?v=s6-rsGMtpkM,Epanistēmi,ἐπανίστημι,rise up against; rise
https://www.youtube.com/watch?v=c_c0Hf0PasQ,Goneus,γονεύς,parent
https://www.youtube.com/watch?v=1h_a_8EmdnE,Thanatoō,θανατόω,put to death
https://www.youtube.com/watch?v=Qr4BGngxntE,Telos,τέλος,end
https://www.youtube.com/watch?v=HFtotegcmeU,Oikodespotēs,οἰκοδεσπότης,master of the house
https://www.youtube.com/watch?v=QGvcNHcX2us,Epikaleō,ἐπικαλέω,call upon; call
https://www.youtube.com/watch?v=QXEXNt0CAiw,Oikiakos,οἰκιακός,member of a household
https://www.youtube.com/watch?v=ixRVuVzWalM,Apokalyptō,ἀποκαλύπτω,reveal
https://www.youtube.com/watch?v=bfxgM3cuN6Q,Ous,οὖς,auris
https://www.youtube.com/watch?v=1Ubwec6BY0s,Dōma,δῶμα,house
https://www.youtube.com/watch?v=jwxKBGVlz3I,Apokteinō,ἀποκτείνω,kill
https://www.youtube.com/watch?v=nVQCCgPMyio,Strouthion,στρουθίον,sparrow
https://www.youtube.com/watch?v=r1BPZ_sNkto,Assarion,ἀσσάριον,assarion; penny
https://www.youtube.com/watch?v=9mgPGXmZ2Aw,Pōleō,πωλέω,sell
https://www.youtube.com/watch?v=pT-B-gljBH4,Aneu,ἄνευ,without
https://www.youtube.com/watch?v=40gi-3rB11U,Arithmeō,ἀριθμέω,count
https://www.youtube.com/watch?v=DAK7uEitY8I,Arneomai,ἀρνέομαι,deny
https://www.youtube.com/watch?v=Ihg-LmoN3H0,Machaira,μάχαιρα,large knife or dirk
https://www.youtube.com/watch?v=gQDrzq3SsRo,Dichazō,διχάζω,bisect
https://www.youtube.com/watch?v=SAEBirImaxk,Stauros,σταυρός,cross
https://www.youtube.com/watch?v=Nk19rTKPH30,Potizō,ποτίζω,give to drink
https://www.youtube.com/watch?v=KMOp9ZlhSVw,Mikros,μικρός,little; small
https://www.youtube.com/watch?v=jSFN888A6lY,Potērion,ποτήριον,cup
https://www.youtube.com/watch?v=f7_-C0t7UQ8,Psychros,ψυχρός,cold
https://www.youtube.com/watch?v=WiBX_uovqwM,Diatassō,διατάσσω,appoint
https://www.youtube.com/watch?v=F31itlDEg0E,Desmōtērion,δεσμωτήριον,prison
https://www.youtube.com/watch?v=XOEFLSiKF5g,Prosdokaō,προσδοκάω,expect; look for
https://www.youtube.com/watch?v=jA5s7bMikoU,Anablepō,ἀναβλέπω,look up
https://www.youtube.com/watch?v=qZEppm17jN4,Chōlos,χωλός,lame
https://www.youtube.com/watch?v=rLEt4rtsDBs,Euangelizō,εὐαγγελίζω,bring good news
https://www.youtube.com/watch?v=acVuDnLRwr4,Kalamos,κάλαμος,reed
https://www.youtube.com/watch?v=QzYcN6CF1ls,Saleuō,σαλεύω,shake
https://www.youtube.com/watch?v=OLMW6BgjQo8,Malakos,μαλακός,fresh-ploughed
https://www.youtube.com/watch?v=YA64zRKz9UA,Phoreō,φορέω,bear or carry constantly
https://www.youtube.com/watch?v=konS9LNaXUE,Perissoteros,περισσότερος,even more; more; greater
https://www.youtube.com/watch?v=CJQ2szKSbEc,Kataskeuazō,κατασκευάζω,build; construct; make
https://www.youtube.com/watch?v=JMyLG65DetU,Gennētos,γεννητός,born
https://www.youtube.com/watch?v=cUyDjQgzfGU,Biazō,βιάζω,constrain
https://www.youtube.com/watch?v=vPBUWH27kkI,Biastēs,βιαστής,violent (person)
https://www.youtube.com/watch?v=R0_vVHnm3Kc,Harpazō,ἁρπάζω,seize; snatch away
https://www.youtube.com/watch?v=_jBDTZcRhdM,Homoios,ὅμοιος,like
https://www.youtube.com/watch?v=0ZHQJGnKpsY,Agora,ἀγορά,market place
https://www.youtube.com/watch?v=OysDwLynfOQ,Prosphōneō,προσφωνέω,call or speak to
https://www.youtube.com/watch?v=81F1Uw6r7f8,Auleō,αὐλέω,play the flute
https://www.youtube.com/watch?v=Cc43ZT6TOww,Orcheomai,ὀρχέομαι,dance
https://www.youtube.com/watch?v=zc32sad2gBk,Thrēneō,θρηνέω,mourn
https://www.youtube.com/watch?v=KfIE5HMLpaM,Koptō,κόπτω,cut (off); beat
https://www.youtube.com/watch?v=FdqEUFGGvDE,Phagos,φάγος,glutton
https://www.youtube.com/watch?v=EE06NbEjueg,Oinopotēs,οἰνοπότης,drunkard
https://www.youtube.com/watch?v=4wEKIrO_83Y,Dikaioō,δικαιόω,justify; declare righteous
https://www.youtube.com/watch?v=h6cgN-muvLc,Sophia,σοφία,skill
https://www.youtube.com/watch?v=FcVwO2mIciI,Ouai,οὐαί,woe
https://www.youtube.com/watch?v=n3u2j06S4sA,Palai,πάλαι,long ago
https://www.youtube.com/watch?v=wMckqvGXJs8,Spodos,σποδός,ashes
https://www.youtube.com/watch?v=PmYVU-Txk9Y,Plēn,πλήν,but; more than; and so except
https://www.youtube.com/watch?v=jqLKIMTu-SA,Hadēs,ᾅδης,Hades
https://www.youtube.com/watch?v=b_gVtstNE6E,Mechri,μέχρι,as far as
https://www.youtube.com/watch?v=gqtVxEbXqho,Sophos,σοφός,"clever, wise"
https://www.youtube.com/watch?v=whpAdawiDjs,Synetos,συνετός,intelligent
https://www.youtube.com/watch?v=cXp8yZQORuU,Nēpios,νήπιος,child
https://www.youtube.com/watch?v=NEovRBvsEds,Eudokia,εὐδοκία,good pleasure; pleasing
https://www.youtube.com/watch?v=WBN9gPjmzXk,Phortizō,φορτίζω,load
https://www.youtube.com/watch?v=gHIl61b4bD4,Anapauō,ἀναπαύω,make cease
https://www.youtube.com/watch?v=S_kF0tlKgzw,Zygos,ζυγός,yoke
https://www.youtube.com/watch?v=ij8zUGXvl5U,Tapeinos,ταπεινός,humble
https://www.youtube.com/watch?v=U86OudDAW6Y,Anapausis,ἀνάπαυσις,repose; rest
https://www.youtube.com/watch?v=3Ljtx1DZ_Qc,Chrēstos,χρηστός,easy; fine; reputable
https://www.youtube.com/watch?v=36Gia2BFG2U,Phortion,φορτίον,burden; load
https://www.youtube.com/watch?v=SD7sVEoxThQ,Elaphros,ἐλαφρός,light in weight; nimble
https://www.youtube.com/watch?v=Y5g3gkvGTZo,Sabbaton,σάββατον,Sabbath
https://www.youtube.com/watch?v=YkysIcRzROQ,Sporimos,σπόριμος,fit for sowing
https://www.youtube.com/watch?v=Pn64SY6NtHc,Tillō,τίλλω,pluck or pull out
https://www.youtube.com/watch?v=xhXjt_J2vWs,Stachys,στάχυς,ear of corn
https://www.youtube.com/watch?v=xZYD7uBTXPE,Exestin,ἔξεστιν,be authorized; be permitted
https://www.youtube.com/watch?v=0_XW3Rje8Ac,Anaginōskō,ἀναγινώσκω,read
https://www.youtube.com/watch?v=UsZFK0HtsVE,Prothesis,πρόθεσις,placing in public; plan
https://www.youtube.com/watch?v=ZiolGY_dMh4,Bebēloō,βεβηλόω,desecrate
https://www.youtube.com/watch?v=3s3TK9UsYt0,Anaitios,ἀναίτιος,guiltless; innocent
https://www.youtube.com/watch?v=_p1CHghLjsE,Katadikazō,καταδικάζω,condemn
https://www.youtube.com/watch?v=BLMWirMHe6E,Xēros,ξηρός,dry; land; dry ground
https://www.youtube.com/watch?v=4Vd8gOiAzxo,Eperōtaō,ἐπερωτάω,ask
https://www.youtube.com/watch?v=URFRyFHX45k,Katēgoreō,κατηγορέω,accuse
https://www.youtube.com/watch?v=JM9GcVh05ow,Empiptō,ἐμπίπτω,"fall (in, into)"
https://www.youtube.com/watch?v=1F1q5-5LaA8,Bothynos,βόθυνος,hole; pit
https://www.youtube.com/watch?v=qeJLqCRX9c0,Kalōs,καλῶς,well; rightly
https://www.youtube.com/watch?v=n7XeUiVBzpQ,Apokathistēmi,ἀποκαθίστημι,re-establish; restore
https://www.youtube.com/watch?v=Jn0jZ68AKME,Hygiēs,ὑγιής,"healthy, sound"
https://www.youtube.com/watch?v=hei4xCEz-wo,Symboulion,συμβούλιον,consultation; meeting
https://www.youtube.com/watch?v=uN1IVgDlWAE,Phaneros,φανερός,"visible, clear"
https://www.youtube.com/watch?v=0bYbbsNoJqY,Hairetizō,αἱρετίζω,choose
https://www.youtube.com/watch?v=xr_nu0UUwg8,Erizō,ἐρίζω,quarrel
https://www.youtube.com/watch?v=-sHcj5NBzR4,Kraugazō,κραυγάζω,cry (out)
https://www.youtube.com/watch?v=AnKEpoINZ7w,Syntribō,συντρίβω,crush; break
https://www.youtube.com/watch?v=xTPh9e4nimg,Katagnymi,κατάγνυμι,break
https://www.youtube.com/watch?v=4zczeDVDf-s,Linon,λίνον,anything made of flax
https://www.youtube.com/watch?v=nJzIjIbB7m0,Typhō,τύφω,"smoke, smolder"
https://www.youtube.com/watch?v=-C2oBrkzf3s,Sbennymi,σβέννυμι,extinguish; quench; put out
https://www.youtube.com/watch?v=upV2dWx_JOY,Elpizō,ἐλπίζω,hope; expect; hope for
https://www.youtube.com/watch?v=WZWb_TwDqHY,Existēmi,ἐξίστημι,amaze; astound; astonish
https://www.youtube.com/watch?v=j-U18_boRIs,Merizō,μερίζω,divide; deal out; apportion
https://www.youtube.com/watch?v=9R5GPFsyxbA,Erēmoō,ἐρημόω,"lay waste, depopulate"
https://www.youtube.com/watch?v=hz77d35fPe8,Phthanō,φθάνω,come before; overtake
https://www.youtube.com/watch?v=ZeANmmTztuY,Skeuos,σκεῦος,object; vessel
https://www.youtube.com/watch?v=UmN7pZGAfmo,Deō,δέω,bind
https://www.youtube.com/watch?v=uOuRNi6kg3s,Diarpazō,διαρπάζω,plunder thoroughly
https://www.youtube.com/watch?v=KtNPKz9T5T4,Skorpizō,σκορπίζω,"scatter, disperse"
https://www.youtube.com/watch?v=kc574Qb4lgM,Blasphēmia,βλασφημία,blasphemy; profane speech
https://www.youtube.com/watch?v=5ZsQzgHQXFg,Perisseuma,περίσσευμα,abundance
https://www.youtube.com/watch?v=SvHrUUu-LeI,Argos,ἀργός,idle; lazy; inactive
https://www.youtube.com/watch?v=JP8QMooImbY,Sēmeion,σημεῖον,sign
https://www.youtube.com/watch?v=B35EpBOKPRg,Moichalis,μοιχαλίς,adulteress
https://www.youtube.com/watch?v=JvXzJENuXIQ,Treis,τρεῖς,three
https://www.youtube.com/watch?v=pm5wfQv31aE,Katakrinō,κατακρίνω,condemn
https://www.youtube.com/watch?v=3zJgs-drKB4,Kērygma,κήρυγμα,proclamation
https://www.youtube.com/watch?v=s5C3ZDUIWp4,Basilissa,βασίλισσα,queen
https://www.youtube.com/watch?v=f1RvVqlH38Q,Notos,νότος,south (wind)
https://www.youtube.com/watch?v=1KA5UiblB08,Dierchomai,διέρχομαι,go (through)
https://www.youtube.com/watch?v=1cuxhag2uU8,Anydros,ἄνυδρος,waterless
https://www.youtube.com/watch?v=rYS5i-WFf2c,Hothen,ὅθεν,from where
https://www.youtube.com/watch?v=BujF85S_i0s,Scholazō,σχολάζω,be devoted to/busy with
https://www.youtube.com/watch?v=1OfwW28yDHs,Saroō,σαρόω,sweep
https://www.youtube.com/watch?v=abqbf_K_-To,Kosmeō,κοσμέω,adorn; make neat; decorate
https://www.youtube.com/watch?v=Gc3OOy5lReY,Hepta,ἑπτά,seven
https://www.youtube.com/watch?v=3Adbj5BZDEY,Adelphē,ἀδελφή,fellow believer; sister
https://www.youtube.com/watch?v=7ymIXPkCeTw,Aigialos,αἰγιαλός,sea-shore
https://www.youtube.com/watch?v=8yKNpzEYEJI,Parabolē,παραβολή,parable
https://www.youtube.com/watch?v=2-g9IZ25Wgs,Katesthiō,κατεσθίω,eat up
https://www.youtube.com/watch?v=Lp9ISIo1G4s,Petrōdēs,πετρώδης,rocky (ground)
https://www.youtube.com/watch?v=f9cjFWZVxco,Exanatellō,ἐξανατέλλω,cause to spring up
https://www.youtube.com/watch?v=Yb-9E4_vpAw,Bathos,βάθος,depth
https://www.youtube.com/watch?v=sRuq7blKoQ8,Kaumatizō,καυματίζω,burn up
https://www.youtube.com/watch?v=_t5-ZgT9Law,Xērainō,ξηραίνω,dry out; dry up
https://www.youtube.com/watch?v=eZfXHenRIeE,Pnigō,πνίγω,choke; drown
https://www.youtube.com/watch?v=wAciFco4bHE,Hekaton,ἑκατόν,hundred
https://www.youtube.com/watch?v=o5uL1Uqw3j8,Hexēkonta,ἑξήκοντα,sixty
https://www.youtube.com/watch?v=4cmFFEyu7SU,Triakonta,τριάκοντα,thirty
https://www.youtube.com/watch?v=VUuSs_79m0I,Mystērion,μυστήριον,mystery
https://www.youtube.com/watch?v=0fBAlQONgHk,Syniēmi,συνίημι,bring or set together
https://www.youtube.com/watch?v=rOQZa1MupyI,Anaplēroō,ἀναπληρόω,fill up; complete
https://www.youtube.com/watch?v=Scq_XTqLzng,Prophēteia,προφητεία,prophecy
https://www.youtube.com/watch?v=QGKEw3_BlW8,Pachynō,παχύνω,fatten; grow fat; thicken
https://www.youtube.com/watch?v=8rzMVXjMFqw,Bareōs,βαρέως,heavy; with difficulty
https://www.youtube.com/watch?v=pDrmZQJUwiA,Kammyō,καμμύω,close (the eyes)
https://www.youtube.com/watch?v=udh7N5Ige2s,Proskairos,πρόσκαιρος,temporary
https://www.youtube.com/watch?v=qbhk6qXJv-w,Thlipsis,θλῖψις,affliction; distress
https://www.youtube.com/watch?v=03MgbPy3oss,Diōgmos,διωγμός,persecution
https://www.youtube.com/watch?v=5kNsiu3VNz0,Merimna,μέριμνα,"anxiety, care"
https://www.youtube.com/watch?v=kMA2e5_RvFo,Apatē,ἀπάτη,deceit; trick
https://www.youtube.com/watch?v=17vbwPtiwJU,Ploutos,πλοῦτος,riches; wealth
https://www.youtube.com/watch?v=UkMFF5bNATw,Sympnigō,συμπνίγω,choke; crowd around
https://www.youtube.com/watch?v=u4VdHNua1qg,Akarpos,ἄκαρπος,barren; fruitless; unfruitful
https://www.youtube.com/watch?v=vwIXGuotX4Q,Sperma,σπέρμα,seed
https://www.youtube.com/watch?v=2nOrhOu7CTY,Epispeirō,ἐπισπείρω,sow afterward
https://www.youtube.com/watch?v=K_dDNhQIs2w,Zizanion,ζιζάνιον,darnel
https://www.youtube.com/watch?v=Pjgj0u9AQFU,Ana,ἀνά,among
https://www.youtube.com/watch?v=lufAnZUEYBk,Blastanō,βλαστάνω,bud; sprout; grow
https://www.youtube.com/watch?v=0oiYniTSOJI,Pothen,πόθεν,from where
https://www.youtube.com/watch?v=uAE8-I0rcNk,Ekrizoō,ἐκριζόω,root out
https://www.youtube.com/watch?v=EChtnujD7kc,Hama,ἅμα,at once
https://www.youtube.com/watch?v=cJWpnMn-D8U,Synauxanō,συναυξάνω,grow together
https://www.youtube.com/watch?v=UsqWpvdWNf8,Theristēs,θεριστής,reaper
https://www.youtube.com/watch?v=SS6ftN-4K8A,Desmē,δέσμη,bundle
https://www.youtube.com/watch?v=MxdLaetLpP8,Kokkos,κόκκος,grain; scarlet; seed
https://www.youtube.com/watch?v=Wt2z8iz9myU,Sinapi,σίναπι,mustard
https://www.youtube.com/watch?v=a8Ay7vTOV8M,Lachanon,λάχανον,garden-herbs
https://www.youtube.com/watch?v=naJj-cFh7-Y,Kataskēnoō,κατασκηνόω,dwell; encamp
https://www.youtube.com/watch?v=C64IFvtJyWw,Klados,κλάδος,branch
https://www.youtube.com/watch?v=eK3YXsennh8,Zymē,ζύμη,leaven
https://www.youtube.com/watch?v=YKOLJNByQm0,Enkryptō,ἐγκρύπτω,hide
https://www.youtube.com/watch?v=sxsYjdDCxn8,Aleuron,ἄλευρον,meal; wheat flour
https://www.youtube.com/watch?v=Sf0oBMZ5iKk,Ereugomai,ἐρεύγομαι,proclaim; utter
https://www.youtube.com/watch?v=V3PGFkt8tZk,Synteleia,συντέλεια,"completion, end"
https://www.youtube.com/watch?v=v9U5-FifYQk,Skandalon,σκάνδαλον,cause for stumbling
https://www.youtube.com/watch?v=u3TsPGnLmQo,Kaminos,κάμινος,furnace
https://www.youtube.com/watch?v=TbpnoUvnW4s,Eklampō,ἐκλάμπω,shine (out)
https://www.youtube.com/watch?v=F-BXuGgmeBM,Agorazō,ἀγοράζω,buy
https://www.youtube.com/watch?v=sT1fYp6gkaA,Emporos,ἔμπορος,merchant
https://www.youtube.com/watch?v=R8AoGmSGLi8,Polytimos,πολύτιμος,very precious
https://www.youtube.com/watch?v=7DbOlNNEE4A,Pipraskō,πιπράσκω,sell
https://www.youtube.com/watch?v=qXc5hoVHb4M,Sagēnē,σαγήνη,large drag-net for taking fish
https://www.youtube.com/watch?v=bvRxRU0ldC0,Genos,γένος,descendant; family
https://www.youtube.com/watch?v=dq4H9qYkQcM,Anabibazō,ἀναβιβάζω,bring up
https://www.youtube.com/watch?v=84B2y8u0N0I,Angos,ἄγγος,container; vessel
https://www.youtube.com/watch?v=z6Nc1lmT4Ng,Aphorizō,ἀφορίζω,mark off
https://www.youtube.com/watch?v=keIVpbeVsPg,Mathēteuō,μαθητεύω,be a disciple
https://www.youtube.com/watch?v=Twzy5IO0deA,Metairō,μεταίρω,go away
https://www.youtube.com/watch?v=hQ0H9ZFllDQ,Patris,πατρίς,fatherland
https://www.youtube.com/watch?v=3fX7WWa2k3Q,Tektōn,τέκτων,any worker in wood
https://www.youtube.com/watch?v=BgKn4iaw83c,Atimos,ἄτιμος,dishonored
https://www.youtube.com/watch?v=0xA1bRDST1w,Apistia,ἀπιστία,distrust; unbelief
https://www.youtube.com/watch?v=npfRMv9EVNU,Tetraarchēs,τετραάρχης,tetrach; tetrarch
https://www.youtube.com/watch?v=mwDGFUgQQm4,Energeō,ἐνεργέω,produce; work; be in action
https://www.youtube.com/watch?v=NEnmpPRcV1g,Apotithēmi,ἀποτίθημι,lay aside; take off
https://www.youtube.com/watch?v=snsejSvFoT0,Genesia,γενέσια,birthday celebration
https://www.youtube.com/watch?v=Qf2nDZWFuPI,Areskō,ἀρέσκω,make good
https://www.youtube.com/watch?v=xNHjgldPq90,Probibazō,προβιβάζω,cause to come forward
https://www.youtube.com/watch?v=4QeO-W1hZ7s,Lypeō,λυπέω,grieve; be distressed
https://www.youtube.com/watch?v=V1TO5cYIAx8,Apokephalizō,ἀποκεφαλίζω,behead
https://www.youtube.com/watch?v=25i6s01MGCo,Pherō,φέρω,bear
https://www.youtube.com/watch?v=cQZVLngzEsA,Ptōma,πτῶμα,"(dead) body, corpse"
https://www.youtube.com/watch?v=j1T7uw9t6lc,Pezē,πεζῇ,by land
https://www.youtube.com/watch?v=9aR8MlXrCic,Arrōstos,ἄρρωστος,"sick, ill"
https://www.youtube.com/watch?v=Sn3mnRrzobk,Brōma,βρῶμα,food
https://www.youtube.com/watch?v=xxE1yi3UBsE,Pente,πέντε,five
https://www.youtube.com/watch?v=bdXLcNEht5s,Eulogeō,εὐλογέω,bless; praise
https://www.youtube.com/watch?v=lerdeiRYVZY,Klaō,κλάω,break
https://www.youtube.com/watch?v=SJYE8HfB5VY,Klasma,κλάσμα,broken piece; fragment; piece
https://www.youtube.com/watch?v=cHGX3t5_y5Q,Kophinos,κόφινος,basket
https://www.youtube.com/watch?v=q0E5gWo_96I,Plērēs,πλήρης,full
https://www.youtube.com/watch?v=gEgPD_i4-5k,Pentakischilioi,πεντακισχίλιοι,five thousand
https://www.youtube.com/watch?v=Em6cJNTgBy4,Anankazō,ἀναγκάζω,compel
https://www.youtube.com/watch?v=3j-PVbeDcYQ,Stadion,στάδιον,stade
https://www.youtube.com/watch?v=0XzrbnxLVOE,Enantios,ἐναντίος,opposed; contrary; opposite
https://www.youtube.com/watch?v=GrAYgkPj5YI,Tetartos,τέταρτος,fourth
https://www.youtube.com/watch?v=c8GefbmeAFk,Phantasma,φάντασμα,apparition; ghost
https://www.youtube.com/watch?v=ED2i9PGxFUc,Phobos,φόβος,fear
https://www.youtube.com/watch?v=6VtK0ZixgYk,Katapontizō,καταποντίζω,drown
https://www.youtube.com/watch?v=NgxZ0Luxdxw,Epilambanomai,ἐπιλαμβάνομαι,seize; take hold of
https://www.youtube.com/watch?v=qFsSOjhqU-w,Distazō,διστάζω,doubt; waver
https://www.youtube.com/watch?v=zdf8XQPoL9E,Kopazō,κοπάζω,"abate, stope"
https://www.youtube.com/watch?v=Ql7tDOIIgXE,Diasōzō,διασῴζω,bring safely through; save
https://www.youtube.com/watch?v=KJrVGTItHYE,Parabainō,παραβαίνω,go aside; transgress
https://www.youtube.com/watch?v=9ad132FAdIg,Paradosis,παράδοσις,giving up; surrender
https://www.youtube.com/watch?v=L-HhYCwAm30,Presbyteros,πρεσβύτερος,elder
https://www.youtube.com/watch?v=7-SWBp-7jVw,Timaō,τιμάω,honor
https://www.youtube.com/watch?v=j8br3HDl-Bg,Kakologeō,κακολογέω,abuse; revile; speak ill of
https://www.youtube.com/watch?v=ozowPQMi1dE,Ōpheleō,ὠφελέω,benefit; aid; profit
https://www.youtube.com/watch?v=2xRqICv4hJ0,Akyroō,ἀκυρόω,make void
https://www.youtube.com/watch?v=8s_LOdp7cOA,Cheilos,χεῖλος,lip
https://www.youtube.com/watch?v=PDUuOZWBAZY,Matēn,μάτην,in vain
https://www.youtube.com/watch?v=htVijHgCBqM,Sebō,σέβω,show reverence for
https://www.youtube.com/watch?v=gCSD3019NdA,Didaskalia,διδασκαλία,instruction; teaching
https://www.youtube.com/watch?v=LXLLehqTK6E,Entalma,ἔνταλμα,command; injunction; order
https://www.youtube.com/watch?v=NCFCNUdZJ5w,Koinoō,κοινόω,defile
https://www.youtube.com/watch?v=lznl8UIldqc,Phyteia,φυτεία,plant
https://www.youtube.com/watch?v=aki5b7HU9D8,Phyteuō,φυτεύω,plant
https://www.youtube.com/watch?v=bQ75bZRwBPs,Hodēgos,ὁδηγός,guide
https://www.youtube.com/watch?v=uTPRMDR9aXg,Hodēgeō,ὁδηγέω,guide; lead
https://www.youtube.com/watch?v=MfICEFhqDps,Phrazō,φράζω,explain to; show to
https://www.youtube.com/watch?v=HU2fqj08myQ,Akmēn,ἀκμήν,even yet
https://www.youtube.com/watch?v=Zpy1OmOEUOg,Asynetos,ἀσύνετος,foolish
https://www.youtube.com/watch?v=UplRQ0H2OnM,Noeō,νοέω,mere sight
https://www.youtube.com/watch?v=DuXVnlQuyro,Eisporeuomai,εἰσπορεύομαι,enter; go into
https://www.youtube.com/watch?v=DoEo--wesX0,Chōreō,χωρέω,contain; have room for
https://www.youtube.com/watch?v=e7FjQu-QMgk,Aphedrōn,ἀφεδρών,"toilet, latrine"
https://www.youtube.com/watch?v=8doWTcKvTz4,Kakeinos,κἀκεῖνος,and
https://www.youtube.com/watch?v=h65tRUeQgwI,Dialogismos,διαλογισμός,consideration; thought
https://www.youtube.com/watch?v=YE6oLQu3dnE,Phonos,φόνος,murder
https://www.youtube.com/watch?v=1LcL16Q7PVg,Moicheia,μοιχεία,adultery
https://www.youtube.com/watch?v=8wb0-rMKYW4,Klopē,κλοπή,theft
https://www.youtube.com/watch?v=bhT9ktirdpM,Pseudomartyria,ψευδομαρτυρία,false witness
https://www.youtube.com/watch?v=t_jXJqy2B7c,Aniptos,ἄνιπτος,unwashed
https://www.youtube.com/watch?v=HubkFo1vni4,Erōtaō,ἐρωτάω,ask
https://www.youtube.com/watch?v=6q8AZn-YUIw,Boētheō,βοηθέω,come to the aid of; help
https://www.youtube.com/watch?v=KMRa5nplPp4,Kynarion,κυνάριον,dog; little dog
https://www.youtube.com/watch?v=_jGYk-UlYwQ,Psichion,ψιχίον,crumb
https://www.youtube.com/watch?v=96M9om7yUa0,Trapeza,τράπεζα,four-legged a table
https://www.youtube.com/watch?v=VEIX02H3Lkg,Kyllos,κυλλός,crippled; deformed
https://www.youtube.com/watch?v=JBxSQiUC8Q4,Prosmenō,προσμένω,remain/stay with
https://www.youtube.com/watch?v=0ymoZHitTCM,Nēstis,νῆστις,not eating
https://www.youtube.com/watch?v=N1xRumwScww,Eklyō,ἐκλύω,become weary; fail
https://www.youtube.com/watch?v=XrZwwAqlS4A,Erēmia,ἐρημία,desert
https://www.youtube.com/watch?v=0MIeGkALA2I,Ichthydion,ἰχθύδιον,little fish
https://www.youtube.com/watch?v=zXG4C5OhVyo,Anapiptō,ἀναπίπτω,fall back; recline
https://www.youtube.com/watch?v=-kSlomCqJUQ,Eucharisteō,εὐχαριστέω,be thankful; give thanks
https://www.youtube.com/watch?v=ogECY__-3BE,Spyris,σπυρίς,"basket, hamper"
https://www.youtube.com/watch?v=b4wylxbbR3A,Tetrakischilioi,τετρακισχίλιοι,four thousand
https://www.youtube.com/watch?v=rp6mY1gP-fo,Epideiknymi,ἐπιδείκνυμι,demonstrate; display; exhibit
https://www.youtube.com/watch?v=BBznqwLv9TI,Eudia,εὐδία,fair weather
https://www.youtube.com/watch?v=YoGIxeGRTSA,Pyrrazō,πυρράζω,be (fiery) red
https://www.youtube.com/watch?v=Rx5_W1Hi1ME,Prōi,πρωΐ,early in the day; morning
https://www.youtube.com/watch?v=0vqVjAoluSc,Cheimōn,χειμών,storm; winter
https://www.youtube.com/watch?v=vu6Mpnc01LI,Diakrinō,διακρίνω,judge; distinguish
https://www.youtube.com/watch?v=yUKot7ldK_Y,Epilanthanomai,ἐπιλανθάνομαι,forget
https://www.youtube.com/watch?v=saOc5U0vjUg,Dialogizomai,διαλογίζομαι,consider; argue
https://www.youtube.com/watch?v=G3xL4gsEa80,Oupō,οὔπω,not yet
https://www.youtube.com/watch?v=9pAy6eRS_qQ,Mnēmoneuō,μνημονεύω,call to mind; remember
https://www.youtube.com/watch?v=IOEkql98_kc,Sarx,σάρξ,flesh
https://www.youtube.com/watch?v=MzgvPv2oN9Y,Haima,αἷμα,blood
https://www.youtube.com/watch?v=gZRZkC9rdNU,Ekklēsia,ἐκκλησία,assembly
https://www.youtube.com/watch?v=p1j6kzTaG4U,Katischyō,κατισχύω,be dominant; prevail
https://www.youtube.com/watch?v=za2hN8zGl5Y,Diastellō,διαστέλλω,"order, give orders"
https://www.youtube.com/watch?v=GBi3kolrOqE,Deiknyō,δεικνύω,point out; explain
https://www.youtube.com/watch?v=6veTTzdzkGM,Dei,δεῖ,be necessary; bind; tie
https://www.youtube.com/watch?v=6SvPYhJxX00,Paschō,πάσχω,receive impression from without
https://www.youtube.com/watch?v=p1QM2VUCnG0,Tritos,τρίτος,third
https://www.youtube.com/watch?v=VXeCnp3jGZs,Proslambanō,προσλαμβάνω,receive; accept; take aside
https://www.youtube.com/watch?v=Ncfmg_tE2mU,Hileōs,ἵλεως,"gracious, merciful"
https://www.youtube.com/watch?v=C_5gJb98H-U,Phroneō,φρονέω,think
https://www.youtube.com/watch?v=OL7H5HkEe3A,Aparneomai,ἀπαρνέομαι,deny
https://www.youtube.com/watch?v=izX45_9jPXs,Kerdainō,κερδαίνω,gain
https://www.youtube.com/watch?v=IIGpCWh7xL0,Zēmioō,ζημιόω,forfeit; punish; fine
https://www.youtube.com/watch?v=zj3_iiNFPqc,Antallagma,ἀντάλλαγμα,given in exchange
https://www.youtube.com/watch?v=l7EfgBrcdrQ,Praxis,πρᾶξις,act; deed; function
https://www.youtube.com/watch?v=BnJ1qRqJkuY,Geuomai,γεύομαι,taste
https://www.youtube.com/watch?v=yrgV0wpgsN8,Hex,ἕξ,six
https://www.youtube.com/watch?v=au0vmM9JT-U,Anapherō,ἀναφέρω,bring or carry up
https://www.youtube.com/watch?v=Iaq-pEuVMT4,Metamorphoō,μεταμορφόω,be changed
https://www.youtube.com/watch?v=1cUXatEKtcY,Syllaleō,συλλαλέω,talk with
https://www.youtube.com/watch?v=daS5gE-Ciwk,Skēnē,σκηνή,covered place; tent
https://www.youtube.com/watch?v=eHbPM4usL_E,Nephelē,νεφέλη,cloud
https://www.youtube.com/watch?v=R8MdUM2v9zA,Episkiazō,ἐπισκιάζω,overshadow
https://www.youtube.com/watch?v=cDI4abuot-k,Epairō,ἐπαίρω,"lift up, hold up"
https://www.youtube.com/watch?v=bmrDSPe6KkI,Horama,ὅραμα,"sight, vision"
https://www.youtube.com/watch?v=lrmEQf1lu8w,Gonypeteō,γονυπετέω,kneel down
https://www.youtube.com/watch?v=7-MoPMgBwG4,Pollakis,πολλάκις,many times
https://www.youtube.com/watch?v=CT4iRDb53nQ,Apistos,ἄπιστος,not to be trusted
https://www.youtube.com/watch?v=HArODPMInmw,Diastrephō,διαστρέφω,deform
https://www.youtube.com/watch?v=u9ZaQZXF6uI,Pote,πότε,when
https://www.youtube.com/watch?v=GP68EFXH4XE,Anechomai,ἀνέχομαι,endure
https://www.youtube.com/watch?v=O7sn3sq0C-g,Oligopistia,ὀλιγοπιστία,little faith
https://www.youtube.com/watch?v=txmM4la8ppA,Enthen,ἔνθεν,from here
https://www.youtube.com/watch?v=prgn_1glhIk,Adynateō,ἀδυνατέω,be impossible; be unable
https://www.youtube.com/watch?v=V7vWbEndRqQ,Systrephō,συστρέφω,gather up
https://www.youtube.com/watch?v=UhZAo2jTgo4,Didrachmon,δίδραχμον,double drachma
https://www.youtube.com/watch?v=rqk4K3PWKb8,Prophthanō,προφθάνω,anticipate; be ahead of
https://www.youtube.com/watch?v=6yY5848V41g,Kēnsos,κῆνσος,tax; poll tax
https://www.youtube.com/watch?v=5yaubVKjX_M,Allotrios,ἀλλότριος,belonging to another
https://www.youtube.com/watch?v=AoiRgOJAxV4,Eleutheros,ἐλεύθερος,free
https://www.youtube.com/watch?v=U3i0MkqCA5c,Ankistron,ἄγκιστρον,fish-hook
https://www.youtube.com/watch?v=r8R7WZOmiio,Statēr,στατήρ,stater
https://www.youtube.com/watch?v=pkK9gb50DFA,Tapeinoō,ταπεινόω,humble; abase
https://www.youtube.com/watch?v=G0HLmG4cXK0,Kremannymi,κρεμάννυμι,hang
https://www.youtube.com/watch?v=ScMACCoIueM,Mylos,μύλος,mill; millstone
https://www.youtube.com/watch?v=MJRDlWpNgq4,Onikos,ὀνικός,of a donkey
https://www.youtube.com/watch?v=7g_X-YRm1ac,Trachēlos,τράχηλος,neck
https://www.youtube.com/watch?v=UxKRhM1nwck,Pelagos,πέλαγος,open sea; depths (of the sea)
https://www.youtube.com/watch?v=bgn-k7jKFgo,Anankē,ἀνάγκη,distress; tribulation
https://www.youtube.com/watch?v=GBkcS7niS2E,Aiōnios,αἰώνιος,eternal
https://www.youtube.com/watch?v=EvQ1CrBSbSE,Monophthalmos,μονόφθαλμος,one-eyed
https://www.youtube.com/watch?v=KsE3IclwB7k,Planaō,πλανάω,deceive; lead astray
https://www.youtube.com/watch?v=lqQlpApMF64,Enenēkonta,ἐνενήκοντα,ninety
https://www.youtube.com/watch?v=DpTcIiK3tLo,Ennea,ἐννέα,nine
https://www.youtube.com/watch?v=CHV2MzaKKQA,Hamartanō,ἁμαρτάνω,miss
https://www.youtube.com/watch?v=xP98K2ALwOE,Elenchō,ἐλέγχω,disgrace
https://www.youtube.com/watch?v=xuNMJ6q0Iz8,Metaxy,μεταξύ,between
https://www.youtube.com/watch?v=jzcNdWGNp2E,Martys,μάρτυς,martyr; witness
https://www.youtube.com/watch?v=6Xn6CkRsXtM,Parakouō,παρακούω,disobey; take no heed
https://www.youtube.com/watch?v=66Dp7Dz4qKI,Symphōneō,συμφωνέω,agree; consent; conspire
https://www.youtube.com/watch?v=b88SrKmbVE4,Pragma,πρᾶγμα,"deed, thing"
https://www.youtube.com/watch?v=fnGz-_zDCQY,Emos,ἐμός,mine
https://www.youtube.com/watch?v=vdvmZEgFDbs,Posakis,ποσάκις,how many times?; how often
https://www.youtube.com/watch?v=PI4yuGmHrvM,Heptakis,ἑπτάκις,seven times
https://www.youtube.com/watch?v=WjPbThkIbms,Hebdomēkontakis,ἑβδομηκοντάκις,seventy times
https://www.youtube.com/watch?v=itAYErRHt7A,Synairō,συναίρω,settle
https://www.youtube.com/watch?v=jrECdSsViF0,Myrioi,μύριοι,ten thousand
https://www.youtube.com/watch?v=TgMRINoBqtY,Talanton,τάλαντον,balance
https://www.youtube.com/watch?v=1lurzRnEXss,Makrothymeō,μακροθυμέω,be longsuffering; be patient
https://www.youtube.com/watch?v=sGyi2HPZKtM,Daneion,δάνειον,loan
https://www.youtube.com/watch?v=JIFWFvkanlU,Syndoulos,σύνδουλος,fellow slave
https://www.youtube.com/watch?v=pY1BLKfTSpk,Opheilō,ὀφείλω,be obligated; owe
https://www.youtube.com/watch?v=2WZP9lRI1Wk,Dēnarion,δηνάριον,denarius
https://www.youtube.com/watch?v=TAjjP9ChWuE,Opheilē,ὀφειλή,debt; obligation
https://www.youtube.com/watch?v=OWPNZu9irIU,Basanistēs,βασανιστής,oppressive jailer
https://www.youtube.com/watch?v=RZWXFtipdnc,Aitia,αἰτία,accusation; charge; cause
https://www.youtube.com/watch?v=Jz8xcg7aI6E,Ktizō,κτίζω,create
https://www.youtube.com/watch?v=amvLd1mnXH4,Archē,ἀρχή,beginning
https://www.youtube.com/watch?v=BrNmvjgJPvA,Arsēn,ἄρσην,male
https://www.youtube.com/watch?v=DA6N9PdHuxc,Thēlys,θῆλυς,female
https://www.youtube.com/watch?v=6XEd2MlNDoo,Kollaō,κολλάω,"bind closely, unite"
https://www.youtube.com/watch?v=ockoreqFKvc,Ouketi,οὐκέτι,no longer
https://www.youtube.com/watch?v=bCi1QnGEkBY,Syzeugnymi,συζεύγνυμι,"join together, pair"
https://www.youtube.com/watch?v=e4gddFRrGh0,Chōrizō,χωρίζω,"divide, separate"
https://www.youtube.com/watch?v=m6Ai-huyUKk,Biblion,βιβλίον,book; scroll
https://www.youtube.com/watch?v=Q0PFJhkQCJ4,Sklērokardia,σκληροκαρδία,hardness of heart
https://www.youtube.com/watch?v=WTinzmdebeI,Eunouchos,εὐνοῦχος,eunuch
https://www.youtube.com/watch?v=MmcaP2rKrx0,Eunouchizō,εὐνουχίζω,castrate
https://www.youtube.com/watch?v=kxXgdM2AieU,Kōlyō,κωλύω,hinder; prevent
https://www.youtube.com/watch?v=FjeFDXisWSE,Tēreō,τηρέω,guard; keep; watch over
https://www.youtube.com/watch?v=ojUJ57yaoRw,Poios,ποῖος,of what kind?
https://www.youtube.com/watch?v=VEFimUybrvw,Pseudomartyreō,ψευδομαρτυρέω,be a false witness
https://www.youtube.com/watch?v=HbLuAP2mVKY,Neaniskos,νεανίσκος,young man; youth
https://www.youtube.com/watch?v=Hbs6mAZQRuE,Phylassō,φυλάσσω,guard; watch; observe; follow
https://www.youtube.com/watch?v=VkodrDmiaLY,Hystereō,ὑστερέω,lack; be behind or later
https://www.youtube.com/watch?v=FNqQ-I4A_PQ,Hyparchō,ὑπάρχω,be
https://www.youtube.com/watch?v=AsvMc4709AU,Deuro,δεῦρο,come; come here
https://www.youtube.com/watch?v=tTqMH9rLUCQ,Ktēma,κτῆμα,anything gotten
https://www.youtube.com/watch?v=TPUZmviYVpA,Plousios,πλούσιος,"rich, wealthy"
https://www.youtube.com/watch?v=jiK-P2aAk2A,Dyskolōs,δυσκόλως,with difficulty
https://www.youtube.com/watch?v=-QcyD7b8taI,Trypēma,τρύπημα,hole
https://www.youtube.com/watch?v=WcAuG8tCh9o,Adynatos,ἀδύνατος,impossible
https://www.youtube.com/watch?v=UDKDH9gG2Vg,Palingenesia,παλιγγενεσία,regeneration; renewal
https://www.youtube.com/watch?v=_fAYrcJCzTE,Phylē,φυλή,race or tribe; tribe
https://www.youtube.com/watch?v=ek27ApsZNVk,Hekatontaplasiōn,ἑκατονταπλασίων,hundred times as much
https://www.youtube.com/watch?v=9TGKBt08cUE,Misthoō,μισθόω,hire
https://www.youtube.com/watch?v=_Kpt2o0FXcM,Ampelōn,ἀμπελών,vineyard
https://www.youtube.com/watch?v=v6jG7Sun0TI,Hektos,ἕκτος,sixth
https://www.youtube.com/watch?v=XzXdLtWlkaM,Hōsautōs,ὡσαύτως,in like manner; just so
https://www.youtube.com/watch?v=ObSpQEnz5xk,Hendekatos,ἑνδέκατος,eleventh
https://www.youtube.com/watch?v=_6uelqTfTJA,Epitropos,ἐπίτροπος,manager
https://www.youtube.com/watch?v=JM7tP2LchtE,Gongyzō,γογγύζω,grumble; murmur
https://www.youtube.com/watch?v=nlXxnQDNBxQ,Isos,ἴσος,equal
https://www.youtube.com/watch?v=fBJmIPUl5zY,Baros,βάρος,burden
https://www.youtube.com/watch?v=dmo3Bi1fjv0,Kausōn,καύσων,burning heat
https://www.youtube.com/watch?v=dhYVDlW9_2s,Hetairos,ἑταῖρος,companion; comrade; friend
https://www.youtube.com/watch?v=hQbhB1EoyWc,Adikeō,ἀδικέω,do wrong; be unjust
https://www.youtube.com/watch?v=djalyAPtp6s,Stauroō,σταυρόω,crucify
https://www.youtube.com/watch?v=ZOJ1l1fGhKY,Euōnymos,εὐώνυμος,left
https://www.youtube.com/watch?v=AeI3wZvgk6c,Deka,δέκα,ten
https://www.youtube.com/watch?v=_MYv_g7DuYY,Aganakteō,ἀγανακτέω,"be aroused, indignant"
https://www.youtube.com/watch?v=1Aqg0D2CasA,Katakyrieuō,κατακυριεύω,become/be master
https://www.youtube.com/watch?v=RsjjfdOWf30,Katexousiazō,κατεξουσιάζω,exercise authority over
https://www.youtube.com/watch?v=OWgWk1zKy4U,Diakonos,διάκονος,agent; assistant
https://www.youtube.com/watch?v=10mbMlR4YME,Lytron,λύτρον,price of release
https://www.youtube.com/watch?v=1-2oI-7Tsqc,Siōpaō,σιωπάω,be silent
https://www.youtube.com/watch?v=XEctDw8tcKg,Phōneō,φωνέω,call; summon; crow
https://www.youtube.com/watch?v=wdrkzVTj1Z8,Omma,ὄμμα,eye
https://www.youtube.com/watch?v=xnWadQ9gw5U,Elaia,ἐλαία,olive tree; olive
https://www.youtube.com/watch?v=mxLeJ_0E2oA,Katenanti,κατέναντι,in front of; opposite; before
https://www.youtube.com/watch?v=WjsUgEPfHLw,Onos,ὄνος,ass
https://www.youtube.com/watch?v=4DTdrDjstH4,Pōlos,πῶλος,colt; foal
https://www.youtube.com/watch?v=5WcO09dtKJk,Epibainō,ἐπιβαίνω,go up/upon
https://www.youtube.com/watch?v=rYpdwPwIhTg,Hypozygion,ὑποζύγιον,beast for the yoke
https://www.youtube.com/watch?v=DJYQeW-6iGo,Kathōs,καθώς,as; just as
https://www.youtube.com/watch?v=1FoDaX0TK6w,Syntassō,συντάσσω,charge; order
https://www.youtube.com/watch?v=dY6WfAV_cvA,Epikathizō,ἐπικαθίζω,sit
https://www.youtube.com/watch?v=6tgrNpjpq5Q,Strōnnymi,στρώννυμι,spread
https://www.youtube.com/watch?v=oB_qwt26p04,Strōnnyō,στρωννύω,spread
https://www.youtube.com/watch?v=xXKGVgeFn2w,Hōsanna,ὡσαννά,hosanna
https://www.youtube.com/watch?v=DZfQOJdbNao,Hypsistos,ὕψιστος,highest; loftiest
https://www.youtube.com/watch?v=gxCdlSGfAHQ,Seiō,σείω,shake
https://www.youtube.com/watch?v=DqaUlqWEtj8,Kollybistēs,κολλυβιστής,money changer
https://www.youtube.com/watch?v=QQ4tACZRGQA,Katastrephō,καταστρέφω,overturn
https://www.youtube.com/watch?v=EEmpMBr1Umc,Kathedra,καθέδρα,"chair, seat"
https://www.youtube.com/watch?v=bGEKLQRCCLY,Proseuchē,προσευχή,prayer
https://www.youtube.com/watch?v=gx5fWeks1is,Spēlaion,σπήλαιον,cave; den
https://www.youtube.com/watch?v=Yf3VpNTwjLw,Lēstēs,λῃστής,highwayman
https://www.youtube.com/watch?v=_Z98HY2jCJM,Thaumasios,θαυμάσιος,wonderful
https://www.youtube.com/watch?v=N9xNU0sb6ZE,Thēlazō,θηλάζω,nurse
https://www.youtube.com/watch?v=jkcr6lTwOx0,Ainos,αἶνος,praise
https://www.youtube.com/watch?v=KjsBNjKmM_Q,Aulizomai,αὐλίζομαι,lodge; spend the night
https://www.youtube.com/watch?v=ltgpP-qQpwQ,Epanagō,ἐπανάγω,bring up; turn back from
https://www.youtube.com/watch?v=FR5SjniOlGg,Sykē,συκῆ,fig tree
https://www.youtube.com/watch?v=23G1Qo4XGzI,Phyllon,φύλλον,leaf
https://www.youtube.com/watch?v=MtfQi7XpASE,Mēketi,μηκέτι,no longer
https://www.youtube.com/watch?v=5d0gyOUVpq0,Parachrēma,παραχρῆμα,at once; immediately
https://www.youtube.com/watch?v=jOgDBVWd9XY,Kan,κἄν,And if
https://www.youtube.com/watch?v=qr6Ro235cJw,Metamelomai,μεταμέλομαι,change one’s mind
https://www.youtube.com/watch?v=pGtrxUx_F6k,Deuteros,δεύτερος,second
https://www.youtube.com/watch?v=mlMm1WM7vTE,Pornē,πόρνη,harlot; prostitute
https://www.youtube.com/watch?v=D2xlK6hNJUg,Phragmos,φραγμός,"fence, hedge"
https://www.youtube.com/watch?v=UJ7nY3h0FVo,Peritithēmi,περιτίθημι,place round; put on
https://www.youtube.com/watch?v=swlq0sB_88c,Oryssō,ὀρύσσω,dig
https://www.youtube.com/watch?v=F4lC8pI7ohk,Lēnos,ληνός,wine-press
https://www.youtube.com/watch?v=zDKshYU1b8Y,Pyrgos,πύργος,tower
https://www.youtube.com/watch?v=2eLfusvpTHI,Ekdidōmi,ἐκδίδωμι,give up
https://www.youtube.com/watch?v=0n_hAmTTvMw,Geōrgos,γεωργός,farmer
https://www.youtube.com/watch?v=JHE9jiJJhcY,Apodēmeō,ἀποδημέω,go on a journey
https://www.youtube.com/watch?v=7wUmUY1BAxk,Lithoboleō,λιθοβολέω,pelt with stones; stone
https://www.youtube.com/watch?v=Ysn3RF4MCvA,Entrepō,ἐντρέπω,have regard for; respect
https://www.youtube.com/watch?v=er7U6XJJRRE,Klēronomos,κληρονόμος,heir
https://www.youtube.com/watch?v=nEB4PrMzDe8,Klēronomia,κληρονομία,inheritance
https://www.youtube.com/watch?v=1OCknwcx-9I,Kakos,κακός,bad
https://www.youtube.com/watch?v=tosqOS6OzV8,Graphē,γραφή,drawing; writing; letter
https://www.youtube.com/watch?v=ZIAiCfEj60o,Apodokimazō,ἀποδοκιμάζω,reject
https://www.youtube.com/watch?v=mVZmgwpaNKI,Thaumastos,θαυμαστός,wonderful
https://www.youtube.com/watch?v=pdzn1arwrIY,Synthlaō,συνθλάω,crush together
https://www.youtube.com/watch?v=gP6xurUOckE,Likmaō,λικμάω,crush
https://www.youtube.com/watch?v=fSa0DKee5Dw,Gamos,γάμος,wedding
https://www.youtube.com/watch?v=DnZg0IaeVH0,Ariston,ἄριστον,breakfast; noon meal
https://www.youtube.com/watch?v=U7bKis_t2OQ,Sitistos,σιτιστός,fattened
https://www.youtube.com/watch?v=KR6G0PcMPPo,Thyō,θύω,kill; slaughter; sacrifice
https://www.youtube.com/watch?v=yTsJCN4Vwp4,Hetoimos,ἕτοιμος,prepared; ready
https://www.youtube.com/watch?v=GYE--zNsHw0,Ameleō,ἀμελέω,have no care for
https://www.youtube.com/watch?v=hGvI__ebA1E,Emporia,ἐμπορία,"business, trade"
https://www.youtube.com/watch?v=mfp3NeRGl_I,Loipos,λοιπός,left; other
https://www.youtube.com/watch?v=mrvr2Qn7K4w,Hybrizō,ὑβρίζω,boast; insult; abuse
https://www.youtube.com/watch?v=JaScQTNpkpM,Strateuma,στράτευμα,army
https://www.youtube.com/watch?v=_jVlTw1mprk,Phoneus,φονεύς,murderer
https://www.youtube.com/watch?v=FfHs4_XEwmk,Empimprēmi,ἐμπίμπρημι,burn
https://www.youtube.com/watch?v=8srprccVp_0,Diexodos,διέξοδος,"outlet, way out"
https://www.youtube.com/watch?v=tSHMWauISkY,Te,τέ,and
https://www.youtube.com/watch?v=kPoUl9K24lI,Pimplēmi,πίμπλημι,fill full of
https://www.youtube.com/watch?v=bdBqbpSpERM,Phimoō,φιμόω,muzzle
https://www.youtube.com/watch?v=cQoCUCa9gVc,Klētos,κλητός,called
https://www.youtube.com/watch?v=You1KkwWdyY,Eklektos,ἐκλεκτός,chosen
https://www.youtube.com/watch?v=_7_SNfvRxdU,Pagideuō,παγιδεύω,ensnare; entrap
https://www.youtube.com/watch?v=L8odlZnmDGk,Alētheia,ἀλήθεια,truth
https://www.youtube.com/watch?v=YtC2wkcn-xM,Melei,μέλει,it is a concern; it is a care
https://www.youtube.com/watch?v=oqGSNBrusmU,Ponēria,πονηρία,wickedness
https://www.youtube.com/watch?v=0aiM9wvoKb4,Nomisma,νόμισμα,coin
https://www.youtube.com/watch?v=QojkQ1YPmWs,Eikōn,εἰκών,image
https://www.youtube.com/watch?v=CCqO0eCXP6g,Epigraphē,ἐπιγραφή,inscription
https://www.youtube.com/watch?v=FCVuGhd9yYI,Anastasis,ἀνάστασις,resurrection
https://www.youtube.com/watch?v=ukRpH-v3mUA,Epigambreuō,ἐπιγαμβρεύω,become kin through marriage
https://www.youtube.com/watch?v=ld_lFPZZrhs,Homoiōs,ὁμοίως,in like manner; likewise
https://www.youtube.com/watch?v=YzJLPqPGRhM,Gamizō,γαμίζω,give in marriage; marry
https://www.youtube.com/watch?v=TeS-3Ps1jVc,Nomikos,νομικός,about law
https://www.youtube.com/watch?v=dnZ1Ue0Hogk,Dianoia,διάνοια,"intelligence, mind"
https://www.youtube.com/watch?v=KRNn8cpwHxs,Hypokatō,ὑποκάτω,below; under
https://www.youtube.com/watch?v=WEm9XLCeowk,Tolmaō,τολμάω,dare
https://www.youtube.com/watch?v=EeowJFTu178,Desmeuō,δεσμεύω,bind
https://www.youtube.com/watch?v=xTmWa60HAi4,Barys,βαρύς,burdensome; heavy; fierce
https://www.youtube.com/watch?v=_9we5slroPo,Ōmos,ὦμος,shoulder
https://www.youtube.com/watch?v=7ueHSWmiel4,Daktylos,δάκτυλος,finger
https://www.youtube.com/watch?v=8HUov9ikY_Y,Kineō,κινέω,move; remove
https://www.youtube.com/watch?v=gNpjoylr6JQ,Platynō,πλατύνω,make broad
https://www.youtube.com/watch?v=py3jh2q8sKk,Phylaktērion,φυλακτήριον,phylactery
https://www.youtube.com/watch?v=dutpBs2QVF8,Megalynō,μεγαλύνω,exalt; glorify; magnify
https://www.youtube.com/watch?v=z0uBVhxzCBY,Prōtoklisia,πρωτοκλισία,festival proclaimed by a king
https://www.youtube.com/watch?v=GWXnc2Al--E,Deipnon,δεῖπνον,banquet; dinner; feast
https://www.youtube.com/watch?v=r3YZodvJNcA,Prōtokathedria,πρωτοκαθεδρία,best seat; seat of honor
https://www.youtube.com/watch?v=0VjSmEzSyPU,Aspasmos,ἀσπασμός,greeting
https://www.youtube.com/watch?v=BrR_P03863k,Kathēgētēs,καθηγητής,teacher
https://www.youtube.com/watch?v=I8AmD9GPQLE,Prosēlytos,προσήλυτος,convert
https://www.youtube.com/watch?v=Q4mpnCNUCTg,Naos,ναός,temple
https://www.youtube.com/watch?v=146Qqy0nE9g,Apodekatoō,ἀποδεκατόω,pay/collect a tithe
https://www.youtube.com/watch?v=xRB5tXgt0RE,Hēdyosmon,ἡδύοσμον,mint
https://www.youtube.com/watch?v=WmUve_r5pKU,Anēthon,ἄνηθον,anise; dill
https://www.youtube.com/watch?v=XFevQErgTKo,Kyminon,κύμινον,cumin
https://www.youtube.com/watch?v=IVcHJ2Htg1s,Diulizō,διϋλίζω,filter out; strain out
https://www.youtube.com/watch?v=fWZWPyyMGKU,Kōnōps,κώνωψ,gnat
https://www.youtube.com/watch?v=2vV7mFSHd80,Katapinō,καταπίνω,swallow
https://www.youtube.com/watch?v=sWJOsgyGVU8,Exōthen,ἔξωθεν,from outside
https://www.youtube.com/watch?v=KsGfZnJZrCA,Paropsis,παροψίς,dish
https://www.youtube.com/watch?v=HZfa4js9gks,Harpagē,ἁρπαγή,robbery; plunder
https://www.youtube.com/watch?v=joSbVUMY0sU,Akrasia,ἀκρασία,lack of self control
https://www.youtube.com/watch?v=1TrI7w743_0,Entos,ἐντός,inside
https://www.youtube.com/watch?v=WJlrNCYB1Mg,Ektos,ἐκτός,except; unless; outside
https://www.youtube.com/watch?v=pvCtJD2mMv8,Paromoiazō,παρομοιάζω,be like
https://www.youtube.com/watch?v=uwcIvJi-Nvg,Taphos,τάφος,funeral-rites
https://www.youtube.com/watch?v=unil-PUUAEA,Koniaō,κονιάω,plaster
https://www.youtube.com/watch?v=-BvBNMHATBo,Hōraios,ὡραῖος,beautiful; seasonable; timely
https://www.youtube.com/watch?v=lzyx3XfG190,Osteon,ὀστέον,bone
https://www.youtube.com/watch?v=hQJTEuW2YOE,Akatharsia,ἀκαθαρσία,impurity; uncleanness
https://www.youtube.com/watch?v=xEKTX--fOX4,Mestos,μεστός,full
https://www.youtube.com/watch?v=xl9lL-StYZI,Hypokrisis,ὑπόκρισις,hypocrisy
https://www.youtube.com/watch?v=WdzQQUmyo-0,Koinōnos,κοινωνός,"companion, partner"
https://www.youtube.com/watch?v=0LmcMrvuDgE,Martyreō,μαρτυρέω,be a witness; give evidence
https://www.youtube.com/watch?v=V10vQuvrLHY,Episynagō,ἐπισυνάγω,gather (together)
https://www.youtube.com/watch?v=sQZt-RRT3rg,Tropos,τρόπος,"manner, way"
https://www.youtube.com/watch?v=oGSBRSBX5c8,Ornis,ὄρνις,Hen
https://www.youtube.com/watch?v=WYPdOecbdBQ,Nossion,νοσσίον,young bird
https://www.youtube.com/watch?v=ahnSGEN8P9k,Pteryx,πτέρυξ,wing
https://www.youtube.com/watch?v=j6aA_GB82-A,Oikodomē,οἰκοδομή,building
https://www.youtube.com/watch?v=qdt-LfAexcw,Parousia,παρουσία,coming; advent; presence
https://www.youtube.com/watch?v=TVvlyAVwIng,Polemos,πόλεμος,battle
https://www.youtube.com/watch?v=-aj1rN76UXQ,Throeō,θροέω,be aroused
https://www.youtube.com/watch?v=0Je8FtzEHtY,Limos,λιμός,famine; hunger
https://www.youtube.com/watch?v=bvRdtAPqbgA,Allēlōn,ἀλλήλων,of one another
https://www.youtube.com/watch?v=T3BiL3b_kKQ,Plēthynō,πληθύνω,"increase, multiply"
https://www.youtube.com/watch?v=32N32kqlqng,Agapē,ἀγάπη,love
https://www.youtube.com/watch?v=uRWCoWWYpIU,Oikoumenē,οἰκουμένη,inhabit; occupy
https://www.youtube.com/watch?v=BnGMkiG_5FQ,Bdelygma,βδέλυγμα,abomination
https://www.youtube.com/watch?v=8zYShw-AZ6o,Erēmōsis,ἐρήμωσις,devastation
https://www.youtube.com/watch?v=3fnRqO6emNA,Phygē,φυγή,flight
https://www.youtube.com/watch?v=xKmg-KIv7WI,Hoios,οἷος,of what sort
https://www.youtube.com/watch?v=a8nCgfN1z9U,Nyn,νῦν,now
https://www.youtube.com/watch?v=GzlcLXYm6Fg,Koloboō,κολοβόω,mutilate
https://www.youtube.com/watch?v=69cNQycR57I,Pseudochristos,ψευδόχριστος,false messiah; false Christ
https://www.youtube.com/watch?v=BJq7MFpJots,Teras,τέρας,"prodigy, portent"
https://www.youtube.com/watch?v=FZiU88W0rzk,Proeipon,προεῖπον,foretell
https://www.youtube.com/watch?v=nNgc0zuP7tc,Astrapē,ἀστραπή,lightning
https://www.youtube.com/watch?v=Y3GWrendBVg,Aetos,ἀετός,eagle
https://www.youtube.com/watch?v=mZWDp0sBGcs,Skotizō,σκοτίζω,be/become dark
https://www.youtube.com/watch?v=DRKnzTvcruw,Selēnē,σελήνη,moon
https://www.youtube.com/watch?v=9vg6pAnKlxo,Phengos,φέγγος,"light, radiance"
https://www.youtube.com/watch?v=JJ59O5thrGg,Salpinx,σάλπιγξ,trumpet
https://www.youtube.com/watch?v=KPZ002sbxJ8,Akron,ἄκρον,at the furthest point; top
https://www.youtube.com/watch?v=w19dEU5rLiM,Hapalos,ἁπαλός,soft to touch
https://www.youtube.com/watch?v=9AqFMyjCo5g,Ekphyō,ἐκφύω,generate from
https://www.youtube.com/watch?v=1mVz1-7IoGU,Engys,ἐγγύς,near
https://www.youtube.com/watch?v=3oswTWPSE5Q,Theros,θέρος,summer
https://www.youtube.com/watch?v=vejd2Cjxcp4,Kataklysmos,κατακλυσμός,deluge; inundation; flood
https://www.youtube.com/watch?v=9g43uwbrWQE,Trōgō,τρώγω,eat
https://www.youtube.com/watch?v=_hRBszxs8_0,Kibōtos,κιβωτός,ark; boat; chest
https://www.youtube.com/watch?v=pEevFH43wUo,Grēgoreō,γρηγορέω,be awake; watch
https://www.youtube.com/watch?v=ZPzbZVGzIDU,Eaō,ἐάω,allow; permit; suffer; let
https://www.youtube.com/watch?v=9LL8OVpFLY0,Pistos,πιστός,faithful
https://www.youtube.com/watch?v=QRzQVZD7KT8,Kathistēmi,καθίστημι,appoint; put in charge
https://www.youtube.com/watch?v=Oh_SxJTmGw4,Oiketeia,οἰκετεία,household slaves
https://www.youtube.com/watch?v=v4HHfmBKN_M,Chronizō,χρονίζω,delay; take time
https://www.youtube.com/watch?v=8imun9SmLf0,Typtō,τύπτω,beat
https://www.youtube.com/watch?v=6dmexZ6VZHY,Methyō,μεθύω,be drunk
https://www.youtube.com/watch?v=OJoqrXjPXp8,Dichotomeō,διχοτομέω,cut in two
https://www.youtube.com/watch?v=OHnbj1TZXwg,Lampas,λαμπάς,lamp; torch
https://www.youtube.com/watch?v=rSNKmFM8vc0,Elaion,ἔλαιον,olive oil
https://www.youtube.com/watch?v=x61ydST5Ly8,Angeion,ἀγγεῖον,container; vessel
https://www.youtube.com/watch?v=a0G4ESDENOM,Nystazō,νυστάζω,nap; slumber
https://www.youtube.com/watch?v=2_wsWJmUjOs,Kraugē,κραυγή,clamor; shout; shouting
https://www.youtube.com/watch?v=bK8pDYnbGXE,Apantēsis,ἀπάντησις,meeting
https://www.youtube.com/watch?v=4GzHPRaysdA,Arkeō,ἀρκέω,be sufficient/satisfied
https://www.youtube.com/watch?v=fs3o_yl0-ug,Argyrion,ἀργύριον,money; silver
https://www.youtube.com/watch?v=D5Tlch-lqp4,Ide,ἴδε,behold!; see!; look!
https://www.youtube.com/watch?v=wIR6B32tiH0,Eu,εὖ,well
https://www.youtube.com/watch?v=NKTIi4TaM54,Sklēros,σκληρός,hard; harsh
https://www.youtube.com/watch?v=eSmkTT-_Z8c,Diaskorpizō,διασκορπίζω,scatter
https://www.youtube.com/watch?v=yhcvxjr40Pc,Oknēros,ὀκνηρός,idle
https://www.youtube.com/watch?v=Fk6j4EhAUO8,Trapezitēs,τραπεζίτης,money changer
https://www.youtube.com/watch?v=Z-RSH0hmP7k,Komizō,κομίζω,bring; recover
https://www.youtube.com/watch?v=VTGqP7L-cQE,Syn,σύν,along with
https://www.youtube.com/watch?v=yGPGtcqZU6k,Tokos,τόκος,bringing forth
https://www.youtube.com/watch?v=WezezAReng8,Achreios,ἀχρεῖος,useless
https://www.youtube.com/watch?v=uqdrlxFh78I,Eriphos,ἔριφος,"kid, he-goat"
https://www.youtube.com/watch?v=f-QDIwvUUSo,Eriphion,ἐρίφιον,young goat; goat
https://www.youtube.com/watch?v=0cpUXELtmqA,Xenos,ξένος,foreign; strange; stranger
https://www.youtube.com/watch?v=eZbbUyf5fPQ,Gymnos,γυμνός,naked
https://www.youtube.com/watch?v=fD2-v8jyIgM,Episkeptomai,ἐπισκέπτομαι,consider; visit
https://www.youtube.com/watch?v=3ytWv9MvkPs,Kataraomai,καταράομαι,call down curses upon
https://www.youtube.com/watch?v=OS43-2Ccayw,Asthenēs,ἀσθενής,sick; weak
https://www.youtube.com/watch?v=Ct1ijPF3KuI,Kolasis,κόλασις,chastisement; punishment
https://www.youtube.com/watch?v=Gmzm8m0W_ow,Pascha,πάσχα,Passover
https://www.youtube.com/watch?v=L-3V_6p5TOA,Aulē,αὐλή,court
https://www.youtube.com/watch?v=g-vwJ9ctO74,Symbouleuō,συμβουλεύω,advise; consult
https://www.youtube.com/watch?v=ToyAjbcsTOk,Dolos,δόλος,bait
https://www.youtube.com/watch?v=q8T3xjuHj9A,Heortē,ἑορτή,feast or festival; holiday
https://www.youtube.com/watch?v=2Xdg7ZE05Z8,Thorybos,θόρυβος,"noise, clamor"
https://www.youtube.com/watch?v=b2ThJgYG7f0,Alabastros,ἀλάβαστρος,alabaster flask
https://www.youtube.com/watch?v=ik4gsaKEp1Q,Myron,μύρον,"ointment, perfume"
https://www.youtube.com/watch?v=xewyY0CGPDE,Barytimos,βαρύτιμος,very expensive
https://www.youtube.com/watch?v=9U9z0iyE35E,Katacheō,καταχέω,pour down upon
https://www.youtube.com/watch?v=N45CeKUKH3s,Kopos,κόπος,difficulty; work
https://www.youtube.com/watch?v=l5BBnhetSzg,Parechō,παρέχω,cause; make happen; present
https://www.youtube.com/watch?v=rrNY2PR79xM,Pantote,πάντοτε,always
https://www.youtube.com/watch?v=4dstaNAC6-Q,Entaphiazō,ἐνταφιάζω,prepare burial; bury
https://www.youtube.com/watch?v=orVl8DRX4Ns,Mnēmosynon,μνημόσυνον,memorial; remembrance
https://www.youtube.com/watch?v=foDDkE5YDI0,Eukairia,εὐκαιρία,favorable opportunity
https://www.youtube.com/watch?v=0fIlMTVAc0c,Deina,δεῖνα,somebody
https://www.youtube.com/watch?v=lWXplHL7MUY,Embaptō,ἐμβάπτω,dip
https://www.youtube.com/watch?v=lY7JVxq-E8E,Tryblion,τρύβλιον,"bowl, dish"
https://www.youtube.com/watch?v=7GGQwNPoYFo,Diathēkē,διαθήκη,covenant
https://www.youtube.com/watch?v=irUaQmZngdU,Aphesis,ἄφεσις,letting go; dismissal
https://www.youtube.com/watch?v=Uo63o84ARKs,Genēma,γένημα,fruit; product; yield
https://www.youtube.com/watch?v=L6P5bC_of-I,Ampelos,ἄμπελος,vine
https://www.youtube.com/watch?v=BDn9K208Sdo,Hymneō,ὑμνέω,sing (a hymn)
https://www.youtube.com/watch?v=VBVwFVa2njQ,Patassō,πατάσσω,beat
https://www.youtube.com/watch?v=F-WuPvj2_XA,Poimnē,ποίμνη,flock
https://www.youtube.com/watch?v=CZp1CoiRnTc,Alektōr,ἀλέκτωρ,"cock, rooster"
https://www.youtube.com/watch?v=WtkE4wP0GLY,Tris,τρίς,three times
https://www.youtube.com/watch?v=MDDFbQkVhjw,Chōrion,χωρίον,"place, piece of land"
https://www.youtube.com/watch?v=jM-lBjT9zQw,Autou,αὐτοῦ,he; at the very place; she
https://www.youtube.com/watch?v=_KqEICRJ63c,Adēmoneō,ἀδημονέω,be distressed; be in anxiety
https://www.youtube.com/watch?v=jgQWMd59PV8,Perilypos,περίλυπος,deeply grieved
https://www.youtube.com/watch?v=e70-7FyPvVw,Proerchomai,προέρχομαι,go before; advance
https://www.youtube.com/watch?v=iw7tvN66evU,Prothymos,πρόθυμος,"ready, eager"
https://www.youtube.com/watch?v=ZPmu9mQNsdM,Bareō,βαρέω,burden; weigh down; be heavy
https://www.youtube.com/watch?v=A4yJHN8o0BQ,Xylon,ξύλον,tree; wood; club; cudgel
https://www.youtube.com/watch?v=tXBFitQA6Uw,Kataphileō,καταφιλέω,kiss
https://www.youtube.com/watch?v=Jj42ZFpWZ7w,Pareimi,πάρειμι,be by or present
https://www.youtube.com/watch?v=GfvpBjY2hRg,Apospaō,ἀποσπάω,drag away from; detach
https://www.youtube.com/watch?v=jygQxv-UNHY,Aphaireō,ἀφαιρέω,take away
https://www.youtube.com/watch?v=aos_Zmzks6Q,Ōtion,ὠτίον,ear
https://www.youtube.com/watch?v=fRknDPzFiQ4,Paristēmi,παρίστημι,make stand or place beside
https://www.youtube.com/watch?v=ea3nzxBcy-Y,Legiōn,λεγιών,legion
https://www.youtube.com/watch?v=n29PZSXRsRI,Syllambanō,συλλαμβάνω,arrest; collect; capture
https://www.youtube.com/watch?v=SpqV8lVGyy0,Kathezomai,καθέζομαι,sit down
https://www.youtube.com/watch?v=HXE2TgFPO7o,Makrothen,μακρόθεν,from a distance
https://www.youtube.com/watch?v=Q8vGVCcob7g,Esō,ἔσω,inside; inner
https://www.youtube.com/watch?v=4NujcsQkTDQ,Pseudomartys,ψευδόμαρτυς,false witness
https://www.youtube.com/watch?v=AZtrnW8LUdw,Katamartyreō,καταμαρτυρέω,bear witness against
https://www.youtube.com/watch?v=R-9BxnqPmF8,Exorkizō,ἐξορκίζω,command; adjure
https://www.youtube.com/watch?v=92oHdoCFY5s,Emptyō,ἐμπτύω,spit (on)
https://www.youtube.com/watch?v=VSZmyfrlaw4,Kolaphizō,κολαφίζω,"beat, cuff"
https://www.youtube.com/watch?v=-cTklh717sk,Paiō,παίω,strike; hit
https://www.youtube.com/watch?v=56jtM3mu3Hs,Paidiskē,παιδίσκη,female slave
https://www.youtube.com/watch?v=lKnTZLAXQ1s,Pylōn,πυλών,"gateway, entrance"
https://www.youtube.com/watch?v=pvvGYHi-CLQ,Lalia,λαλιά,speech
https://www.youtube.com/watch?v=gNdeA0EMYbE,Dēlos,δῆλος,"clear, plain"
https://www.youtube.com/watch?v=59e23EiFgpw,Katathematizō,καταθεματίζω,curse
https://www.youtube.com/watch?v=bMxv0ZFAnYo,Pikrōs,πικρῶς,bitterly
https://www.youtube.com/watch?v=USlhDMU00MI,Prōia,πρωΐα,early in the day
https://www.youtube.com/watch?v=Qaq5aFLYXNU,Athōos,ἀθῷος,innocent
https://www.youtube.com/watch?v=b8X7R5j_pow,Apanchō,ἀπάγχω,hang oneself
https://www.youtube.com/watch?v=0o2E54FaRdk,Korbanas,κορβανᾶς,temple treasury
https://www.youtube.com/watch?v=jUTaRurj0q4,Timē,τιμή,honor; price; honour; value
https://www.youtube.com/watch?v=gw7qkMCm_dQ,Kerameus,κεραμεύς,potter
https://www.youtube.com/watch?v=TQU5dY7Jwv8,Dio,διό,therefore
https://www.youtube.com/watch?v=b7JmwMvaflo,Katha,καθά,according as; just as
https://www.youtube.com/watch?v=JSDxLpvAlgE,Eiōtha,εἴωθα,be accustomed
https://www.youtube.com/watch?v=RDOAIIVIVBU,Desmios,δέσμιος,bound; captive
https://www.youtube.com/watch?v=ymadfqxchHQ,Episēmos,ἐπίσημος,marked; having a mark
https://www.youtube.com/watch?v=_5o21z4vqSU,Phthonos,φθόνος,"envy, jealousy"
https://www.youtube.com/watch?v=pks-pIvHFcE,Bēma,βῆμα,judgment seat
https://www.youtube.com/watch?v=rHerpSBwobE,Peithō,πείθω,convince
https://www.youtube.com/watch?v=KL4ZQVavR64,Perissōs,περισσῶς,exceedingly
https://www.youtube.com/watch?v=jsb4y4j-KpU,Aponiptō,ἀπονίπτω,wash clean; wash off
https://www.youtube.com/watch?v=EWzPnquQWo4,Apenanti,ἀπέναντι,before; opposite
https://www.youtube.com/watch?v=2QjQnjHVMyc,Phragelloō,φραγελλόω,flog; scourge
https://www.youtube.com/watch?v=eDIhbxYTbI0,Praitōrion,πραιτώριον,praetorium
https://www.youtube.com/watch?v=e6dqq4pGl8Q,Speira,σπεῖρα,cohort
https://www.youtube.com/watch?v=_kOJ-EmeYps,Ekdyō,ἐκδύω,strip; plunder
https://www.youtube.com/watch?v=L2CFS5OFoSA,Chlamys,χλαμύς,cloak; coat
https://www.youtube.com/watch?v=vyJXbHeNDOE,Kokkinos,κόκκινος,"red, scarlet"
https://www.youtube.com/watch?v=0BvUb-7oSW8,Plekō,πλέκω,plait
https://www.youtube.com/watch?v=_8z1o3QAy58,Stephanos,στέφανος,crown
https://www.youtube.com/watch?v=vquqqigkP4I,Kranion,κρανίον,skull
https://www.youtube.com/watch?v=gTwIB3_4irI,Mignymi,μίγνυμι,mix
https://www.youtube.com/watch?v=u5P1cNWlyA8,Diamerizō,διαμερίζω,distribute; divide
https://www.youtube.com/watch?v=pr1iJ9gY5ic,Klēros,κλῆρος,Lot
https://www.youtube.com/watch?v=dDxMspyEhvo,Paraporeuomai,παραπορεύομαι,go by; pass by; go (through)
https://www.youtube.com/watch?v=B3_XAvJ_1BQ,Systauroō,συσταυρόω,crucify with
https://www.youtube.com/watch?v=71hEy4puvfs,Anaboaō,ἀναβοάω,cry out
https://www.youtube.com/watch?v=JXG9WNo1NtU,Ēli,ἠλί,eli
https://www.youtube.com/watch?v=1CXP-FgJcJg,Sabachthani,σαβαχθάνι,sabachthani
https://www.youtube.com/watch?v=M7CpUX5CMdU,Enkataleipō,ἐγκαταλείπω,forsake; abandon; desert
https://www.youtube.com/watch?v=bhuMUUi-zXg,Trechō,τρέχω,run
https://www.youtube.com/watch?v=KCj-VKuJWlA,Spongos,σπόγγος,sponge
https://www.youtube.com/watch?v=AnmGs-TaPFw,Katapetasma,καταπέτασμα,curtain
https://www.youtube.com/watch?v=tpPyZkuEEwI,Schizō,σχίζω,divide; split; separate
https://www.youtube.com/watch?v=U8rfhCeah30,Anōthen,ἄνωθεν,from above
https://www.youtube.com/watch?v=TPbCXmvU4NI,Koimaō,κοιμάω,fall asleep; sleep
https://www.youtube.com/watch?v=uGMLtif56OQ,Egersis,ἔγερσις,awaking; raising
https://www.youtube.com/watch?v=l8HvcoYo2JA,Emphanizō,ἐμφανίζω,make visible; explain
https://www.youtube.com/watch?v=AHNUw8Aq_94,Theōreō,θεωρέω,be a spectator; notice
https://www.youtube.com/watch?v=o6MAZD8jR_0,Tounoma,τοὔνομα,+ name
https://www.youtube.com/watch?v=IygLCITiGrI,Entylissō,ἐντυλίσσω,wrap up; wrap (up); fold up
https://www.youtube.com/watch?v=JZTn-ZponzQ,Sindōn,σινδών,fine linen; sindon
https://www.youtube.com/watch?v=p_KCLpCSIVI,Latomeō,λατομέω,hew (out of a rock)
https://www.youtube.com/watch?v=r40enrQ4a4w,Proskyliō,προσκυλίω,roll (up to)
https://www.youtube.com/watch?v=bDYkZIZid7E,Epaurion,ἐπαύριον,on the morrow; tomorrow
https://www.youtube.com/watch?v=MbrZ2t050ZA,Paraskeuē,παρασκευή,Preparation Day
https://www.youtube.com/watch?v=r4-qq58c-lc,Planos,πλάνος,deceitful; deceiver
https://www.youtube.com/watch?v=RGbILsJgBlc,Asphalizō,ἀσφαλίζω,guard
https://www.youtube.com/watch?v=ljfgtcGjZEM,Planē,πλάνη,deception; error; wandering
https://www.youtube.com/watch?v=pQGIBlqesrs,Koustōdia,κουστωδία,guard of soldiers
https://www.youtube.com/watch?v=1YeWWRPnprY,Sphragizō,σφραγίζω,seal
https://www.youtube.com/watch?v=7FSHtMJiEHE,Opse,ὀψέ,after a long time
https://www.youtube.com/watch?v=EJozBGEEi-w,Epiphōskō,ἐπιφώσκω,dawn; draw near
https://www.youtube.com/watch?v=iKk-2bY_m90,Apokyliō,ἀποκυλίω,roll away
https://www.youtube.com/watch?v=U4YXed0fYXQ,Eidea,εἰδέα,appearance
https://www.youtube.com/watch?v=uH83ac9FRN4,Chiōn,χιών,snow
https://www.youtube.com/watch?v=dHfIYYrtyxc,Amerimnos,ἀμέριμνος,free from care
https://www.youtube.com/watch?v=8BJMuAil8lw,Hendeka,ἕνδεκα,eleven
https://www.youtube.com/watch?v=sqFkMGpbcOc,Tassō,τάσσω,appoint; arrange
https://www.youtube.com/watch?v=tWQgangf1h4,Kyptō,κύπτω,bend down
https://www.youtube.com/watch?v=-CeF_HUZEy4,Himas,ἱμάς,leathern strap or thong
https://www.youtube.com/watch?v=vMeX3bflstM,Thērion,θηρίον,animal
https://www.youtube.com/watch?v=vauqoe75SIQ,Amphiballō,ἀμφιβάλλω,cast
https://www.youtube.com/watch?v=wtbheaRcmcM,Misthōtos,μισθωτός,hired hand; hired man
https://www.youtube.com/watch?v=w3vtaoYNhaw,Anakrazō,ἀνακράζω,cry out
https://www.youtube.com/watch?v=Owu87V9aqxs,Sparassō,σπαράσσω,shake to and fro
https://www.youtube.com/watch?v=wfgW7457JfQ,Thambeō,θαμβέω,alarm; be astounded; amazed
https://www.youtube.com/watch?v=vs8iCUL-X4I,Syzēteō,συζητέω,discuss; search
https://www.youtube.com/watch?v=aEAgOAebLaU,Epitassō,ἐπιτάσσω,command; order; enjoin
https://www.youtube.com/watch?v=txYp-fr83aI,Pantachou,πανταχοῦ,everywhere
https://www.youtube.com/watch?v=UdPPEVafG_0,Katakeimai,κατάκειμαι,lie down
https://www.youtube.com/watch?v=8bOQOHeZGWo,Ennychos,ἔννυχος,at night
https://www.youtube.com/watch?v=h2_19TEcbqE,Katadiōkō,καταδιώκω,hunt for
https://www.youtube.com/watch?v=kZpp_a-UkEs,Allachou,ἀλλαχοῦ,elsewhere
https://www.youtube.com/watch?v=0R-RmLyuYS4,Kōmopolis,κωμόπολις,rural town
https://www.youtube.com/watch?v=7K6J5D1YwNw,Katharismos,καθαρισμός,cleansing; purification
https://www.youtube.com/watch?v=zZkJ1QAnFRA,Phanerōs,φανερῶς,clearly; manifestly
https://www.youtube.com/watch?v=fCY7ctDCMMQ,Pantothen,πάντοθεν,from all directions
https://www.youtube.com/watch?v=8KpraYPbj2E,Apostegazō,ἀποστεγάζω,unroof
https://www.youtube.com/watch?v=sJrA2XTwcL8,Exoryssō,ἐξορύσσω,dig out; tear out
https://www.youtube.com/watch?v=muBmgAr3Emc,Chalaō,χαλάω,let down
https://www.youtube.com/watch?v=ve9RTfLe75E,Krabattos,κράβαττος,mattress; pallet; bed; mat
https://www.youtube.com/watch?v=aX6pK_Yy2pE,Epiraptō,ἐπιράπτω,sew (on)
https://www.youtube.com/watch?v=7SU74VB1N5c,Paratēreō,παρατηρέω,watch closely
https://www.youtube.com/watch?v=2WDF9RARJGk,Agathopoieō,ἀγαθοποιέω,do good; do well
https://www.youtube.com/watch?v=D2DIGms2K5s,Kakopoieō,κακοποιέω,do evil
https://www.youtube.com/watch?v=qvVxStMeaAE,Periblepō,περιβλέπω,gaze around; look around
https://www.youtube.com/watch?v=nI_YjS_RfNA,Syllypeō,συλλυπέω,be grieved with
https://www.youtube.com/watch?v=JgT3htgVEos,Pōrōsis,πώρωσις,hardness; dullness
https://www.youtube.com/watch?v=Qf52bfJOwHw,Plēthos,πλῆθος,great number
https://www.youtube.com/watch?v=XXy9c6hE2C0,Ploiarion,πλοιάριον,boat; small boat
https://www.youtube.com/watch?v=WjjMCosxq-M,Proskartereō,προσκαρτερέω,be devoted to
https://www.youtube.com/watch?v=YrpJgySkHww,Epipiptō,ἐπιπίπτω,fall on; befall
https://www.youtube.com/watch?v=sGSYQ-n_g90,Mastix,μάστιξ,suffering; torment; whip
https://www.youtube.com/watch?v=htBO8ofLdSk,Brontē,βροντή,thunder
https://www.youtube.com/watch?v=SQd24yIUV1A,Hamartēma,ἁμάρτημα,sin
https://www.youtube.com/watch?v=MDaOTIRxCWI,Stēkō,στήκω,stand
https://www.youtube.com/watch?v=i9SJD4fVpuk,Kyklō,κύκλῳ,around
https://www.youtube.com/watch?v=7C3rMFIu3ss,Epithymia,ἐπιθυμία,desire; craving
https://www.youtube.com/watch?v=9k57e-tt1Z8,Paradechomai,παραδέχομαι,accept; receive
https://www.youtube.com/watch?v=O1pURZ5ne_A,Phaneroō,φανερόω,make known; make manifest
https://www.youtube.com/watch?v=JbGr9qWN0mM,Apokryphos,ἀπόκρυφος,hidden
https://www.youtube.com/watch?v=IK2DfMt5ecI,Sporos,σπόρος,seed
https://www.youtube.com/watch?v=QE-NxPC1q_A,Mēkynō,μηκύνω,make long
https://www.youtube.com/watch?v=lrAHyZD_3XU,Automatos,αὐτόματος,acting of one's own will
https://www.youtube.com/watch?v=MQyiMbX17cg,Drepanon,δρέπανον,sickle
https://www.youtube.com/watch?v=iLGAlHB7Xsk,Epilyō,ἐπιλύω,"explain, interpret"
https://www.youtube.com/watch?v=B2HNiwP51mM,Lailaps,λαῖλαψ,hurricane; storm; gust
https://www.youtube.com/watch?v=wONWUaPdbBg,Gemizō,γεμίζω,fill
https://www.youtube.com/watch?v=qDDjzC9g0YA,Prymna,πρύμνα,stern
https://www.youtube.com/watch?v=rTD3_sw7vpU,Proskephalaion,προσκεφάλαιον,pillow; any cushion
https://www.youtube.com/watch?v=uH6UOEmiAP8,Diegeirō,διεγείρω,arouse; stir up; wake up
https://www.youtube.com/watch?v=wtTBj_wfVAk,Katoikēsis,κατοίκησις,dwelling
https://www.youtube.com/watch?v=uv3Cz_idHJs,Mnēma,μνῆμα,"grave, tomb"
https://www.youtube.com/watch?v=cBHbnmZJhC4,Halysis,ἅλυσις,chain
https://www.youtube.com/watch?v=6u2NNCa1Y5c,Pedē,πέδη,fetter
https://www.youtube.com/watch?v=wD4Rb2xxxLQ,Diaspaō,διασπάω,tear apart
https://www.youtube.com/watch?v=xzoDaPL8dOQ,Damazō,δαμάζω,overpower
https://www.youtube.com/watch?v=EcPgie1gjW0,Katakoptō,κατακόπτω,cut
https://www.youtube.com/watch?v=wvjNzHcYq30,Horkizō,ὁρκίζω,"adjure, implore"
https://www.youtube.com/watch?v=MteKrW7jvp4,Dischilioi,δισχίλιοι,two thousand
https://www.youtube.com/watch?v=a7EE6fO1fb4,Himatizō,ἱματίζω,clothe
https://www.youtube.com/watch?v=aCAJucL7aRA,Sōphroneō,σωφρονέω,be of sound mind
https://www.youtube.com/watch?v=IOUoDbLEQvk,Diēgeomai,διηγέομαι,describe; set out in detail
https://www.youtube.com/watch?v=C9VzjX6lDhM,Archisynagōgos,ἀρχισυνάγωγος,ruler of a synagogue
https://www.youtube.com/watch?v=tGQ1eb7aIvI,Thygatrion,θυγάτριον,(little) daughter
https://www.youtube.com/watch?v=CTMQKzL6kR8,Eschatōs,ἐσχάτως,extremely; finally
https://www.youtube.com/watch?v=XRlcS0ekqLg,Synthlibō,συνθλίβω,press together
https://www.youtube.com/watch?v=7MvuFWFReCo,Dapanaō,δαπανάω,consume; use up; expend
https://www.youtube.com/watch?v=qbCpcP894hk,Pēgē,πηγή,running waters
https://www.youtube.com/watch?v=_cpOuzwyn3A,Tremō,τρέμω,tremble
https://www.youtube.com/watch?v=8Z5C82MYIX0,Synakoloutheō,συνακολουθέω,accompany; follow
https://www.youtube.com/watch?v=AhoHyHky_Vw,Alalazō,ἀλαλάζω,raise the war-cry
https://www.youtube.com/watch?v=7d8bCHtfA7c,Talitha,ταλιθά,talitha
https://www.youtube.com/watch?v=F_6JvSW-W0Y,Koum,κοῦμ,koum
https://www.youtube.com/watch?v=qRrBVNVVE_k,Ekstasis,ἔκστασις,amazement; astonishment
https://www.youtube.com/watch?v=qHbV6Vr0Pd4,Syngenēs,συγγενής,born with; relative
https://www.youtube.com/watch?v=sRt1uCdEomY,Hypodeō,ὑποδέω,bind or fasten under
https://www.youtube.com/watch?v=G1F8MaJ2DVg,Sandalion,σανδάλιον,sandal
https://www.youtube.com/watch?v=r7qMGezwR8E,Chous,χοῦς,dust
https://www.youtube.com/watch?v=pGDU2x4IDzc,Enechō,ἐνέχω,bear ill-will
https://www.youtube.com/watch?v=Fmb1Dx3E4hE,Aporeō,ἀπορέω,be at a loss
https://www.youtube.com/watch?v=jLNwdcSoEts,Hēdeōs,ἡδέως,gladly
https://www.youtube.com/watch?v=8pP8eK6CwbI,Eukairos,εὔκαιρος,"well-timed, suitable"
https://www.youtube.com/watch?v=nQnWMxHEdVs,Megistan,μεγιστάν,"great man, courtier"
https://www.youtube.com/watch?v=QVUMlvBSuEk,Chiliarchos,χιλίαρχος,commander of a thousand
https://www.youtube.com/watch?v=AgPzc0fMSQA,Hēmisys,ἥμισυς,half
https://www.youtube.com/watch?v=XuiyKrcv7Aw,Spoudē,σπουδή,eagerness; diligence
https://www.youtube.com/watch?v=HBkO7SpCjmc,Exautēs,ἐξαυτῆς,at once
https://www.youtube.com/watch?v=n332Y36Sr5o,Atheteō,ἀθετέω,nullify; reject
https://www.youtube.com/watch?v=VxaRb4N0nj0,Spekoulatōr,σπεκουλάτωρ,courier; executioner
https://www.youtube.com/watch?v=PX8sAfy3pt8,Eukaireō,εὐκαιρέω,have opportunity; have time
https://www.youtube.com/watch?v=94sboJvQNE4,Syntrechō,συντρέχω,join with; run together
https://www.youtube.com/watch?v=LRLNFpN6zsA,Diakosioi,διακόσιοι,two hundred
https://www.youtube.com/watch?v=XdqLWobLRLY,Symposion,συμπόσιον,drinking-party; symposium
https://www.youtube.com/watch?v=315NI2ZMbcE,Chlōros,χλωρός,green
https://www.youtube.com/watch?v=b5Cp5QrOPrc,Prasia,πρασιά,garden bed
https://www.youtube.com/watch?v=npfWDc8dUII,Pentēkonta,πεντήκοντα,fifty
https://www.youtube.com/watch?v=5mfgYQt9zj0,Kataklaō,κατακλάω,break down
https://www.youtube.com/watch?v=qcD6yaXVbcg,Apotassō,ἀποτάσσω,say farewell (to); renounce
https://www.youtube.com/watch?v=ZXWMDbk9_Ys,Elaunō,ἐλαύνω,drive
https://www.youtube.com/watch?v=nUc-hP3-78Q,Pōroō,πωρόω,become dim
https://www.youtube.com/watch?v=7f6QEPAN6fE,Prosormizō,προσορμίζω,come into harbor
https://www.youtube.com/watch?v=GirYUguV6E4,Peritrechō,περιτρέχω,run about
https://www.youtube.com/watch?v=CXsf_lIj1lY,Peripherō,περιφέρω,carry about
https://www.youtube.com/watch?v=4ZlWkUldRVs,Koinos,κοινός,common; impure; public
https://www.youtube.com/watch?v=4D1bZ90isz0,Pygmē,πυγμή,fight; fist
https://www.youtube.com/watch?v=Yem4Bd91gZg,Baptismos,βαπτισμός,baptism; washing
https://www.youtube.com/watch?v=pKbhD9Blr30,Xestēs,ξέστης,pitcher
https://www.youtube.com/watch?v=ew6cvpf7hls,Chalkion,χαλκίον,bronze vessel; kettle
https://www.youtube.com/watch?v=igX7kUErBlw,Korban,κορβᾶν,corban
https://www.youtube.com/watch?v=Uhn7WfTa8o8,Paromoios,παρόμοιος,"like, similar"
https://www.youtube.com/watch?v=fkBTxQlx_U4,Pleonexia,πλεονεξία,greediness
https://www.youtube.com/watch?v=YoGeUwR_rPA,Aselgeia,ἀσέλγεια,licentiousness
https://www.youtube.com/watch?v=0ZjAGHJqESU,Hyperēphania,ὑπερηφανία,"arrogance, pride"
https://www.youtube.com/watch?v=zds2FWIGbSY,Aphrosynē,ἀφροσύνη,folly
https://www.youtube.com/watch?v=u0fnUgE22L8,Lanthanō,λανθάνω,escape notice
https://www.youtube.com/watch?v=MGmDd_ALoD8,Mogilalos,μογιλάλος,hardly-speaking; stammerer
https://www.youtube.com/watch?v=YpkwKWf78LA,Apolambanō,ἀπολαμβάνω,receive; recover
https://www.youtube.com/watch?v=qB5kvS7FRxs,Ptyō,πτύω,spit
https://www.youtube.com/watch?v=hyBAylit9rc,Glōssa,γλῶσσα,tongue
https://www.youtube.com/watch?v=_61i7D69nFM,Stenazō,στενάζω,groan; sigh; sigh often
https://www.youtube.com/watch?v=xp7d1Q_9XEw,Ephphatha,ἐφφαθά,ephphatha
https://www.youtube.com/watch?v=X-MXCJAj7lk,Dianoigō,διανοίγω,open
https://www.youtube.com/watch?v=PnNILqAbl44,Desmos,δεσμός,anything for binding
https://www.youtube.com/watch?v=w4VKyhAereo,Hyperperissōs,ὑπερπερισσῶς,beyond all measure
https://www.youtube.com/watch?v=cRYpHc6cons,Anastenazō,ἀναστενάζω,groan for; groan aloud; groan
https://www.youtube.com/watch?v=Mi2QnlS-0bE,Ekpherō,ἐκφέρω,bring out; carry out
https://www.youtube.com/watch?v=587jzbMOjgg,Tēlaugōs,τηλαυγῶς,plainly; clearly
https://www.youtube.com/watch?v=QpwKV6YbId4,Parrēsia,παρρησία,confidence; boldness; plainly
https://www.youtube.com/watch?v=T3h3ZW-A6mQ,Epaischynomai,ἐπαισχύνομαι,be ashamed
https://www.youtube.com/watch?v=H5P0nrY-52A,Stilbō,στίλβω,glisten
https://www.youtube.com/watch?v=-QDDVhYCRPc,Gnapheus,γναφεύς,cloth refiner
https://www.youtube.com/watch?v=FJ9K-rITJiY,Leukainō,λευκαίνω,make white
https://www.youtube.com/watch?v=dZ-gthk9yhw,Ekphobos,ἔκφοβος,terrified
https://www.youtube.com/watch?v=TMasFQ7CiX0,Exapina,ἐξάπινα,on a sudden; moment that
https://www.youtube.com/watch?v=aMScVaHhG18,Exoudeneō,ἐξουδενέω,set at naught; scorn; disdain
https://www.youtube.com/watch?v=GSx1xjt2qiA,Ekthambeō,ἐκθαμβέω,amaze; astonish
https://www.youtube.com/watch?v=WitCIsBm0MA,Prostrechō,προστρέχω,run to
https://www.youtube.com/watch?v=rdgHLbK0b3M,Katalambanō,καταλαμβάνω,grasp; lay hold of
https://www.youtube.com/watch?v=drUogTLM3hU,Aphrizō,ἀφρίζω,foam (at the mouth)
https://www.youtube.com/watch?v=T4r9x23ooOQ,Trizō,τρίζω,"gnash, grind"
https://www.youtube.com/watch?v=R0ab2LM3xkg,Sysparassō,συσπαράσσω,convulse
https://www.youtube.com/watch?v=FClDFO2Pze8,Kyliō,κυλίω,roll
https://www.youtube.com/watch?v=IdaHhWGTYl8,Paidiothen,παιδιόθεν,from childhood
https://www.youtube.com/watch?v=N4xiyYaanFs,Episyntrechō,ἐπισυντρέχω,run together
https://www.youtube.com/watch?v=tvwn5dS2vbU,Kakeithen,κἀκεῖθεν,Kakeithen
https://www.youtube.com/watch?v=jv-F_i0DMd0,Agnoeō,ἀγνοέω,be ignorant; not to know
https://www.youtube.com/watch?v=3YnuSL5kmUM,Dialegomai,διαλέγομαι,converse with; discuss
https://www.youtube.com/watch?v=Eo4hNXwe-J4,Enankalizomai,ἐναγκαλίζομαι,take in one’s arms
https://www.youtube.com/watch?v=aPvMNbLmLOY,Perikeimai,περίκειμαι,"be around, surround"
https://www.youtube.com/watch?v=gNLPvlySPYE,Apokoptō,ἀποκόπτω,cut away; cut off
https://www.youtube.com/watch?v=P5yyaOc3HiE,Skōlēx,σκώληξ,worm
https://www.youtube.com/watch?v=5SqAh7sgukQ,Analos,ἄναλος,without salt
https://www.youtube.com/watch?v=3C0aJEypjeM,Artyō,ἀρτύω,arrange
https://www.youtube.com/watch?v=0fUpXufCB2I,Eirēneuō,εἰρηνεύω,be at peace; keep the peace
https://www.youtube.com/watch?v=U_eWHkx62R8,Symporeuomai,συμπορεύομαι,come; go; or proceed together
https://www.youtube.com/watch?v=xZIb5pgYgKA,Ktisis,κτίσις,creation
https://www.youtube.com/watch?v=j6qy8zkud18,Proskollaō,προσκολλάω,"be devoted to, join"
https://www.youtube.com/watch?v=bm0DkzUu5Ts,Kateulogeō,κατευλογέω,bless
https://www.youtube.com/watch?v=nP-jk5h8FZE,Apostereō,ἀποστερέω,defraud; rob
https://www.youtube.com/watch?v=0fZ_p3nKwpA,Neotēs,νεότης,youth
https://www.youtube.com/watch?v=nfJED79b738,Chrēma,χρῆμα,goods; wealth; money
https://www.youtube.com/watch?v=oH2sYI65pt8,Dyskolos,δύσκολος,discontented; troublesome
https://www.youtube.com/watch?v=r0w892Zceoc,Trymalia,τρυμαλιά,hole
https://www.youtube.com/watch?v=_VxfTcZLnzA,Symbainō,συμβαίνω,go along with; happen
https://www.youtube.com/watch?v=qvrn-iikcfc,Prosporeuomai,προσπορεύομαι,approach
https://www.youtube.com/watch?v=eYoMrAJ27gQ,Prosaitēs,προσαίτης,beggar
https://www.youtube.com/watch?v=mfnnwFOnCPU,Anapēdaō,ἀναπηδάω,jump up
https://www.youtube.com/watch?v=XLKkbnmRAdU,Stibas,στιβάς,leaves
https://www.youtube.com/watch?v=lZUiA4yVlsY,Anamimnēskō,ἀναμιμνῄσκω,be reminded; remember
https://www.youtube.com/watch?v=xvgS34V1ajs,Ontōs,ὄντως,really
https://www.youtube.com/watch?v=r42mV5cDEhs,Hypolēnion,ὑπολήνιον,trough for a winepress
https://www.youtube.com/watch?v=4lIDS_E-QTE,Kenos,κενός,empty
https://www.youtube.com/watch?v=EL7UJIQ6xU0,Kephalioō,κεφαλιόω,strike on the head
https://www.youtube.com/watch?v=RiR01MhYvCA,Atimazō,ἀτιμάζω,dishonor; shame
https://www.youtube.com/watch?v=3D3gHLGANfY,Agreuō,ἀγρεύω,catch unawares
https://www.youtube.com/watch?v=4Pqr92C0Aoo,Ekthaumazō,ἐκθαυμάζω,be amazed
https://www.youtube.com/watch?v=Xd_-7HzCE1s,Exanistēmi,ἐξανίστημι,raise up; rise; stand up
https://www.youtube.com/watch?v=tKI2ifs7ZTE,Batos,βάτος,bramble; bush
https://www.youtube.com/watch?v=njUqvOqfQO0,Ischys,ἰσχύς,"strength, power"
https://www.youtube.com/watch?v=gJFuJ-7rPLg,Synesis,σύνεσις,insight; understanding
https://www.youtube.com/watch?v=l_9gmlOano8,Holokautōma,ὁλοκαύτωμα,burnt offering
https://www.youtube.com/watch?v=Ac9R3xyp4O8,Nounechōs,νουνεχῶς,wisely
https://www.youtube.com/watch?v=_mHpS7LSesI,Stolē,στολή,garment; clothing; raiment
https://www.youtube.com/watch?v=VAMW6--Rx4g,Chēra,χήρα,widow
https://www.youtube.com/watch?v=fHJq-nMtVyw,Prophasis,πρόφασις,excuse; pretext
https://www.youtube.com/watch?v=3tZEh0aPzeA,Makros,μακρός,far; long; far distant
https://www.youtube.com/watch?v=Bx7K0Ywoh28,Gazophylakion,γαζοφυλάκιον,treasury
https://www.youtube.com/watch?v=qmBhuKIoGaU,Leptos,λεπτός,fine; thin; small
https://www.youtube.com/watch?v=IeSweNf0Mh8,Hysterēsis,ὑστέρησις,need; lack; poverty; want
https://www.youtube.com/watch?v=zl3t0mEwPiU,Bios,βίος,life
https://www.youtube.com/watch?v=L6PH2eE3T-I,Synteleō,συντελέω,complete; accomplish
https://www.youtube.com/watch?v=KU1HhErxTFo,Promerimnaō,προμεριμνάω,be anxious beforehand
https://www.youtube.com/watch?v=G0FYybc6jkI,Eklegomai,ἐκλέγομαι,choose; gather
https://www.youtube.com/watch?v=u7L5yLfIZlU,Apoplanaō,ἀποπλανάω,lead astray; go wrong
https://www.youtube.com/watch?v=m3QcPSoVleQ,Agrypneō,ἀγρυπνέω,be alert; look after
https://www.youtube.com/watch?v=a6JLOokFl8k,Apodēmos,ἀπόδημος,away on a journey
https://www.youtube.com/watch?v=V8MLQPY5-xQ,Thyrōros,θυρωρός,doorkeeper
https://www.youtube.com/watch?v=n0agpVNZqtA,Mesonyktion,μεσονύκτιον,midnight
https://www.youtube.com/watch?v=9MjdCT5C1bE,Alektorophōnia,ἀλεκτοροφωνία,crowing of a rooster
https://www.youtube.com/watch?v=9n98sd0w-wo,Exaiphnēs,ἐξαίφνης,on a sudden
https://www.youtube.com/watch?v=AiM59WHPCKc,Nardos,νάρδος,nard
https://www.youtube.com/watch?v=0Uk8fdjrMmg,Pistikos,πιστικός,genuine; unadulterated
https://www.youtube.com/watch?v=KRfMWdz9pzI,Polytelēs,πολυτελής,costly; very expensive
https://www.youtube.com/watch?v=904J-HRCwo0,Triakosioi,τριακόσιοι,three hundred
https://www.youtube.com/watch?v=DgyW71lROoA,Prolambanō,προλαμβάνω,anticipate something
https://www.youtube.com/watch?v=fu9NQV8vrGA,Myrizō,μυρίζω,anoint
https://www.youtube.com/watch?v=n1Bjl_upt3M,Entaphiasmos,ἐνταφιασμός,preparation for burial
https://www.youtube.com/watch?v=nRSSuyQkw2Q,Epangellomai,ἐπαγγέλλομαι,promise
https://www.youtube.com/watch?v=XM03ShWK_cM,Eukairōs,εὐκαίρως,conveniently
https://www.youtube.com/watch?v=8tAl1wUj4i0,Apantaō,ἀπαντάω,meet; encounter
https://www.youtube.com/watch?v=IYjpobRAD6Q,Keramion,κεράμιον,earthenware vessel
https://www.youtube.com/watch?v=WqTVHNpiGbI,Katalyma,κατάλυμα,inn; lodging
https://www.youtube.com/watch?v=Zudoo7ye1q8,Anagaion,ἀνάγαιον,upstairs room
https://www.youtube.com/watch?v=AG2Ue4Q1jGU,Dis,δίς,twice
https://www.youtube.com/watch?v=ld3S9mApTrQ,Ekperissōs,ἐκπερισσῶς,with great emphasis
https://www.youtube.com/watch?v=FV2ygNAEHoU,Synapothnēskō,συναποθνῄσκω,die together with another
https://www.youtube.com/watch?v=V4pwPt98MR8,Parapherō,παραφέρω,act insanely; bring
https://www.youtube.com/watch?v=vrxoKnzF0XQ,Katabarynō,καταβαρύνω,weigh down; burden
https://www.youtube.com/watch?v=295Oxmxh8oA,Syssēmon,σύσσημον,signal; fixed sign or signal
https://www.youtube.com/watch?v=0vfpS1H7oXM,Asphalōs,ἀσφαλῶς,in safety; safely; certainly
https://www.youtube.com/watch?v=n-geVtAAqrg,Spaō,σπάω,draw
https://www.youtube.com/watch?v=WIowZss4N0c,Ōtarion,ὠτάριον,ear
https://www.youtube.com/watch?v=xhfHX1a6L-k,Martyria,μαρτυρία,testimony; martyrdom
https://www.youtube.com/watch?v=HCl9TVSi5Sk,Cheiropoiētos,χειροποίητος,made by hand; artificial
https://www.youtube.com/watch?v=tFmwbzvmtkE,Acheiropoiētos,ἀχειροποίητος,not made by (human) hand
https://www.youtube.com/watch?v=pxFkvguLLFY,Eulogētos,εὐλογητός,blessed
https://www.youtube.com/watch?v=5vpJt3_YcEQ,Perikalyptō,περικαλύπτω,cover; conceal; blindfold
https://www.youtube.com/watch?v=iofTDeNDxrc,Epistamai,ἐπίσταμαι,know
https://www.youtube.com/watch?v=c5zmlgHRG2I,Proaulion,προαύλιον,forecourt; gateway
https://www.youtube.com/watch?v=B7JSYcaiN-o,Anathematizō,ἀναθεματίζω,devote to destruction; devote
https://www.youtube.com/watch?v=lEY3IAVuaBI,Apopherō,ἀποφέρω,carry away; take away
https://www.youtube.com/watch?v=sM-8tesHC0A,Paraiteomai,παραιτέομαι,ask for
https://www.youtube.com/watch?v=_nMt1WBLsZE,Stasiastēs,στασιαστής,"rebel, revolutionary"
https://www.youtube.com/watch?v=bMI4FitGARk,Stasis,στάσις,"existence, occurrence"
https://www.youtube.com/watch?v=pFWZYa84Qak,Anaseiō,ἀνασείω,"stir up, disturb"
https://www.youtube.com/watch?v=jsC8DmI2x84,Endidyskō,ἐνδιδύσκω,"dress, put on"
https://www.youtube.com/watch?v=71WyKTrLN6o,Porphyra,πορφύρα,purple
https://www.youtube.com/watch?v=bC6r_WpbdSs,Akanthinos,ἀκάνθινος,of thorns
https://www.youtube.com/watch?v=g9INbyEZ69Q,Smyrnizō,σμυρνίζω,treat with myrrh
https://www.youtube.com/watch?v=xhBcVl8CEdc,Kathaireō,καθαιρέω,destroy; take down
https://www.youtube.com/watch?v=-V8tQw-DIAc,Kentyriōn,κεντυρίων,centurion
https://www.youtube.com/watch?v=3L6V7rgHF88,Synanabainō,συναναβαίνω,come up with; go up with
https://www.youtube.com/watch?v=bYUI6kE867k,Prosabbaton,προσάββατον,day before the Sabbath
https://www.youtube.com/watch?v=uATToW6JnYs,Euschēmōn,εὐσχήμων,elegant
https://www.youtube.com/watch?v=6gezBOxI2_o,Bouleutēs,βουλευτής,councillor
https://www.youtube.com/watch?v=yEjZwQE_TGs,Prosdechomai,προσδέχομαι,accept; receive
https://www.youtube.com/watch?v=2aEWji8o77A,Dōreomai,δωρέομαι,"present, bestow"
https://www.youtube.com/watch?v=uBoeHh4OrnU,Eneileō,ἐνειλέω,confine in; wrap; wrap up in
https://www.youtube.com/watch?v=Gl44MOlOijE,Pou,πού,somewhere
https://www.youtube.com/watch?v=ud3lrm9HxnU,Diaginomai,διαγίνομαι,live; go through life
https://www.youtube.com/watch?v=ErjXdi78GX0,Arōma,ἄρωμα,any spice or sweet herb
https://www.youtube.com/watch?v=ukp3EkP0yeI,Tromos,τρόμος,trembling
https://www.youtube.com/watch?v=hTJtr0D62hw,Syntomōs,συντόμως,briefly; concisely; promptly
https://www.youtube.com/watch?v=zQCqR-nQ5dQ,Exangellō,ἐξαγγέλλω,"proclaim, report"
https://www.youtube.com/watch?v=RhUiZFSC3bA,Dysis,δύσις,setting of the sun
https://www.youtube.com/watch?v=VbZoU-BVPXA,Exapostellō,ἐξαποστέλλω,send away
https://www.youtube.com/watch?v=cdBZ2NQ6UTY,Aphthartos,ἄφθαρτος,imperishable
https://www.youtube.com/watch?v=Vyg8PWlMDA8,Sōtēria,σωτηρία,deliverance; salvation
https://www.youtube.com/watch?v=YpSn61Qlljk,Apisteō,ἀπιστέω,disbelieve
https://www.youtube.com/watch?v=yF-0VpPet4M,Morphē,μορφή,form
https://www.youtube.com/watch?v=_Re94N3mxtk,Thanasimos,θανάσιμος,deadly
https://www.youtube.com/watch?v=DHJAXNlNwtI,Blaptō,βλάπτω,damage; hinder; hurt
https://www.youtube.com/watch?v=4Nfdh-_b_JA,Analambanō,ἀναλαμβάνω,take up
https://www.youtube.com/watch?v=vBI1Ky7xrtc,Synergeō,συνεργέω,assist; work together with
https://www.youtube.com/watch?v=UiCdu3uPU9g,Bebaioō,βεβαιόω,confirm; establish
https://www.youtube.com/watch?v=L_e-Zd8LonU,Epakoloutheō,ἐπακολουθέω,follow
https://www.youtube.com/watch?v=WecH4gGRpAM,Epeidēper,ἐπειδήπερ,"inasmuch as, since"
https://www.youtube.com/watch?v=aWm9c-OVHxo,Epicheireō,ἐπιχειρέω,"endeavor, try"
https://www.youtube.com/watch?v=nD8APBCAgyM,Anatassomai,ἀνατάσσομαι,organize in a series; compose
https://www.youtube.com/watch?v=f4VN4Uhdgmk,Diēgēsis,διήγησις,narrative
https://www.youtube.com/watch?v=RRaoCyto7vY,Plērophoreō,πληροφορέω,convince fully; fulfil
https://www.youtube.com/watch?v=QtvYZEY3J84,Autoptēs,αὐτόπτης,eyewitness
https://www.youtube.com/watch?v=j0inF0NXF2g,Kathexēs,καθεξῆς,in order
https://www.youtube.com/watch?v=mAOt4DPp-i0,Kratistos,κράτιστος,good; gentle
https://www.youtube.com/watch?v=YTHIYYU63GI,Katēcheō,κατηχέω,report; teach
https://www.youtube.com/watch?v=5xTWUTgw2LU,Asphaleia,ἀσφάλεια,safety
https://www.youtube.com/watch?v=IW0qeKNayMw,Ephēmeria,ἐφημερία,division
https://www.youtube.com/watch?v=HYvO0UEVUbg,Enantion,ἐναντίον,before; against; opposite
https://www.youtube.com/watch?v=7xEmyB0MAhQ,Dikaiōma,δικαίωμα,ordinance; decree
https://www.youtube.com/watch?v=fIwgrzUZzn8,Amemptos,ἄμεμπτος,blameless
https://www.youtube.com/watch?v=0u_O_bB0ZKo,Kathoti,καθότι,"as, to the degree that"
https://www.youtube.com/watch?v=7uUHI0T73as,Steira,στεῖρα,"barren, infertile"
https://www.youtube.com/watch?v=zRiWU1dN3GU,Hierateuō,ἱερατεύω,be a priest
https://www.youtube.com/watch?v=i0onkN4JpS8,Taxis,τάξις,fixed order
https://www.youtube.com/watch?v=Ok2uepzO4Fw,Enanti,ἔναντι,before
https://www.youtube.com/watch?v=GdavodJX_e0,Ethos,ἔθος,custom
https://www.youtube.com/watch?v=eqb_JHPUg50,Hierateia,ἱερατεία,priesthood
https://www.youtube.com/watch?v=4FJZU1R1L6g,Lanchanō,λαγχάνω,obtain by lot
https://www.youtube.com/watch?v=_TRTZHYvxEM,Thymiaō,θυμιάω,burn incense
https://www.youtube.com/watch?v=7XPzom19sEY,Thymiama,θυμίαμα,incense
https://www.youtube.com/watch?v=xjWlYrmriaE,Dioti,διότι,because
https://www.youtube.com/watch?v=e7UwYb4anXo,Deēsis,δέησις,prayer
https://www.youtube.com/watch?v=oegdJKxbQrM,Agalliasis,ἀγαλλίασις,exultation
https://www.youtube.com/watch?v=LDrie47twTs,Enōpion,ἐνώπιον,before
https://www.youtube.com/watch?v=PtA8lubK2qU,Sikera,σίκερα,beer
https://www.youtube.com/watch?v=ppiXEPaNKU0,Apeithēs,ἀπειθής,disobedient
https://www.youtube.com/watch?v=WDKYqSSajYc,Phronēsis,φρόνησις,understanding; wisdom
https://www.youtube.com/watch?v=2qbXqTKpB0c,Presbytēs,πρεσβύτης,old man
https://www.youtube.com/watch?v=X0Ae6pi4m6I,Optasia,ὀπτασία,appearance; vision
https://www.youtube.com/watch?v=7vpilShTNM8,Diamenō,διαμένω,remain
https://www.youtube.com/watch?v=Bnrew2WFK40,Leitourgia,λειτουργία,public duty
https://www.youtube.com/watch?v=9t1FRbqw_6I,Perikrybō,περικρύβω,hide; conceal (entirely)
https://www.youtube.com/watch?v=rJi30gf-_mE,Epeidon,ἐπεῖδον,look at
https://www.youtube.com/watch?v=SGHXtsI6oQE,Oneidos,ὄνειδος,"disgrace, reproach"
https://www.youtube.com/watch?v=hW8V4r0EYTo,Charitoō,χαριτόω,be favored; be gracious
https://www.youtube.com/watch?v=t8vVPFJ53Ic,Diatarassō,διαταράσσω,confuse
https://www.youtube.com/watch?v=ipNc7SOcHwg,Charis,χάρις,grace
https://www.youtube.com/watch?v=etbeJg5yIBo,Eperchomai,ἐπέρχομαι,come upon
https://www.youtube.com/watch?v=YWYFobwrGIU,Syngenis,συγγενίς,kinswoman; relative
https://www.youtube.com/watch?v=3kkTceOhpCY,Gēras,γῆρας,old age
https://www.youtube.com/watch?v=fCRHCMjwsfU,Doulē,δούλη,female slave
https://www.youtube.com/watch?v=jE30LZWS1M4,Skirtaō,σκιρτάω,"leap, spring about"
https://www.youtube.com/watch?v=2wwTn78YBlY,Brephos,βρέφος,babe in the womb
https://www.youtube.com/watch?v=3_VLrmLRRrQ,Anaphōneō,ἀναφωνέω,call aloud
https://www.youtube.com/watch?v=ERli0Pk05J8,Teleiōsis,τελείωσις,completion; fulfillment
https://www.youtube.com/watch?v=P-kSwS2wIag,Sōtēr,σωτήρ,savior
https://www.youtube.com/watch?v=4MhuMMXfKK0,Epiblepō,ἐπιβλέπω,look upon; look down
https://www.youtube.com/watch?v=iDAnsAypca4,Tapeinōsis,ταπείνωσις,humiliation; defeat
https://www.youtube.com/watch?v=hiWver4DpGA,Makarizō,μακαρίζω,bless
https://www.youtube.com/watch?v=J0mXjvqxApI,Kratos,κράτος,might; mighty deed
https://www.youtube.com/watch?v=dpFD6orNlbw,Brachiōn,βραχίων,arm
https://www.youtube.com/watch?v=WkzRuaxXZYc,Hyperēphanos,ὑπερήφανος,"arrogant, proud"
https://www.youtube.com/watch?v=mHUOuYhZ5uI,Dynastēs,δυνάστης,lord; ruler; master
https://www.youtube.com/watch?v=7fxPRtg729Y,Empiplēmi,ἐμπίπλημι,fill quite full
https://www.youtube.com/watch?v=Sjn8PcoI4kM,Plouteō,πλουτέω,be rich
https://www.youtube.com/watch?v=UVgN5hxqLLM,Antilambanō,ἀντιλαμβάνω,help; come to the aid of
https://www.youtube.com/watch?v=Vr8ocuqHX4g,Hypostrephō,ὑποστρέφω,return; turn around; back
https://www.youtube.com/watch?v=XKnOoQZlVms,Perioikos,περίοικος,dwelling round
https://www.youtube.com/watch?v=ArHwlr5MBoM,Synchairō,συγχαίρω,rejoice with
https://www.youtube.com/watch?v=Br06TIfir-U,Ogdoos,ὄγδοος,eighth
https://www.youtube.com/watch?v=niRrIy7jrB0,Peritemnō,περιτέμνω,circumcise
https://www.youtube.com/watch?v=aZ_kATfRztk,Syngeneia,συγγένεια,descent or family; kin
https://www.youtube.com/watch?v=TkWjCQucHfk,Enneuō,ἐννεύω,make signals
https://www.youtube.com/watch?v=_O75hF25Z5U,Pinakidion,πινακίδιον,writing tablet
https://www.youtube.com/watch?v=JjlBWE-heyM,Perioikeō,περιοικέω,be in the area of
https://www.youtube.com/watch?v=O_SVmtn__N0,Dialaleō,διαλαλέω,discuss
https://www.youtube.com/watch?v=W0rh2JGLg4o,Lytrōsis,λύτρωσις,"ransoming, redemption"
https://www.youtube.com/watch?v=OkDaXga9L2k,Keras,κέρας,horn
https://www.youtube.com/watch?v=_GSgNiNmZDM,Aphobōs,ἀφόβως,fearless; fearlessly
https://www.youtube.com/watch?v=w3EV7lfp3kU,Hosiotēs,ὁσιότης,holiness
https://www.youtube.com/watch?v=qbtqOaM4dMA,Proporeuomai,προπορεύομαι,go before; advance
https://www.youtube.com/watch?v=yp2RHgOWAsU,Gnōsis,γνῶσις,knowledge
https://www.youtube.com/watch?v=ipTzLcSiH4o,Splanchnon,σπλάγχνον,inward parts
https://www.youtube.com/watch?v=Hpnk5L7fZb8,Hypsos,ὕψος,height
https://www.youtube.com/watch?v=HeKDvQrsNCI,Epiphainō,ἐπιφαίνω,appear; give light to; show
https://www.youtube.com/watch?v=E6rF2MsfOzY,Kateuthynō,κατευθύνω,direct; lead
https://www.youtube.com/watch?v=BoVOZEfhWz8,Krataioō,κραταιόω,become strong
https://www.youtube.com/watch?v=WukSr63iK_I,Anadeixis,ἀνάδειξις,commissioning
https://www.youtube.com/watch?v=9sYVNFnBZEE,Dogma,δόγμα,command; ordinance; decree
https://www.youtube.com/watch?v=PfpJoYPCNKg,Apographō,ἀπογράφω,enroll; register
https://www.youtube.com/watch?v=2rvl4f3mqh4,Apographē,ἀπογραφή,census
https://www.youtube.com/watch?v=IB-Mpt2n5H8,Hēgemoneuō,ἡγεμονεύω,be leader
https://www.youtube.com/watch?v=x4xJ-4VOSro,Patria,πατριά,clan; family; house
https://www.youtube.com/watch?v=Q4yxF9PFbYc,Enkyos,ἔγκυος,be pregnant
https://www.youtube.com/watch?v=LUb6g3auXbQ,Prōtotokos,πρωτότοκος,first-born
https://www.youtube.com/watch?v=RoI6RueE6Z8,Sparganoō,σπαργανόω,swaddling-clothes
https://www.youtube.com/watch?v=7R9UrNu32T4,Phatnē,φάτνη,manger
https://www.youtube.com/watch?v=7VTJRdaBb5E,Agrauleō,ἀγραυλέω,live out of doors
https://www.youtube.com/watch?v=6RDSIoDgxUM,Ephistēmi,ἐφίστημι,place; set; place upon
https://www.youtube.com/watch?v=6gHsV9T-OEw,Perilampō,περιλάμπω,shine around
https://www.youtube.com/watch?v=KFEc3kIHl-I,Stratia,στρατιά,army
https://www.youtube.com/watch?v=O0qBQY8VcMk,Aineō,αἰνέω,praise
https://www.youtube.com/watch?v=__BEXRijbZE,Gnōrizō,γνωρίζω,make known; explain
https://www.youtube.com/watch?v=PoSluMlElqs,Speudō,σπεύδω,be eager; hasten; hurry
https://www.youtube.com/watch?v=ujHyW1TKlEI,Aneuriskō,ἀνευρίσκω,find
https://www.youtube.com/watch?v=3RjAMyOYvjM,Symballō,συμβάλλω,compare with; throw together
https://www.youtube.com/watch?v=aIiI1EnFkGY,Oktō,ὀκτώ,eight
https://www.youtube.com/watch?v=Bs3lc-j1gkc,Mētra,μήτρα,womb
https://www.youtube.com/watch?v=UESYJjY_Syo,Zeugos,ζεῦγος,pair; yoke
https://www.youtube.com/watch?v=VldnHesrAX0,Trygōn,τρυγών,"pigeon, turtledove"
https://www.youtube.com/watch?v=SY2f5a-H8TM,Nossos,νοσσός,fledgling; nestling
https://www.youtube.com/watch?v=2bQAB5lGni8,Eulabēs,εὐλαβής,"devout, God-fearing"
https://www.youtube.com/watch?v=boaWyRxcKhw,Paraklēsis,παράκλησις,encouragement
https://www.youtube.com/watch?v=guwMCyMTzQg,Eisagō,εἰσάγω,bring in
https://www.youtube.com/watch?v=jaxqtc2KzE8,Ethizō,ἐθίζω,accustom
https://www.youtube.com/watch?v=_bcadFWrdfw,Ankalē,ἀγκάλη,arm
https://www.youtube.com/watch?v=Ql3llJWBxGc,Despotēs,δεσπότης,lord; master
https://www.youtube.com/watch?v=p1GUlLylT-s,Sōtērios,σωτήριος,bringing salvation; saving
https://www.youtube.com/watch?v=ohNVe34B_BM,Apokalypsis,ἀποκάλυψις,revelation
https://www.youtube.com/watch?v=3e0PFBdrnnI,Antilegō,ἀντιλέγω,contradict; speak against
https://www.youtube.com/watch?v=icItIcPgNQM,Prophētis,προφῆτις,prophet
https://www.youtube.com/watch?v=tELdDhSYzk4,Parthenia,παρθενία,virgin condition; virginity
https://www.youtube.com/watch?v=XWIpNFCmplc,Ogdoēkonta,ὀγδοήκοντα,eighty
https://www.youtube.com/watch?v=9jAWjKyYnww,Aphistēmi,ἀφίστημι,cause to revolt
https://www.youtube.com/watch?v=2Mw8CIBsonE,Nēsteia,νηστεία,fast
https://www.youtube.com/watch?v=-fVRfgERnaI,Anthomologeomai,ἀνθομολογέομαι,confess freely and openly
https://www.youtube.com/watch?v=C8xuqayGxt8,Synodia,συνοδία,caravan
https://www.youtube.com/watch?v=t7JOfJIx1QY,Anazēteō,ἀναζητέω,investigate; search for
https://www.youtube.com/watch?v=hjA4w_aiX8Y,Gnōstos,γνωστός,known
https://www.youtube.com/watch?v=UraGskLjXlc,Apokrisis,ἀπόκρισις,answer
https://www.youtube.com/watch?v=wAzE4nYR_Vk,Odynaō,ὀδυνάω,be pained; be distressed
https://www.youtube.com/watch?v=sxOs1u81nOg,Hypotassō,ὑποτάσσω,place or arrange under
https://www.youtube.com/watch?v=qGeZrDvAHgE,Prokoptō,προκόπτω,"progress, advance"
https://www.youtube.com/watch?v=y5t12nsyVNM,Pentekaidekatos,πεντεκαιδέκατος,fifteenth
https://www.youtube.com/watch?v=mtmX94ZW2js,Hēgemonia,ἡγεμονία,chief command
https://www.youtube.com/watch?v=Bmz0ESX9BMk,Tetraarcheō,τετρααρχέω,be tetrarch
https://www.youtube.com/watch?v=HCdbByWmevw,Pharanx,φάραγξ,ravine; gully
https://www.youtube.com/watch?v=7_UcWG39Qmg,Bounos,βουνός,hill
https://www.youtube.com/watch?v=jlEOrIKXUE0,Skolios,σκολιός,crooked; curved
https://www.youtube.com/watch?v=1mqi10n89ks,Trachys,τραχύς,"rough, uneven"
https://www.youtube.com/watch?v=fFRvx-MEjXE,Leios,λεῖος,smooth
https://www.youtube.com/watch?v=1N6h7HmrpEc,Metadidōmi,μεταδίδωμι,"give, impart"
https://www.youtube.com/watch?v=UFRDk44--Js,Prassō,πράσσω,"do, accomplish"
https://www.youtube.com/watch?v=TQxj4vu6bQM,Strateuō,στρατεύω,serve in the army; fight
https://www.youtube.com/watch?v=6AZ92XYNxRE,Diaseiō,διασείω,extort
https://www.youtube.com/watch?v=z3yruTboBhI,Sykophanteō,συκοφαντέω,accuse falsely; slander
https://www.youtube.com/watch?v=4VQzdbTR5Ig,Opsōnion,ὀψώνιον,"pay, wages"
https://www.youtube.com/watch?v=IegITQFRbv0,Diakathairō,διακαθαίρω,clean out
https://www.youtube.com/watch?v=xbq-gZNxDRc,Katakleiō,κατακλείω,shut in; lock up
https://www.youtube.com/watch?v=9pMD5iJUYXU,Sōmatikos,σωματικός,bodily
https://www.youtube.com/watch?v=-FhsKexb65c,Eidos,εἶδος,appearance; form; shape
https://www.youtube.com/watch?v=cqmv1rSkgVc,Stigmē,στιγμή,moment
https://www.youtube.com/watch?v=OtZxQdVk-GE,Enteuthen,ἐντεῦθεν,from here
https://www.youtube.com/watch?v=Bwa9P_x4CkM,Diaphylassō,διαφυλάσσω,guard
https://www.youtube.com/watch?v=f-h1KwuarBM,Anaptyssō,ἀναπτύσσω,unfold; spread out
https://www.youtube.com/watch?v=-jTxv-f5nY8,Chriō,χρίω,anoint
https://www.youtube.com/watch?v=9lf0c4LLhGA,Aichmalōtos,αἰχμάλωτος,captive
https://www.youtube.com/watch?v=HF5QELM_APc,Anablepsis,ἀνάβλεψις,recovery of sight
https://www.youtube.com/watch?v=uJlD62tF7mk,Eniautos,ἐνιαυτός,any long period of time
https://www.youtube.com/watch?v=M2lt8ZMWs8w,Dektos,δεκτός,acceptable
https://www.youtube.com/watch?v=exdJ0PgML-4,Ptyssō,πτύσσω,fold
https://www.youtube.com/watch?v=xkijFVj0wIc,Atenizō,ἀτενίζω,gaze; look intently
https://www.youtube.com/watch?v=pyUsOgNZStw,Pantōs,πάντως,all; surely; altogether
https://www.youtube.com/watch?v=0QTmI8v21sA,Thymos,θυμός,anger; wrath; indignation
https://www.youtube.com/watch?v=Xk8l-HNwtgE,Ophrys,ὀφρῦς,"brow, edge"
https://www.youtube.com/watch?v=ScFZ4RhD_dY,Katakrēmnizō,κατακρημνίζω,throw down
https://www.youtube.com/watch?v=95lZAgW4FOs,Katerchomai,κατέρχομαι,come down; arrive
https://www.youtube.com/watch?v=1NdmvAlGdGM,Ea,ἔα,ah!; alas
https://www.youtube.com/watch?v=GqTHhIFz_cE,Thambos,θάμβος,"amazement, awe"
https://www.youtube.com/watch?v=n-C1G1oq_Hc,Ēchos,ἦχος,sound; noise
https://www.youtube.com/watch?v=v6X6CpynOlg,Katechō,κατέχω,hold fast
https://www.youtube.com/watch?v=WV7RBbHLYcM,Epikeimai,ἐπίκειμαι,be laid upon
https://www.youtube.com/watch?v=SyuZVwkESZs,Limnē,λίμνη,lake
https://www.youtube.com/watch?v=ZtQx9qNXSxE,Apobainō,ἀποβαίνω,get out; turn out; lead to
https://www.youtube.com/watch?v=nH38K5-Grwg,Plynō,πλύνω,to wash
https://www.youtube.com/watch?v=gzLUESlp9Yk,Pauō,παύω,cease; stop
https://www.youtube.com/watch?v=X9zzG6UjuYg,Agra,ἄγρα,catching; a catch
https://www.youtube.com/watch?v=mzI3UQJqb-I,Epistatēs,ἐπιστάτης,master
https://www.youtube.com/watch?v=egrkm0-Fw4w,Synkleiō,συγκλείω,confine; imprison; enclose
https://www.youtube.com/watch?v=Ae0xiuKhQRI,Kataneuō,κατανεύω,nod assent
https://www.youtube.com/watch?v=f-Nh5YtvOo4,Metochos,μέτοχος,companion; companion of
https://www.youtube.com/watch?v=Op2WFtDntyM,Bythizō,βυθίζω,sink; drown
https://www.youtube.com/watch?v=0VQdGLfZOq8,Periechō,περιέχω,encircle
https://www.youtube.com/watch?v=fhBhTwyUpIU,Zōgreō,ζωγρέω,capture alive
https://www.youtube.com/watch?v=llxs6a2XAtw,Katagō,κατάγω,bring down; bring
https://www.youtube.com/watch?v=YwqUIfZY410,Nomodidaskalos,νομοδιδάσκαλος,teacher of the law
https://www.youtube.com/watch?v=g1jjas30VZI,Paralyō,παραλύω,disable; weaken
https://www.youtube.com/watch?v=e_ZxrEMkP2w,Keramos,κέραμος,clay
https://www.youtube.com/watch?v=8bTim7wjrXQ,Kathiēmi,καθίημι,let down
https://www.youtube.com/watch?v=O7myff5AKU4,Klinidion,κλινίδιον,bed; pallet; stretcher
https://www.youtube.com/watch?v=9JRVa-zHVJQ,Paradoxos,παράδοξος,"strange, wonderful"
https://www.youtube.com/watch?v=lcSeJTU4qpI,Dochē,δοχή,banquet; reception
https://www.youtube.com/watch?v=kzKlipleefE,Hygiainō,ὑγιαίνω,be healthy/correct
https://www.youtube.com/watch?v=i72Gf19hW-E,Pyknos,πυκνός,frequent; often
https://www.youtube.com/watch?v=Rl7DVddjh6k,Blēteos,βλητέος,must be put
https://www.youtube.com/watch?v=h--w0fGlkeQ,Diaporeuomai,διαπορεύομαι,go through; go walk through
https://www.youtube.com/watch?v=2gX87kuPfIc,Psōchō,ψώχω,rub
https://www.youtube.com/watch?v=b1nYHyeI-C0,Anoia,ἄνοια,folly
https://www.youtube.com/watch?v=x7LZgeOwMoI,Dianyktereuō,διανυκτερεύω,pass the night
https://www.youtube.com/watch?v=hUreuuZSzP8,Onomazō,ὀνομάζω,name
https://www.youtube.com/watch?v=JwaS_cxsUWA,Zēlōtēs,ζηλωτής,Zealot
https://www.youtube.com/watch?v=pQXxjrP32hI,Prodotēs,προδότης,betrayer; traitor
https://www.youtube.com/watch?v=iicuIRvCQD4,Pedinos,πεδινός,"flat, level"
https://www.youtube.com/watch?v=ZyObx7jaowc,Paralios,παράλιος,seacoast
https://www.youtube.com/watch?v=cj_aY3aShSs,Enochleō,ἐνοχλέω,"trouble, annoy"
https://www.youtube.com/watch?v=FVgTSDU102I,Hymeteros,ὑμέτερος,belonging to
https://www.youtube.com/watch?v=Y4Krq8yKWns,Gelaō,γελάω,laugh
https://www.youtube.com/watch?v=i1UsuOZARIU,Epēreazō,ἐπηρεάζω,threaten; abuse
https://www.youtube.com/watch?v=T7_-iX8d7ho,Apaiteō,ἀπαιτέω,ask for
https://www.youtube.com/watch?v=idt2E2h9BCI,Apelpizō,ἀπελπίζω,despair; expect back
https://www.youtube.com/watch?v=LRLGpwzds5A,Acharistos,ἀχάριστος,ungracious; unpleasant
https://www.youtube.com/watch?v=aLgAzspCFYU,Oiktirmōn,οἰκτίρμων,merciful
https://www.youtube.com/watch?v=NsdqA_8-9DU,Hyperekchynnō,ὑπερεκχύννω,pour out over; overflow
https://www.youtube.com/watch?v=NLoyjnV4AMk,Kolpos,κόλπος,bosom
https://www.youtube.com/watch?v=lOnjD_qtgG0,Antimetreō,ἀντιμετρέω,measure in return
https://www.youtube.com/watch?v=D7094fWYsXY,Trygaō,τρυγάω,gather in
https://www.youtube.com/watch?v=EQUmRGqc77A,Propherō,προφέρω,bring before
https://www.youtube.com/watch?v=fLLiD9RfFJQ,Skaptō,σκάπτω,cultivate; dig; delve
https://www.youtube.com/watch?v=XAh_jaKnMQU,Bathynō,βαθύνω,deepen
https://www.youtube.com/watch?v=Ni8j9qDa_GE,Themelion,θεμέλιον,foundation
https://www.youtube.com/watch?v=f2rAAMCkZ7E,Plēmmyra,πλήμμυρα,flood
https://www.youtube.com/watch?v=MTjLqvdCq6I,Prosrēssō,προσρήσσω,burst upon; burst against
https://www.youtube.com/watch?v=31oBrHhIvXM,Sympiptō,συμπίπτω,fall in; collapse
https://www.youtube.com/watch?v=IqVgv4fJ_fI,Epeidē,ἐπειδή,because; since
https://www.youtube.com/watch?v=Za5O3IXHhCQ,Entimos,ἔντιμος,honored
https://www.youtube.com/watch?v=ogrHfnc5W2A,Spoudaiōs,σπουδαίως,diligently; earnestly
https://www.youtube.com/watch?v=x1bKsp3jgDA,Axioō,ἀξιόω,consider worthy
https://www.youtube.com/watch?v=MX5Fha-p_LY,Hexēs,ἑξῆς,in the next place
https://www.youtube.com/watch?v=yv96Wk-TyPU,Ekkomizō,ἐκκομίζω,carry out
https://www.youtube.com/watch?v=DOnvb7dV-z0,Monogenēs,μονογενής,one and only; only
https://www.youtube.com/watch?v=dN0ij1DtWgg,Soros,σορός,"coffin, bier"
https://www.youtube.com/watch?v=htgEYEVywPk,Anakathizō,ἀνακαθίζω,sit up
https://www.youtube.com/watch?v=eYacoMdat38,Charizomai,χαρίζομαι,forgive; give freely
https://www.youtube.com/watch?v=32vrmOwh5W4,Himatismos,ἱματισμός,clothing
https://www.youtube.com/watch?v=yvMsTUx0R30,Endoxos,ἔνδοξος,glorious; splendid; honored
https://www.youtube.com/watch?v=pL0JD8ff4tM,Tryphē,τρυφή,"indulgence, reveling"
https://www.youtube.com/watch?v=I8kXnfoRh-U,Basileios,βασίλειος,of the king
https://www.youtube.com/watch?v=Ymu2bPbFaFM,Boulē,βουλή,counsel; will
https://www.youtube.com/watch?v=m_ejM9Bas08,Kataklinō,κατακλίνω,lie down; recline
https://www.youtube.com/watch?v=R9Ges9fEP2Y,Dakryon,δάκρυον,tear
https://www.youtube.com/watch?v=fD9NnvJY1q0,Ekmassō,ἐκμάσσω,wipe
https://www.youtube.com/watch?v=sTNwv0sVk7E,Chreopheiletēs,χρεοφειλέτης,debtor
https://www.youtube.com/watch?v=7_SSYeuupO0,Danistēs,δανιστής,money-lender
https://www.youtube.com/watch?v=BQNb_UgbnKA,Pentakosioi,πεντακόσιοι,five hundred
https://www.youtube.com/watch?v=PgoSL2Q7JbU,Hypolambanō,ὑπολαμβάνω,answer; take up; suppose
https://www.youtube.com/watch?v=kYa7ywdocjY,Philēma,φίλημα,kiss
https://www.youtube.com/watch?v=1VvaYw1SIFg,Dialeipō,διαλείπω,leave off; cease
https://www.youtube.com/watch?v=6iB3YrBRzVU,Diodeuō,διοδεύω,"go, travel through"
https://www.youtube.com/watch?v=Be1yNeb-Tvk,Syneimi,σύνειμι,be with; be with someone
https://www.youtube.com/watch?v=yHe8Jm46L3Q,Epiporeuomai,ἐπιπορεύομαι,go/journey to
https://www.youtube.com/watch?v=ZV3Tart2oNc,Katapiptō,καταπίπτω,fall (down)
https://www.youtube.com/watch?v=7amn_zCXGpA,Ikmas,ἰκμάς,drop; moisture
https://www.youtube.com/watch?v=F0CLkcBmwNM,Symphyō,συμφύω,grow up with
https://www.youtube.com/watch?v=Hgyy1X8E_FA,Apopnigō,ἀποπνίγω,choke; drown
https://www.youtube.com/watch?v=ZyZfQBCHkUk,Hēdonē,ἡδονή,pleasure
https://www.youtube.com/watch?v=qrIlqPcaaNc,Telesphoreō,τελεσφορέω,bear fruit to maturity
https://www.youtube.com/watch?v=wrlytyBut5w,Hypomonē,ὑπομονή,endurance; perseverance
https://www.youtube.com/watch?v=hd8hXrYK5UA,Syntynchanō,συντυγχάνω,come together with; meet
https://www.youtube.com/watch?v=pjli3pyHdzI,Pleō,πλέω,sail
https://www.youtube.com/watch?v=4oEfXuzPtQQ,Aphypnoō,ἀφυπνόω,fall asleep
https://www.youtube.com/watch?v=LTARBWecC6s,Symplēroō,συμπληρόω,be swamped; fulfill
https://www.youtube.com/watch?v=qVkqnJd8s9A,Kindyneuō,κινδυνεύω,be in danger
https://www.youtube.com/watch?v=GSIwiGMa1Nk,Klydōn,κλύδων,rough water
https://www.youtube.com/watch?v=5f4aCbyYRfY,Katapleō,καταπλέω,sail down
https://www.youtube.com/watch?v=ExnVIB1uE04,Antipera,ἀντιπέρα,opposite
https://www.youtube.com/watch?v=tjZZ1fJ3h4A,Synarpazō,συναρπάζω,catch up; take up
https://www.youtube.com/watch?v=v4wPnMy5A9k,Abyssos,ἄβυσσος,abyss; deep; bottomless
https://www.youtube.com/watch?v=GMeXryKQ22M,Apodechomai,ἀποδέχομαι,accept from
https://www.youtube.com/watch?v=wYHlhO9y2nc,Prosanaloō,προσαναλόω,spend lavishly
https://www.youtube.com/watch?v=4Jws6cpSwlI,Apothlibō,ἀποθλίβω,"press upon, crowd"
https://www.youtube.com/watch?v=vRnD9KEajE8,Apotinassō,ἀποτινάσσω,shake off
https://www.youtube.com/watch?v=lrIwrE1bxUE,Diaporeō,διαπορέω,be at a loss
https://www.youtube.com/watch?v=KHUW05uFKGY,Therapeia,θεραπεία,treatment; healing
https://www.youtube.com/watch?v=3rmusTEFztI,Episitismos,ἐπισιτισμός,provisions
https://www.youtube.com/watch?v=2n82NVpaXFs,Klisia,κλισία,eating group
https://www.youtube.com/watch?v=Yvn3B62kE9o,Exastraptō,ἐξαστράπτω,flash as with lightning
https://www.youtube.com/watch?v=3n7zFbO37Z8,Exodos,ἔξοδος,departure; death; exodus
https://www.youtube.com/watch?v=kvNtYcOgZjw,Diagrēgoreō,διαγρηγορέω,keep awake; be fully awake
https://www.youtube.com/watch?v=CeRQimL0KP0,Synistēmi,συνίστημι,combine; associate; appoint
https://www.youtube.com/watch?v=6rVlHMszIbg,Diachōrizō,διαχωρίζω,separate
https://www.youtube.com/watch?v=iDCe8CfVWWE,Sigaō,σιγάω,be silent or still
https://www.youtube.com/watch?v=GxsSTGJt-R4,Synantaō,συναντάω,meet face to face
https://www.youtube.com/watch?v=J4ZRKLlCllM,Aphros,ἀφρός,foam
https://www.youtube.com/watch?v=ZQKtsl8-g2U,Prosagō,προσάγω,bring forth; approach
https://www.youtube.com/watch?v=DHk3W-N0jUE,Megaleiotēs,μεγαλειότης,grandeur
https://www.youtube.com/watch?v=jm5B1m7WCbU,Parakalyptō,παρακαλύπτω,hide
https://www.youtube.com/watch?v=ZKRNqhaTA10,Aisthanomai,αἰσθάνομαι,notice; understand
https://www.youtube.com/watch?v=Tcz9y0tyqmY,Analēmpsis,ἀνάλημψις,taking up; ascension
https://www.youtube.com/watch?v=SwVPp31uXLA,Stērizō,στηρίζω,establish; strengthen
https://www.youtube.com/watch?v=BpCz4O8zGXU,Analoō,ἀναλόω,"destroy, consume"
https://www.youtube.com/watch?v=W3cq-PYFoZU,Diangellō,διαγγέλλω,announce; proclaim
https://www.youtube.com/watch?v=R4fk92P-bhI,Arotron,ἄροτρον,plough
https://www.youtube.com/watch?v=NjnK9i6nYHg,Euthetos,εὔθετος,be suitable; convenient
https://www.youtube.com/watch?v=X72m82S8VzM,Anadeiknymi,ἀναδείκνυμι,appoint; commission
https://www.youtube.com/watch?v=Soz8BTk9Qqk,Hebdomēkonta,ἑβδομήκοντα,seventy
https://www.youtube.com/watch?v=q1Ec2EtBGo8,Arēn,ἀρήν,lamb
https://www.youtube.com/watch?v=4xBZeMhWKhI,Ballantion,βαλλάντιον,money bag; purse
https://www.youtube.com/watch?v=b5cM6As80uo,Epanapauomai,ἐπαναπαύομαι,find comfort; rest; rest upon
https://www.youtube.com/watch?v=7XPMO2fpjy4,Apomassō,ἀπομάσσω,wipe off
https://www.youtube.com/watch?v=tvCMG7ktVLc,Pateō,πατέω,trample; tread on; tread
https://www.youtube.com/watch?v=Wy7GThq0ErA,Skorpios,σκορπίος,scorpion
https://www.youtube.com/watch?v=T10l9uLt13k,Engraphō,ἐγγράφω,engrave; inscribe
https://www.youtube.com/watch?v=PEoozxEIon4,Apokryptō,ἀποκρύπτω,hide from
https://www.youtube.com/watch?v=s4pVCqYJGCo,Peripiptō,περιπίπτω,encounter; fall on the side
https://www.youtube.com/watch?v=EbB6DDNdwC0,Plēgē,πληγή,blow
https://www.youtube.com/watch?v=mk_y5tM_LCk,Hēmithanēs,ἡμιθανής,half dead
https://www.youtube.com/watch?v=K09z1RmxyTo,Synkyria,συγκυρία,chance; coincidence
https://www.youtube.com/watch?v=SBDuixVxcok,Antiparerchomai,ἀντιπαρέρχομαι,pass by on the opposite side
https://www.youtube.com/watch?v=4ION_F_wRVc,Hodeuō,ὁδεύω,go
https://www.youtube.com/watch?v=HlQiiwe50J8,Katadeō,καταδέω,bind on or to
https://www.youtube.com/watch?v=I_evb-f-J4A,Trauma,τραῦμα,wound
https://www.youtube.com/watch?v=pV_HVPuV0C0,Epicheō,ἐπιχέω,pour
https://www.youtube.com/watch?v=OcMKCw5ohDM,Epibibazō,ἐπιβιβάζω,cause to mount; cause to ride
https://www.youtube.com/watch?v=-UxrqQMS5EQ,Ktēnos,κτῆνος,(domesticated) animal
https://www.youtube.com/watch?v=IViT18xfJXI,Pandocheion,πανδοχεῖον,inn
https://www.youtube.com/watch?v=3OjJVjBuzUA,Epimeleomai,ἐπιμελέομαι,care for
https://www.youtube.com/watch?v=x7fDKSuBGSI,Pandocheus,πανδοχεύς,innkeeper
https://www.youtube.com/watch?v=7E4pSavWeS4,Prosdapanaō,προσδαπανάω,spend in addition
https://www.youtube.com/watch?v=6O_4sZNHGJg,Epanerchomai,ἐπανέρχομαι,return
https://www.youtube.com/watch?v=ODNCRVhEWfg,Hypodechomai,ὑποδέχομαι,receive beneath
https://www.youtube.com/watch?v=C_yTOwC4FGI,Parakathezomai,παρακαθέζομαι,sit beside
https://www.youtube.com/watch?v=qHqBEn6JfDw,Perispaō,περισπάω,be distracted
https://www.youtube.com/watch?v=2CAnAu49Z3Y,Diakonia,διακονία,mediation; service
https://www.youtube.com/watch?v=GZjwOEIQHFA,Synantilambanomai,συναντιλαμβάνομαι,help
https://www.youtube.com/watch?v=MS7uHJTK1jw,Thorybazō,θορυβάζω,be troubled; be distracted
https://www.youtube.com/watch?v=NMBbIcfzaf4,Meris,μερίς,part; portion
https://www.youtube.com/watch?v=lKtPkKBA2a8,Kichrēmi,κίχρημι,lend
https://www.youtube.com/watch?v=hnyBQVvjtWI,Koitē,κοίτη,bed
https://www.youtube.com/watch?v=47eGYrxQLx4,Anaideia,ἀναίδεια,impudence; shamelessness
https://www.youtube.com/watch?v=QEqTlouDVfY,Ōon,ᾠόν,egg
https://www.youtube.com/watch?v=3rVMEI_mQQ4,Dianoēma,διανόημα,thought
https://www.youtube.com/watch?v=63AOzQ6285M,Kathoplizō,καθοπλίζω,"arm, equip oneself"
https://www.youtube.com/watch?v=fS5f_cqN6gg,Nikaō,νικάω,"be victor, conquer"
https://www.youtube.com/watch?v=RKMhZMwwu0w,Panoplia,πανοπλία,armor; suit of armor
https://www.youtube.com/watch?v=ce8qw5-cfEM,Diadidōmi,διαδίδωμι,"distribute, give"
https://www.youtube.com/watch?v=QOBMFgazNEs,Mastos,μαστός,breast
https://www.youtube.com/watch?v=fQuCypzcbNg,Menoun,μενοῦν,rather; on the contrary
https://www.youtube.com/watch?v=0_4DfC09UiI,Epathroizō,ἐπαθροίζω,increase
https://www.youtube.com/watch?v=0roJA9FwjMs,Kryptē,κρύπτη,hidden place; cellar
https://www.youtube.com/watch?v=GzX01rx5cz8,Skopeō,σκοπέω,look at or after a thing: to behold
https://www.youtube.com/watch?v=XBiTkWEfUXA,Phōtizō,φωτίζω,enlighten; give light to
https://www.youtube.com/watch?v=h0myGD3gcAg,Aristaō,ἀριστάω,dine
https://www.youtube.com/watch?v=aFSMKsry2Qs,Aphrōn,ἄφρων,foolish
https://www.youtube.com/watch?v=PqX9IgcHmA8,Eneimi,ἔνειμι,be in
https://www.youtube.com/watch?v=toI5-nY0MD8,Pēganon,πήγανον,rue
https://www.youtube.com/watch?v=0klO9HcIXPA,Pariēmi,παρίημι,let drop beside or at the side
https://www.youtube.com/watch?v=QYAVmd--lp0,Adēlos,ἄδηλος,indistinct; unseen; unmarked
https://www.youtube.com/watch?v=eLlml6AGRD4,Dysbastaktos,δυσβάστακτος,cumbersome
https://www.youtube.com/watch?v=Db_ilbo7tFM,Prospsauō,προσψαύω,touch
https://www.youtube.com/watch?v=YH7ViNVjxDc,Syneudokeō,συνευδοκέω,"agree with, approve"
https://www.youtube.com/watch?v=EnpYhqv6RCo,Ekzēteō,ἐκζητέω,seek out
https://www.youtube.com/watch?v=FOYk_-rdn0g,Apostomatizō,ἀποστοματίζω,question closely; interrogate
https://www.youtube.com/watch?v=PA3V5FS-UqM,Enedreuō,ἐνεδρεύω,lie in wait
https://www.youtube.com/watch?v=QFKVDAC1CLg,Thēreuō,θηρεύω,hunt
https://www.youtube.com/watch?v=nzb0DviDLPw,Myrias,μυριάς,myriad
https://www.youtube.com/watch?v=proEO9LN2fg,Synkalyptō,συγκαλύπτω,conceal
https://www.youtube.com/watch?v=gyRu3Qwxnoc,Emballō,ἐμβάλλω,throw
https://www.youtube.com/watch?v=GUPzUTZJCuI,Apologeomai,ἀπολογέομαι,defend oneself
https://www.youtube.com/watch?v=RA_f9xKekys,Meristēs,μεριστής,arbitrator
https://www.youtube.com/watch?v=TXxe2PlU7Yw,Euphoreō,εὐφορέω,bear good crops
https://www.youtube.com/watch?v=IF2a3DWXMEE,Euphrainō,εὐφραίνω,be glad; celebrate; rejoice
https://www.youtube.com/watch?v=GdNfPjYtYQY,Korax,κόραξ,"crow, raven"
https://www.youtube.com/watch?v=vgNZcAWwxjA,Amphiezō,ἀμφιέζω,clothe
https://www.youtube.com/watch?v=b-jQDu599DE,Meteōrizomai,μετεωρίζομαι,be anxious; be worried
https://www.youtube.com/watch?v=2O4jueWDAe8,Poimnion,ποίμνιον,flock
https://www.youtube.com/watch?v=5inxBO5yodU,Palaioō,παλαιόω,become old; wear out
https://www.youtube.com/watch?v=PRVPR2TC_nQ,Anekleiptos,ἀνέκλειπτος,"unfailing, untiring"
https://www.youtube.com/watch?v=cZmYdbXuRBU,Diaphtheirō,διαφθείρω,corrupt; destroy utterly
https://www.youtube.com/watch?v=y0GYVuMnv1k,Perizōnnymi,περιζώννυμι,gird about
https://www.youtube.com/watch?v=ClMVpXspNAU,Analyō,ἀναλύω,depart; return
https://www.youtube.com/watch?v=KaY6TA5JFPE,Oikonomos,οἰκονόμος,(house) steward
https://www.youtube.com/watch?v=tTM2W_43oq4,Sitometrion,σιτομέτριον,food allowance; ration
https://www.youtube.com/watch?v=cEm60r9ZLOs,Methyskō,μεθύσκω,be drunk; make drunk
https://www.youtube.com/watch?v=_Bt5Cpw5y8Q,Anaptō,ἀνάπτω,kindle
https://www.youtube.com/watch?v=2Q7Bx9SAlCk,Diamerismos,διαμερισμός,"dissension, disunity"
https://www.youtube.com/watch?v=PXyZAhxieTE,Dokimazō,δοκιμάζω,examine; prove
https://www.youtube.com/watch?v=dLX_sZ0W0vE,Ergasia,ἐργασία,practice; working
https://www.youtube.com/watch?v=zKzF0XPpLP0,Apallassō,ἀπαλλάσσω,come to a settlement; leave
https://www.youtube.com/watch?v=uA6ghkdVAu8,Katasyrō,κατασύρω,drag
https://www.youtube.com/watch?v=GIaaoJ-LeQ0,Praktōr,πράκτωρ,officer; bailiff; constable
https://www.youtube.com/watch?v=Yy6s4gnVQsE,Dekaoktō,δεκαοκτώ,eighteen
https://www.youtube.com/watch?v=9A69ons5gx0,Ampelourgos,ἀμπελουργός,vine-dresser; vine dresser
https://www.youtube.com/watch?v=kciit0ulxqA,Katargeō,καταργέω,abolish; set aside; wipe out
https://www.youtube.com/watch?v=DRYHRH2nZcU,Koprion,κόπριον,dirt; filth
https://www.youtube.com/watch?v=FXY8QjWbRMk,Synkyptō,συγκύπτω,be bent over
https://www.youtube.com/watch?v=68RrBv96STU,Anakyptō,ἀνακύπτω,lift up the head
https://www.youtube.com/watch?v=UVfZtUW3Zog,Pantelēs,παντελής,complete
https://www.youtube.com/watch?v=VyVGpL9466U,Bous,βοῦς,bull; ox
https://www.youtube.com/watch?v=UJ7opkHxAR8,Kataischynō,καταισχύνω,disgrace; put to shame
https://www.youtube.com/watch?v=pOIZZk_YOxw,Antikeimai,ἀντίκειμαι,be in opposition to
https://www.youtube.com/watch?v=yNIWKJ9P6FM,Kēpos,κῆπος,garden
https://www.youtube.com/watch?v=NYuQc8-Wmis,Poreia,πορεία,journey; conduct
https://www.youtube.com/watch?v=uge7wmmP30k,Agōnizomai,ἀγωνίζομαι,compete; fight
https://www.youtube.com/watch?v=Hqx10U48kmg,Apokleiō,ἀποκλείω,"close, shut"
https://www.youtube.com/watch?v=hr-7JoCT6Zs,Adikia,ἀδικία,injustice; wrong-doing
https://www.youtube.com/watch?v=0qaBMco3bVc,Borras,βορρᾶς,North wind; north
https://www.youtube.com/watch?v=zHr6AXG6hCA,Iasis,ἴασις,healing
https://www.youtube.com/watch?v=_STOYSGioX4,Apoteleō,ἀποτελέω,bring to completion; finish
https://www.youtube.com/watch?v=munLIK4t0mk,Endechomai,ἐνδέχομαι,admit of; be possible
https://www.youtube.com/watch?v=vp5KBYzTa0E,Nossia,νοσσιά,brood
https://www.youtube.com/watch?v=DFAkfuH2Wgg,Hydrōpikos,ὑδρωπικός,suffering from edema
https://www.youtube.com/watch?v=Flei21fJ3eU,Hēsychazō,ἡσυχάζω,be quiet; remain silent
https://www.youtube.com/watch?v=e2mP4bj0y_s,Phrear,φρέαρ,well
https://www.youtube.com/watch?v=XpnOhDiU8Ps,Anaspaō,ἀνασπάω,draw up
https://www.youtube.com/watch?v=63eEqjYqJ8A,Antapokrinomai,ἀνταποκρίνομαι,answer again; reproach
https://www.youtube.com/watch?v=bPiPoJwN5fU,Epechō,ἐπέχω,have or hold upon
https://www.youtube.com/watch?v=MUWaq3CnMyg,Aischynē,αἰσχύνη,modesty; shame
https://www.youtube.com/watch?v=_kOkG1jbR4c,Prosanabainō,προσαναβαίνω,go up
https://www.youtube.com/watch?v=ZFrAvqe2fQg,Anōteros,ἀνώτερος,higher; preceding
https://www.youtube.com/watch?v=Dpo8YdJH9jc,Geitōn,γείτων,neighbor
https://www.youtube.com/watch?v=xcTdnahQAyY,Antikaleō,ἀντικαλέω,invite in return
https://www.youtube.com/watch?v=_j7FF242DuM,Antapodoma,ἀνταπόδομα,repayment; requital
https://www.youtube.com/watch?v=BrxySAudX-U,Anapeiros,ἀνάπειρος,crippled
https://www.youtube.com/watch?v=UFYJNSbOXU0,Antapodidōmi,ἀνταποδίδωμι,give back; repay
https://www.youtube.com/watch?v=9mg_JacpBnI,Tacheōs,ταχέως,"quickly, at once"
https://www.youtube.com/watch?v=lJLy3nE-vro,Psēphizō,ψηφίζω,calculate; interpret
https://www.youtube.com/watch?v=8oO6w_L13VU,Dapanē,δαπάνη,"cost, expense"
https://www.youtube.com/watch?v=kNLw48ok7N0,Apartismos,ἀπαρτισμός,completion
https://www.youtube.com/watch?v=5HgUQhp4EN0,Ekteleō,ἐκτελέω,accomplish; finish
https://www.youtube.com/watch?v=Kzq2DHIjuso,Bouleuō,βουλεύω,decide; resolve
https://www.youtube.com/watch?v=-tEWvlqmYLw,Chilias,χιλιάς,thousand
https://www.youtube.com/watch?v=tIvZBIlw8BE,Eikosi,εἴκοσι,twenty
https://www.youtube.com/watch?v=x-BLjOnU69M,Presbeia,πρεσβεία,ambassador
https://www.youtube.com/watch?v=-KeEW6Kwh38,Kopria,κοπρία,dung; dirt; filth
https://www.youtube.com/watch?v=yjeA_R21jyY,Diagongyzō,διαγογγύζω,complain
https://www.youtube.com/watch?v=CNIVg0mPl-g,Synesthiō,συνεσθίω,eat togther; eat together
https://www.youtube.com/watch?v=z4UB5BTdODc,Drachmē,δραχμή,drachma
https://www.youtube.com/watch?v=A1NL_g4qf6k,Epimelōs,ἐπιμελῶς,carefully
https://www.youtube.com/watch?v=SMwZN8KyH-s,Ousia,οὐσία,property
https://www.youtube.com/watch?v=T2VFWJXZpbc,Diaireō,διαιρέω,"distribute, divide"
https://www.youtube.com/watch?v=G5NOJ2eer7w,Asōtōs,ἀσώτως,wastefully
https://www.youtube.com/watch?v=V6KDMyvc5Aw,Politēs,πολίτης,citizen
https://www.youtube.com/watch?v=la3To6DDZMA,Keration,κεράτιον,carob pod
https://www.youtube.com/watch?v=WsrnfdFSTNg,Misthios,μίσθιος,day laborer
https://www.youtube.com/watch?v=B81tqzLRsK4,Daktylios,δακτύλιος,ring
https://www.youtube.com/watch?v=4IKLtpDq0dc,Moschos,μόσχος,calf; ox
https://www.youtube.com/watch?v=2IZzM5npA6g,Siteutos,σιτευτός,fatted; fed; fed up
https://www.youtube.com/watch?v=IeqdffR-kWI,Anazaō,ἀναζάω,be resurrected
https://www.youtube.com/watch?v=p0Cta_WkisU,Symphōnia,συμφωνία,concord or unison of sound
https://www.youtube.com/watch?v=UvyB8It8-h8,Choros,χορός,"dance, dancing"
https://www.youtube.com/watch?v=BgNul-daeT4,Diaballō,διαβάλλω,accuse; calumniate
https://www.youtube.com/watch?v=27q73qUYJsA,Oikonomia,οἰκονομία,management
https://www.youtube.com/watch?v=AC3BgXp0IV0,Oikonomeō,οἰκονομέω,manage; administer
https://www.youtube.com/watch?v=6luiX1U_tRU,Epaiteō,ἐπαιτέω,ask besides
https://www.youtube.com/watch?v=0c7xsISrykA,Aischynō,αἰσχύνω,be ashamed/disgraced
https://www.youtube.com/watch?v=tzPI1mA4Hw0,Methistēmi,μεθίστημι,change; place in another way
https://www.youtube.com/watch?v=Tny-gG5buhM,Gramma,γράμμα,letter
https://www.youtube.com/watch?v=ygB8av_KQiA,Epeita,ἔπειτα,then
https://www.youtube.com/watch?v=maUpcCi-zBU,Koros,κόρος,cor; measure
https://www.youtube.com/watch?v=P6jD84QXAiA,Epaineō,ἐπαινέω,approve
https://www.youtube.com/watch?v=-B22d-Ka8AI,Phronimōs,φρονίμως,"prudently, shrewdly"
https://www.youtube.com/watch?v=5g29PvYUf8U,Ekleipō,ἐκλείπω,cease; run out; fail; die out
https://www.youtube.com/watch?v=2BRyV6E_6Ms,Alēthinos,ἀληθινός,true
https://www.youtube.com/watch?v=SPTxSJq3_Q4,Oiketēs,οἰκέτης,domestic slave; house slave
https://www.youtube.com/watch?v=64gKBrOn6xc,Philargyros,φιλάργυρος,fond of money
https://www.youtube.com/watch?v=4LGoYzao2H8,Ekmyktērizō,ἐκμυκτηρίζω,mock; turn up one’s nose
https://www.youtube.com/watch?v=IvA7tp-oS0c,Byssos,βύσσος,fine flax
https://www.youtube.com/watch?v=WWpXoHsgoFk,Lamprōs,λαμπρῶς,splendidly
https://www.youtube.com/watch?v=W6e5CSy9ZSQ,Helkoō,ἑλκόω,cause sores
https://www.youtube.com/watch?v=XydK50n9hCU,Epileichō,ἐπιλείχω,lick
https://www.youtube.com/watch?v=41C4hw2WQ4s,Helkos,ἕλκος,sore; abcess; ulcer
https://www.youtube.com/watch?v=_OpqScV_brU,Baptō,βάπτω,dip
https://www.youtube.com/watch?v=sjLGpsXSdsc,Katapsychō,καταψύχω,cool
https://www.youtube.com/watch?v=BNm_hUXvq4k,Phlox,φλόξ,flame
https://www.youtube.com/watch?v=Td2kuaUbxoQ,Chasma,χάσμα,chasm
https://www.youtube.com/watch?v=_AhpmxDod14,Diabainō,διαβαίνω,cross over; step across
https://www.youtube.com/watch?v=-x9Gjagxkpo,Diamartyromai,διαμαρτύρομαι,call to witness against
https://www.youtube.com/watch?v=zCnkZ9Oj_ww,Anendektos,ἀνένδεκτος,impossible
https://www.youtube.com/watch?v=L2nv9TP9ikE,Lysiteleō,λυσιτελέω,be advantageous
https://www.youtube.com/watch?v=l324ke2kR1c,Mylikos,μυλικός,belonging to a mill
https://www.youtube.com/watch?v=CpmwInV3ZSI,Sykaminos,συκάμινος,mulberry tree
https://www.youtube.com/watch?v=n7JEkXJ_91o,Arotriaō,ἀροτριάω,plough
https://www.youtube.com/watch?v=-GRfLhXdEFg,Deipneō,δειπνέω,dine; make a meal
https://www.youtube.com/watch?v=YNuSO5wdl58,Porrōthen,πόρρωθεν,from a distance
https://www.youtube.com/watch?v=R_Og3TX4jwU,Allogenēs,ἀλλογενής,foreign
https://www.youtube.com/watch?v=tOkDb4eeTgs,Paratērēsis,παρατήρησις,observation
https://www.youtube.com/watch?v=TgHcd2DCag4,Astraptō,ἀστράπτω,"flash, gleam"
https://www.youtube.com/watch?v=LKvxO8ZBetc,Theion,θεῖον,brimstone; sulfur
https://www.youtube.com/watch?v=U5oRA50Ix9w,Peripoieō,περιποιέω,keep safe; preserve
https://www.youtube.com/watch?v=AKlvISUdWYk,Zōogoneō,ζῳογονέω,keep alive; preserve alive
https://www.youtube.com/watch?v=r6IAtYPblwU,Enkakeō,ἐγκακέω,be discouraged
https://www.youtube.com/watch?v=f62ajsVWmw8,Ekdikeō,ἐκδικέω,avenge; punish
https://www.youtube.com/watch?v=9clnmU61IM0,Hypōpiazō,ὑπωπιάζω,wear down; beat; discipline
https://www.youtube.com/watch?v=yKi9RDrhIWA,Ekdikēsis,ἐκδίκησις,"vengeance, punishment"
https://www.youtube.com/watch?v=BniKGfxkxtk,Tachos,τάχος,short time; soon; speed
https://www.youtube.com/watch?v=Bf8qzSSoBPA,Exoutheneō,ἐξουθενέω,despise; disdain
https://www.youtube.com/watch?v=hwJge0rZGUE,Moichos,μοιχός,adulterer
https://www.youtube.com/watch?v=R-cUz71IU1A,Stēthos,στῆθος,breast
https://www.youtube.com/watch?v=yp10-hGF76Q,Hilaskomai,ἱλάσκομαι,appease
https://www.youtube.com/watch?v=7y-jZWc-xac,Leipō,λείπω,fall short
https://www.youtube.com/watch?v=EAv-qzDUHLg,Trēma,τρῆμα,hole
https://www.youtube.com/watch?v=0ZB6gsiqL5o,Belonē,βελόνη,needle
https://www.youtube.com/watch?v=asJrNLrh63k,Pollaplasiōn,πολλαπλασίων,many times as much
https://www.youtube.com/watch?v=jpgwjs-GwVM,Architelōnēs,ἀρχιτελώνης,chief tax collector
https://www.youtube.com/watch?v=xOd1eZDzH7I,Protrechō,προτρέχω,run before; run forward
https://www.youtube.com/watch?v=a7lvGrcVSrI,Sykomorea,συκομορέα,fig mulberry; sycamore
https://www.youtube.com/watch?v=7UBx5KYiN-A,Tetraplous,τετραπλοῦς,four times; fourfold
https://www.youtube.com/watch?v=LBoT2IAwG-M,Anaphainō,ἀναφαίνω,appear; light up
https://www.youtube.com/watch?v=Gt51yyu529U,Eugenēs,εὐγενής,noble
https://www.youtube.com/watch?v=z2xRjdjEF-E,Mna,μνᾶ,mina
https://www.youtube.com/watch?v=4cBJSQWhmKc,Pragmateuomai,πραγματεύομαι,busy or exert oneself
https://www.youtube.com/watch?v=x8ffuShOT_s,Diapragmateuomai,διαπραγματεύομαι,examine thoroughly
https://www.youtube.com/watch?v=KlrC2hNTg_Q,Prosergazomai,προσεργάζομαι,earn in addition; make more
https://www.youtube.com/watch?v=GoSfLyEWkDY,Euge,εὖγε,good
https://www.youtube.com/watch?v=Olco-e4xmpw,Apokeimai,ἀπόκειμαι,be laid away; be reserved for
https://www.youtube.com/watch?v=SVJ5tV3JunI,Soudarion,σουδάριον,facecloth; cloth; handerchief
https://www.youtube.com/watch?v=VJZhKdXHyro,Austēros,αὐστηρός,harsh; rough; bitter
https://www.youtube.com/watch?v=d7E6xMRYzAg,Katasphazō,κατασφάζω,murder; slaughter; slay
https://www.youtube.com/watch?v=SxEkKSs0qao,Pōpote,πώποτε,at any time; ever
https://www.youtube.com/watch?v=LcQyQQJaxko,Epiriptō,ἐπιρίπτω,throw; cast upon
https://www.youtube.com/watch?v=xfyNZJwWBHU,Hypostrōnnyō,ὑποστρωννύω,spread out underneath
https://www.youtube.com/watch?v=Mjf7Q24qvHE,Katabasis,κατάβασις,descent
https://www.youtube.com/watch?v=TzQkk1dABMc,Paremballō,παρεμβάλλω,insert; pitch camp; camp
https://www.youtube.com/watch?v=tP4oVxCfO_8,Charax,χάραξ,palisade; entrenchment
https://www.youtube.com/watch?v=5PJh-2pJ8kA,Perikykloō,περικυκλόω,encircle; surround
https://www.youtube.com/watch?v=WDjhENlkrSo,Edaphizō,ἐδαφίζω,dash to the ground
https://www.youtube.com/watch?v=TYS1YttSXuE,Episkopē,ἐπισκοπή,visitation; position
https://www.youtube.com/watch?v=DGeU1ZgpMco,Ekkremannymi,ἐκκρεμάννυμι,depend upon
https://www.youtube.com/watch?v=7pyMeiRebCk,Syllogizomai,συλλογίζομαι,discuss; debate
https://www.youtube.com/watch?v=DiL1LdCUmvM,Katalithazō,καταλιθάζω,stone to death
https://www.youtube.com/watch?v=nLlURkYC9TA,Traumatizō,τραυματίζω,to wound
https://www.youtube.com/watch?v=EmVwSa20zQk,Isōs,ἴσως,perhaps
https://www.youtube.com/watch?v=V1-Onzu7q1k,Enkathetos,ἐγκάθετος,hired to lie in wait
https://www.youtube.com/watch?v=zw8My3LUDwU,Hypokrinomai,ὑποκρίνομαι,pretend
https://www.youtube.com/watch?v=FAJkHYlREmY,Phoros,φόρος,tribute
https://www.youtube.com/watch?v=Hyzzvc-mzN0,Panourgia,πανουργία,craftiness; trickery
https://www.youtube.com/watch?v=EZftQi4dyIU,Toinyn,τοίνυν,"hence, so, indeed"
https://www.youtube.com/watch?v=i00cdLg90Rs,Ateknos,ἄτεκνος,childless
https://www.youtube.com/watch?v=xK93CeA45Xk,Gamiskō,γαμίσκω,give in marriage
https://www.youtube.com/watch?v=KV-dOiPxx6M,Kataxioō,καταξιόω,consider worthy
https://www.youtube.com/watch?v=yIooXYFZGS4,Tynchanō,τυγχάνω,attain; find; experience
https://www.youtube.com/watch?v=nnOgShUyToE,Isangelos,ἰσάγγελος,like an angel
https://www.youtube.com/watch?v=OYL4v2n82mc,Mēnyō,μηνύω,"inform, reveal"
https://www.youtube.com/watch?v=70upc4o8MMY,Psalmos,ψαλμός,psalm
https://www.youtube.com/watch?v=cHzDC6obptg,Penichros,πενιχρός,needy; poor
https://www.youtube.com/watch?v=UQEtcZArCyI,Hysterēma,ὑστέρημα,deficiency; need; want
https://www.youtube.com/watch?v=CwCz20tc9uA,Anathēma,ἀνάθημα,votive offering
https://www.youtube.com/watch?v=4h2srNzYuNA,Akatastasia,ἀκαταστασία,confusion; instability
https://www.youtube.com/watch?v=_Bu9gh8SnGc,Ptoeō,πτοέω,"terrify, frighten"
https://www.youtube.com/watch?v=6oNJO3ANvmw,Loimos,λοιμός,pestilence
https://www.youtube.com/watch?v=PGGtQuDcOIY,Phobētron,φόβητρον,terrible sight
https://www.youtube.com/watch?v=SYAmOmvnYCQ,Promeletaō,προμελετάω,practice beforehand; prepare
https://www.youtube.com/watch?v=svS_T_5t2dY,Anteipon,ἀντεῖπον,contradict; speak against
https://www.youtube.com/watch?v=HCEE2PhwIFU,Kykloō,κυκλόω,encircle; go around
https://www.youtube.com/watch?v=LVM85Y24-Ig,Stratopedon,στρατόπεδον,army
https://www.youtube.com/watch?v=2Nr601VhIIg,Ekchōreō,ἐκχωρέω,depart; allow; permit; move
https://www.youtube.com/watch?v=G5Bi_HXbJN4,Aichmalōtizō,αἰχμαλωτίζω,capture; deceive
https://www.youtube.com/watch?v=BZSUsyzb9ss,Astron,ἄστρον,star
https://www.youtube.com/watch?v=_rCSxBbUYs4,Synochē,συνοχή,being held together
https://www.youtube.com/watch?v=2-C3dTBVfY4,Aporia,ἀπορία,difficulty; straits; distress
https://www.youtube.com/watch?v=zB_2vsPFHUg,Salos,σάλος,surge
https://www.youtube.com/watch?v=hG0MLB7-NWc,Apopsychō,ἀποψύχω,faint
https://www.youtube.com/watch?v=5lFtTNgo5so,Prosdokia,προσδοκία,expectation
https://www.youtube.com/watch?v=ZKGf_eoeoU0,Apolytrōsis,ἀπολύτρωσις,redemption
https://www.youtube.com/watch?v=cdwomA9cgG4,Proballō,προβάλλω,put forth; put out
https://www.youtube.com/watch?v=VmmNWdxhzFc,Kraipalē,κραιπάλη,drinking bout; dissipation
https://www.youtube.com/watch?v=JlN4s9th7W8,Methē,μέθη,drunkenness
https://www.youtube.com/watch?v=iRoeckijbFE,Biōtikos,βιωτικός,of (daily) life
https://www.youtube.com/watch?v=nib2DWLfizQ,Aiphnidios,αἰφνίδιος,sudden
https://www.youtube.com/watch?v=6X-zIwRIrRA,Epeiserchomai,ἐπεισέρχομαι,come
https://www.youtube.com/watch?v=paxdTB4F2ik,Ekpheugō,ἐκφεύγω,escape
https://www.youtube.com/watch?v=0gwjfkq2X4w,Orthrizō,ὀρθρίζω,be/get up early
https://www.youtube.com/watch?v=MFBXgio23ns,Arithmos,ἀριθμός,number
https://www.youtube.com/watch?v=y9hCj6xlWlE,Stratēgos,στρατηγός,chief magistrate
https://www.youtube.com/watch?v=eiTsZJ7MboY,Syntithēmi,συντίθημι,agree; decide
https://www.youtube.com/watch?v=xSJ-BQYExuY,Ater,ἄτερ,apart from; without
https://www.youtube.com/watch?v=qlYU5q0gE4E,Anamnēsis,ἀνάμνησις,calling to mind; remembering
https://www.youtube.com/watch?v=7RKSTDR13cI,Horizō,ὁρίζω,appoint; determine; designate
https://www.youtube.com/watch?v=x5h5vfonLh4,Philoneikia,φιλονεικία,contentiousness
https://www.youtube.com/watch?v=x-xD5afQLHA,Kyrieuō,κυριεύω,be lord or master of people or of a country
https://www.youtube.com/watch?v=SCRZomXuyH4,Exousiazō,ἐξουσιάζω,have authority over
https://www.youtube.com/watch?v=4WL4JBx-VYg,Euergetēs,εὐεργέτης,benefactor
https://www.youtube.com/watch?v=8eWGCdP3NIw,Diatithēmi,διατίθημι,arrange; establish
https://www.youtube.com/watch?v=rfUv66EuMuI,Exaiteō,ἐξαιτέω,"ask for, demand"
https://www.youtube.com/watch?v=qCKIrY5aT7g,Siniazō,σινιάζω,sift
https://www.youtube.com/watch?v=qEM58skrMJs,Pote,ποτέ,at some time or other
https://www.youtube.com/watch?v=_8GxliMYXvc,Outheis,οὐθείς,no one; nothing; none
https://www.youtube.com/watch?v=-YGJ0pPlamY,Anomos,ἄνομος,lawless
https://www.youtube.com/watch?v=BzuCtmxoy88,Logizomai,λογίζομαι,consider; count; reckon
https://www.youtube.com/watch?v=UzyEtG6OPzU,Bolē,βολή,throw
https://www.youtube.com/watch?v=K_PZjaHI8cg,Enischyō,ἐνισχύω,strengthen
https://www.youtube.com/watch?v=7PgCuaEZ-OE,Agōnia,ἀγωνία,conflict; agony
https://www.youtube.com/watch?v=_lcsi1qjhcs,Ektenōs,ἐκτενῶς,"eagerly, constantly"
https://www.youtube.com/watch?v=4fgDBGX7lN0,Hidrōs,ἱδρώς,sweat
https://www.youtube.com/watch?v=TmhdQqivzJs,Thrombos,θρόμβος,drops
https://www.youtube.com/watch?v=hGPm3-gngls,Lypē,λύπη,"grief, sorrow"
https://www.youtube.com/watch?v=JE1R77DPF_0,Periaptō,περιάπτω,kindle
https://www.youtube.com/watch?v=YF6kQqkOhQc,Synkathizō,συγκαθίζω,make to sit together
https://www.youtube.com/watch?v=peON5_0WWis,Brachys,βραχύς,little; small; short time
https://www.youtube.com/watch?v=gepg6p7rB78,Diistēmi,διΐστημι,pass; go away; part; go on
https://www.youtube.com/watch?v=M-VbbNWt5Uo,Diischyrizomai,διϊσχυρίζομαι,maintain firmly; insist
https://www.youtube.com/watch?v=Cm3vDDl5lSE,Hypomimnēskō,ὑπομιμνῄσκω,remind
https://www.youtube.com/watch?v=HHGgqGgDADU,Presbyterion,πρεσβυτέριον,council of elders
https://www.youtube.com/watch?v=q_FCSKsuKJg,Aitios,αἴτιος,blame
https://www.youtube.com/watch?v=OnteyKTcOvs,Epischyō,ἐπισχύω,grow strong; insist
https://www.youtube.com/watch?v=6G1DHWMHyDQ,Anapempō,ἀναπέμπω,send back; send over
https://www.youtube.com/watch?v=5cyaxEApDGk,Eutonōs,εὐτόνως,vigorous
https://www.youtube.com/watch?v=y7SeI6k9VYs,Esthēs,ἐσθής,clothing
https://www.youtube.com/watch?v=2GPn-mQC3AI,Lampros,λαμπρός,bright
https://www.youtube.com/watch?v=mbq9NWdYXZU,Prouparchō,προϋπάρχω,be before
https://www.youtube.com/watch?v=Ogvh_JBdcSI,Echthra,ἔχθρα,enmity
https://www.youtube.com/watch?v=dafNtV5sExk,Anakrinō,ἀνακρίνω,examine closely
https://www.youtube.com/watch?v=qKwb2evbC88,Paideuō,παιδεύω,discipline; educate; train
https://www.youtube.com/watch?v=7aq-N0uenNE,Pamplēthei,παμπληθεί,all together
https://www.youtube.com/watch?v=CgKtFGe40UA,Epiphōneō,ἐπιφωνέω,answer; respond; cry out
https://www.youtube.com/watch?v=LQX94JA5cyM,Epikrinō,ἐπικρίνω,decide
https://www.youtube.com/watch?v=PM5uuNc0kRM,Aitēma,αἴτημα,request
https://www.youtube.com/watch?v=6DxqAjudRLA,Hygros,ὑγρός,moist; green
https://www.youtube.com/watch?v=o_noULSXAoM,Kakourgos,κακοῦργος,criminal
https://www.youtube.com/watch?v=BQpWpnhtk8w,Dikaiōs,δικαίως,justly; correctly
https://www.youtube.com/watch?v=4jpPr8UC84M,Atopos,ἄτοπος,absurd; improper; wrong
https://www.youtube.com/watch?v=IypwZrpGVzg,Paradeisos,παράδεισος,paradise
https://www.youtube.com/watch?v=fO3NhvjcdEU,Symparaginomai,συμπαραγίνομαι,come together
https://www.youtube.com/watch?v=jT7qp_1Gz0Q,Theōria,θεωρία,looking at; sight; spectacle
https://www.youtube.com/watch?v=OJhmnApyT6c,Synkatatithēmi,συγκατατίθημι,"agree with, consent to"
https://www.youtube.com/watch?v=6Ze5zHf4CyU,Laxeutos,λαξευτός,hewn (in stone)
https://www.youtube.com/watch?v=can4yHm1pNE,Katakoloutheō,κατακολουθέω,follow
https://www.youtube.com/watch?v=2Ur3eVwUIoc,Orthros,ὄρθρος,dawn
https://www.youtube.com/watch?v=45xOyg0hmq0,Bathys,βαθύς,deep
https://www.youtube.com/watch?v=t0PNUV9I2c0,Emphobos,ἔμφοβος,"afraid, startled"
https://www.youtube.com/watch?v=I2on6uMks3E,Lēros,λῆρος,futility
https://www.youtube.com/watch?v=YWXe_Y8o9J0,Parakyptō,παρακύπτω,look through; look into
https://www.youtube.com/watch?v=DYyS2PqQmfg,Othonion,ὀθόνιον,(linen) cloth
https://www.youtube.com/watch?v=hG8BFneE8mQ,Homileō,ὁμιλέω,be in company with
https://www.youtube.com/watch?v=RF2kisfXf2s,Antiballō,ἀντιβάλλω,exchange; discuss
https://www.youtube.com/watch?v=qFm6MUBUHN0,Paroikeō,παροικέω,dwell beside
https://www.youtube.com/watch?v=0lN9VvxNX4I,Lytroō,λυτρόω,redeem
https://www.youtube.com/watch?v=V3doqMgd6qs,Orthrinos,ὀρθρινός,early in the morning
https://www.youtube.com/watch?v=ntoDWPr120o,Anoētos,ἀνόητος,senseless; unintelligent
https://www.youtube.com/watch?v=jbZye8oloZE,Bradys,βραδύς,slow
https://www.youtube.com/watch?v=LDDZqfEsLzg,Diermēneuō,διερμηνεύω,interpret; explain
https://www.youtube.com/watch?v=FyfvYAR98xw,Prospoieō,προσποιέω,act as though; pretend
https://www.youtube.com/watch?v=bjVFZDYg7F8,Parabiazomai,παραβιάζομαι,urge strongly
https://www.youtube.com/watch?v=8OLa_dm8hgo,Hespera,ἑσπέρα,evening
https://www.youtube.com/watch?v=zcNYZghK7Io,Exēgeomai,ἐξηγέομαι,be leader of
https://www.youtube.com/watch?v=1rHG9_PPE6Q,Klasis,κλάσις,breaking
https://www.youtube.com/watch?v=CeGj9gCQyDg,Psēlaphaō,ψηλαφάω,feel or grope about; grope
https://www.youtube.com/watch?v=Hedy48Th0Eo,Brōsimos,βρώσιμος,eatable
https://www.youtube.com/watch?v=3TRTb1bKzW4,Enthade,ἐνθάδε,here
https://www.youtube.com/watch?v=SkUe3wsZ7Vs,Optos,ὀπτός,cooked
https://www.youtube.com/watch?v=bGu161v6kEc,Nous,νοῦς,mind
https://www.youtube.com/watch?v=6LNCnueQ4R8,Epangelia,ἐπαγγελία,promise
https://www.youtube.com/watch?v=YQ_mOTgxx4c,Skēnoō,σκηνόω,"live, settle"
https://www.youtube.com/watch?v=otl9f6kFwsc,Euthynō,εὐθύνω,guide; direct; straight
https://www.youtube.com/watch?v=MwnQcJ9Q1lk,Amnos,ἀμνός,lamb
https://www.youtube.com/watch?v=lbVQgNZK_e4,Hermēneuō,ἑρμηνεύω,"explain, interpret"
https://www.youtube.com/watch?v=BMlLhEttf6M,Lithinos,λίθινος,(made of) stone
https://www.youtube.com/watch?v=Pr5zA7ktCEg,Hydria,ὑδρία,water jar
https://www.youtube.com/watch?v=TtMPsOcE70k,Metrētēs,μετρητής,measure
https://www.youtube.com/watch?v=vXqq7uwGNgI,Anō,ἄνω,above; up; upwards
https://www.youtube.com/watch?v=sATZO7wE6YE,Antleō,ἀντλέω,draw (water)
https://www.youtube.com/watch?v=wSPb-LXmkPU,Architriklinos,ἀρχιτρίκλινος,head steward
https://www.youtube.com/watch?v=pfvRtV3d4uo,Elassōn,ἐλάσσων,inferior; less
https://www.youtube.com/watch?v=HSVWqcheL0w,Kermatistēs,κερματιστής,money changer
https://www.youtube.com/watch?v=vjkIACGfuUY,Phragellion,φραγέλλιον,whip
https://www.youtube.com/watch?v=Qgl2RkUfTFU,Schoinion,σχοινίον,cord; rope
https://www.youtube.com/watch?v=Tw91ayrmtIs,Kerma,κέρμα,coin
https://www.youtube.com/watch?v=8aK6NBdPPw0,Anastrephō,ἀναστρέφω,behave; conduct oneself; live
https://www.youtube.com/watch?v=rIQiVDwOVGQ,Emporion,ἐμπόριον,emporium; factory
https://www.youtube.com/watch?v=n5Ki52iJhts,Zēlos,ζῆλος,jealousy; zeal; ardor
https://www.youtube.com/watch?v=UQYfta_a2dE,Gerōn,γέρων,elderly/old man
https://www.youtube.com/watch?v=zspAPzGj0yo,Epigeios,ἐπίγειος,earthly; on earth
https://www.youtube.com/watch?v=qiX05GIADBs,Epouranios,ἐπουράνιος,celestial; heavenly
https://www.youtube.com/watch?v=9jiW1o8RvMI,Phaulos,φαῦλος,base; ordinary
https://www.youtube.com/watch?v=snx9QCvzDCQ,Diatribō,διατρίβω,rub between
https://www.youtube.com/watch?v=woWAbMH13v0,Zētēsis,ζήτησις,debate; dispute; controversy
https://www.youtube.com/watch?v=wDcmNPdumdM,Elattoō,ἐλαττόω,make less or smaller
https://www.youtube.com/watch?v=rAyqgnZU8BY,Apeitheō,ἀπειθέω,disobey
https://www.youtube.com/watch?v=gzGR1fpBvIw,Kaitoige,καίτοιγε,although
https://www.youtube.com/watch?v=zhGAip2zxAo,Hodoiporia,ὁδοιπορία,journey
https://www.youtube.com/watch?v=C1NMknc1r2o,Synchraomai,συγχράομαι,have dealings with
https://www.youtube.com/watch?v=_R7UMLV7k5E,Dōrea,δωρεά,gift
https://www.youtube.com/watch?v=vvHGdTtnX20,Antlēma,ἄντλημα,bucket
https://www.youtube.com/watch?v=ZQn5lWdKHuM,Thremma,θρέμμα,animal
https://www.youtube.com/watch?v=u9h3Dr652Ak,Hallomai,ἅλλομαι,leap up
https://www.youtube.com/watch?v=zQalbSu3jLk,Proskynētēs,προσκυνητής,worshiper
https://www.youtube.com/watch?v=-GIOVuCcOWk,Anangellō,ἀναγγέλλω,announce; disclose; proclaim
https://www.youtube.com/watch?v=peYSix1pLDs,Mentoi,μέντοι,however; yet; indeed
https://www.youtube.com/watch?v=JHxfTolzPbY,Tetramēnos,τετράμηνος,four months
https://www.youtube.com/watch?v=PGt45PCDL8Y,Homou,ὁμοῦ,together
https://www.youtube.com/watch?v=BA7fIRoYu9s,Basilikos,βασιλικός,royal
https://www.youtube.com/watch?v=UqiZmTvaP3Y,Kompsoteron,κομψότερον,improve; get better
https://www.youtube.com/watch?v=0YfMY1StLj4,Echthes,ἐχθές,yesterday
https://www.youtube.com/watch?v=pLhLbP3EaQA,Hebdomos,ἕβδομος,seventh
https://www.youtube.com/watch?v=x6pMl9yG-d8,Probatikos,προβατικός,Sheep Gate
https://www.youtube.com/watch?v=so_3yHiklPY,Kolymbēthra,κολυμβήθρα,pool
https://www.youtube.com/watch?v=I7vZY58wP4s,Epilegō,ἐπιλέγω,call/name
https://www.youtube.com/watch?v=I_mAnId2cm4,Stoa,στοά,portico
https://www.youtube.com/watch?v=q4TyZPccPDo,Ekneuō,ἐκνεύω,"turn aside, withdraw"
https://www.youtube.com/watch?v=HgHYBNfJF7Q,Zōopoieō,ζῳοποιέω,give life; make alive
https://www.youtube.com/watch?v=qTg0XmLj8uQ,Eraunaō,ἐραυνάω,examine; seek
https://www.youtube.com/watch?v=cqhvAklw0uY,Anerchomai,ἀνέρχομαι,go up
https://www.youtube.com/watch?v=qX7G40b-8MM,Paidarion,παιδάριον,child
https://www.youtube.com/watch?v=X_Af40PjC24,Krithinos,κρίθινος,made of barley
https://www.youtube.com/watch?v=gg2PtVUeyxs,Opsarion,ὀψάριον,cooked food
https://www.youtube.com/watch?v=KFdr2gWvrSE,Bibrōskō,βιβρώσκω,To eat; eat up; eat
https://www.youtube.com/watch?v=LyR4nYGEzqE,Syneiserchomai,συνεισέρχομαι,enter along with; enter in
https://www.youtube.com/watch?v=yNlAaa5hoQA,Manna,μάννα,manna
https://www.youtube.com/watch?v=2YLYWFC0qB0,Helkyō,ἑλκύω,draw; attract
https://www.youtube.com/watch?v=d56J9rtds5k,Didaktos,διδακτός,taught
https://www.youtube.com/watch?v=aNfUn9s896A,Machomai,μάχομαι,fight
https://www.youtube.com/watch?v=GeKUHi_yDo4,Posis,πόσις,drink; husband
https://www.youtube.com/watch?v=URAZy2gVwXM,Proteros,πρότερος,before
https://www.youtube.com/watch?v=aWo31aczw-Q,Skēnopēgia,σκηνοπηγία,Festival of Booths
https://www.youtube.com/watch?v=PGWYr7fwqgk,Gongysmos,γογγυσμός,behind-the-scenes talk
https://www.youtube.com/watch?v=0IvQAOyTKkM,Mesoō,μεσόω,be in the middle
https://www.youtube.com/watch?v=FkMlLynXJvI,Poteron,πότερον,and so
https://www.youtube.com/watch?v=GieH9h6JaOk,Peritomē,περιτομή,circumcision
https://www.youtube.com/watch?v=XqspeYobuE8,Cholaō,χολάω,be angry
https://www.youtube.com/watch?v=gU2SRwx-UaY,Diaspora,διασπορά,dispersion
https://www.youtube.com/watch?v=kTudExn5Hn4,Oudepō,οὐδέπω,and not yet
https://www.youtube.com/watch?v=d5aEiw4_0tU,Autophōros,αὐτόφωρος,(caught) in the act
https://www.youtube.com/watch?v=RTdNvu_I01I,Epimenō,ἐπιμένω,continue; stay on; tarry
https://www.youtube.com/watch?v=RfW329yUEDE,Katēgoros,κατήγορος,accuser
https://www.youtube.com/watch?v=pw4-oOPJXqg,Arestos,ἀρεστός,acceptable; pleasing
https://www.youtube.com/watch?v=xGoOB7DvHic,Eleutheroō,ἐλευθερόω,"free, set free"
https://www.youtube.com/watch?v=7AND4idLFmo,Pseudos,ψεῦδος,falsehood
https://www.youtube.com/watch?v=SmQj_2ZWBz8,Pseustēs,ψεύστης,liar
https://www.youtube.com/watch?v=2r5wZOJcyXM,Genetē,γενετή,birth
https://www.youtube.com/watch?v=8UGk4x5NTD4,Chamai,χαμαί,on the earth
https://www.youtube.com/watch?v=FB1goXULx3s,Pēlos,πηλός,clay
https://www.youtube.com/watch?v=B-5sexiluR4,Epichriō,ἐπιχρίω,anoint
https://www.youtube.com/watch?v=43kMph6hJb8,Prosaiteō,προσαιτέω,beg
https://www.youtube.com/watch?v=PM39AGee7hE,Aposynagōgos,ἀποσυνάγωγος,expelled from the synagogue
https://www.youtube.com/watch?v=dLi3ViYCBAA,Loidoreō,λοιδορέω,abuse; revile; rebuke
https://www.youtube.com/watch?v=gR_ofsldKEo,Theosebēs,θεοσεβής,God-fearing; devout
https://www.youtube.com/watch?v=2yBDZHTbnto,Allachothen,ἀλλαχόθεν,from another place
https://www.youtube.com/watch?v=316-d7eXz2o,Paroimia,παροιμία,common saying; proverb; maxim
https://www.youtube.com/watch?v=J0CyMVXib_8,Nomē,νομή,pasturage
https://www.youtube.com/watch?v=QKz3rlizt_8,Mainomai,μαίνομαι,"be mad, crazy"
https://www.youtube.com/watch?v=xGEYHiIkQkE,Enkainia,ἐγκαίνια,feast of renovation
https://www.youtube.com/watch?v=ZzzhklqAuf4,Lithazō,λιθάζω,fling stones
https://www.youtube.com/watch?v=d3UXkHlALkg,Exypnizō,ἐξυπνίζω,awaken from sleep; remove
https://www.youtube.com/watch?v=f3eDA8HwLpA,Koimēsis,κοίμησις,lying down to sleep
https://www.youtube.com/watch?v=0x4JxQXkjKI,Symmathētēs,συμμαθητής,fellow disciple
https://www.youtube.com/watch?v=8lOZBoXttxU,Dekapente,δεκαπέντε,fifteen
https://www.youtube.com/watch?v=9iW4PU1TuCk,Paramytheomai,παραμυθέομαι,comfort; encourage
https://www.youtube.com/watch?v=yOmNxZXsSus,Dakryō,δακρύω,weep
https://www.youtube.com/watch?v=yWlFgwoKLT8,Ozō,ὄζω,emit an odor
https://www.youtube.com/watch?v=aT0AXUofKIA,Periistēmi,περιΐστημι,stand around; avoid
https://www.youtube.com/watch?v=l2DgUVvwhrc,Keiria,κειρία,bedsheet
https://www.youtube.com/watch?v=njuEMHIKHro,Perideō,περιδέω,bind/wrap around
https://www.youtube.com/watch?v=HYmUHqJ9C9Q,Hagnizō,ἁγνίζω,cleanse away; purify
https://www.youtube.com/watch?v=uvYK2S19QTs,Litra,λίτρα,(Roman) pound
https://www.youtube.com/watch?v=Bv7DKYV2tvY,Glōssokomon,γλωσσόκομον,case; box
https://www.youtube.com/watch?v=I-jwUED2keg,Baion,βάϊον,palm branch
https://www.youtube.com/watch?v=wZVgUbcwF5s,Phoinix,φοῖνιξ,date palms; date palm
https://www.youtube.com/watch?v=spVCpMD2VZQ,Onarion,ὀνάριον,young donkey
https://www.youtube.com/watch?v=_CLs9H7WbT4,Sēmainō,σημαίνω,indicate; give a sign
https://www.youtube.com/watch?v=DoDb-fZRncs,Typhloō,τυφλόω,blind; make blind
https://www.youtube.com/watch?v=G8QAOgm9dwE,Homōs,ὅμως,all the same
https://www.youtube.com/watch?v=Or2daKUk2bw,Ēper,ἤπερ,or; than
https://www.youtube.com/watch?v=z4cpZeMBSJ4,Lention,λέντιον,linen cloth
https://www.youtube.com/watch?v=NtzUrclny0g,Diazōnnymi,διαζώννυμι,tie around
https://www.youtube.com/watch?v=pc2ZYCVsJpg,Louō,λούω,bathe; wash
https://www.youtube.com/watch?v=f-DmvQg7uW0,Hypodeigma,ὑπόδειγμα,"example, model"
https://www.youtube.com/watch?v=r08f6nLxiF0,Pterna,πτέρνα,heel
https://www.youtube.com/watch?v=Nlh4qs83yQM,Neuō,νεύω,Nod
https://www.youtube.com/watch?v=IzDlnobROjs,Psōmion,ψωμίον,piece of bread
https://www.youtube.com/watch?v=_QlDqWubE5E,Teknion,τεκνίον,(little) child
https://www.youtube.com/watch?v=PrsQf4ZJ5Sg,Paraklētos,παράκλητος,advocate; helper; intercessor
https://www.youtube.com/watch?v=B0qc_0Jx0tg,Orphanos,ὀρφανός,orphan
https://www.youtube.com/watch?v=o6CYvCu1pUo,Deiliaō,δειλιάω,be afraid; fear
https://www.youtube.com/watch?v=ZuPnjSfIkpg,Klēma,κλῆμα,branch
https://www.youtube.com/watch?v=7_TgW6i0UX4,Kathairō,καθαίρω,clean; purify
https://www.youtube.com/watch?v=AS5WRNv4ADU,Latreia,λατρεία,service/worship (of God)
https://www.youtube.com/watch?v=1yR4By7VSw4,Cheimarros,χείμαρρος,torrent; wadi
https://www.youtube.com/watch?v=3iZGQp_eWjY,Phanos,φανός,lamp
https://www.youtube.com/watch?v=weUnCl4Jrr4,Hoplon,ὅπλον,tool
https://www.youtube.com/watch?v=gMOvbWq2Kiw,Thēkē,θήκη,case; case to put anything in
https://www.youtube.com/watch?v=ilkuLofxN7E,Pentheros,πενθερός,father-in-law
https://www.youtube.com/watch?v=SD5g43T4UFU,Anthrakia,ἀνθρακιά,charcoal fire
https://www.youtube.com/watch?v=vPoYm2PvvKE,Psychos,ψῦχος,cold
https://www.youtube.com/watch?v=RvuCLtDmcP8,Miainō,μιαίνω,defile
https://www.youtube.com/watch?v=zjPtcxAIdi8,Katēgoria,κατηγορία,accusation
https://www.youtube.com/watch?v=fNKlGndimqw,Synētheia,συνήθεια,custom; being accustomed
https://www.youtube.com/watch?v=OspIZEikrKg,Porphyrous,πορφυροῦς,fisher for purple fish
https://www.youtube.com/watch?v=ilQdN6y1ckw,Lithostrōtos,λιθόστρωτος,paved with stones; pavement
https://www.youtube.com/watch?v=fiZiTTh9qRE,Titlos,τίτλος,title; inscription; notice
https://www.youtube.com/watch?v=MPHKgaqrbuc,Araphos,ἄραφος,seamless
https://www.youtube.com/watch?v=JlQUvTLyLyM,Hyssōpos,ὕσσωπος,hyssop
https://www.youtube.com/watch?v=lI9tIdifczw,Skelos,σκέλος,leg
https://www.youtube.com/watch?v=RIact6ZcgPM,Lonchē,λόγχη,"spear, lance"
https://www.youtube.com/watch?v=ePEhis2Cd_8,Pleura,πλευρά,rib
https://www.youtube.com/watch?v=ASH3XD-D2b8,Ekkenteō,ἐκκεντέω,pierce
https://www.youtube.com/watch?v=QjNQRfoQKvM,Migma,μίγμα,mixture
https://www.youtube.com/watch?v=5-5zucMTZdE,Aloē,ἀλόη,aloes
https://www.youtube.com/watch?v=50wosXPVukA,Kēpouros,κηπουρός,gardener
https://www.youtube.com/watch?v=vzJZ4wVXhbY,Angellō,ἀγγέλλω,announce
https://www.youtube.com/watch?v=7gMyogUR9fk,Emphysaō,ἐμφυσάω,blow in
https://www.youtube.com/watch?v=Hkg0aNFPa04,Typos,τύπος,example; type; pattern
https://www.youtube.com/watch?v=bk2UfJXEdQA,Hēlos,ἧλος,nail
https://www.youtube.com/watch?v=ik1WeGEHguA,Halieuō,ἁλιεύω,fish
https://www.youtube.com/watch?v=GzMxdNkcuuA,Ependytēs,ἐπενδύτης,outer garment
https://www.youtube.com/watch?v=URgSofxcbmE,Arnion,ἀρνίον,little lamb
https://www.youtube.com/watch?v=4vhShcFUB1Q,Zōnnyō,ζωννύω,gird
https://www.youtube.com/watch?v=eM6ljpkAEkU,Oiomai,οἴομαι,suppose
https://www.youtube.com/watch?v=L4CamwdrzYo,Tekmērion,τεκμήριον,proof
https://www.youtube.com/watch?v=_nGAn_pYdD8,Optanomai,ὀπτάνομαι,appear
https://www.youtube.com/watch?v=B9_IJtoY4Ec,Synalizō,συναλίζω,assemble with; stay with
https://www.youtube.com/watch?v=Sib0j08zxho,Perimenō,περιμένω,wait for
https://www.youtube.com/watch?v=OdJ0d4KMTiU,Elaiōn,ἐλαιών,olive grove
https://www.youtube.com/watch?v=AupdYIQltWs,Hyperōon,ὑπερῷον,attic; upstairs room
https://www.youtube.com/watch?v=HYMtSasATWg,Homothymadon,ὁμοθυμαδόν,with one accord; together
https://www.youtube.com/watch?v=QSN5QWMSeHs,Katarithmeō,καταριθμέω,count among
https://www.youtube.com/watch?v=hCq_p5KjXXg,Prēnēs,πρηνής,"forward, headlong"
https://www.youtube.com/watch?v=lfB_dY5qyGY,Lakaō,λακάω,burst apart
https://www.youtube.com/watch?v=O7kt961A_9Q,Dialektos,διάλεκτος,discourse
https://www.youtube.com/watch?v=yTNyIxqCU34,Kardiognōstēs,καρδιογνώστης,knower of hearts
https://www.youtube.com/watch?v=gwvh-lPnsDU,Apostolē,ἀποστολή,apostleship
https://www.youtube.com/watch?v=mSCH7IVOn4Q,Synkatapsēphizomai,συγκαταψηφίζομαι,be chosen together with
https://www.youtube.com/watch?v=nM_EaVZ5uLY,Aphnō,ἄφνω,of a sudden
https://www.youtube.com/watch?v=P3wgpZOsNjg,Pnoē,πνοή,blowing
https://www.youtube.com/watch?v=M46QzaCYiMk,Biaios,βίαιος,forcible; violent
https://www.youtube.com/watch?v=EiE0meQgTZs,Apophthengomai,ἀποφθέγγομαι,speak one’s opinion; prophesy
https://www.youtube.com/watch?v=ST2PPVew4Lc,Syncheō,συγχέω,confound; demolish
https://www.youtube.com/watch?v=hY5s_xEoGyo,Epidēmeō,ἐπιδημέω,be in town
https://www.youtube.com/watch?v=1R0EudWMn00,Hēmeteros,ἡμέτερος,our
https://www.youtube.com/watch?v=MfE1VyEmWsQ,Megaleios,μεγαλεῖος,greatness
https://www.youtube.com/watch?v=amYIlo_vcAA,Diachleuazō,διαχλευάζω,jeer
https://www.youtube.com/watch?v=L75FJgDCf7U,Gleukos,γλεῦκος,new wine
https://www.youtube.com/watch?v=8VKMlrJEeDs,Mestoō,μεστόω,fill
https://www.youtube.com/watch?v=qcueMfw3tHc,Enōtizomai,ἐνωτίζομαι,give ear
https://www.youtube.com/watch?v=vw9WjQpPqVk,Horasis,ὅρασις,eye; sight
https://www.youtube.com/watch?v=6_SCpO6xgRE,Enypnion,ἐνύπνιον,dream
https://www.youtube.com/watch?v=-c38Du94BVI,Enypniazomai,ἐνυπνιάζομαι,dream
https://www.youtube.com/watch?v=_DobpdnFyKw,Atmis,ἀτμίς,steam; vapour; smoke
https://www.youtube.com/watch?v=FIE71KPGmsE,Kapnos,καπνός,smoke
https://www.youtube.com/watch?v=rZeI0uQ5BZU,Metastrephō,μεταστρέφω,"change, alter"
https://www.youtube.com/watch?v=E6NBJYWhraE,Epiphanēs,ἐπιφανής,distinguished; manifest
https://www.youtube.com/watch?v=ICdui4_rpIg,Apodeiknymi,ἀποδείκνυμι,make; show
https://www.youtube.com/watch?v=DCI8vI6Sepk,Prognōsis,πρόγνωσις,foreknowledge
https://www.youtube.com/watch?v=ckgKfKNf-F0,Ekdotos,ἔκδοτος,delivered up
https://www.youtube.com/watch?v=8HeB98jyGMk,Prospēgnymi,προσπήγνυμι,fasten to; nail to (a cross)
https://www.youtube.com/watch?v=H0vuuBYkWxc,Prooraō,προοράω,foresee
https://www.youtube.com/watch?v=8gY1jf01r4s,Elpis,ἐλπίς,hope
https://www.youtube.com/watch?v=X-Kv5Q2UUUc,Hosios,ὅσιος,devout; holy
https://www.youtube.com/watch?v=Nm654igo5io,Diaphthora,διαφθορά,destruction; corruption
https://www.youtube.com/watch?v=3BTz7ZeAZ_E,Euphrosynē,εὐφροσύνη,gladness; joy
https://www.youtube.com/watch?v=erjlfWCQF3U,Patriarchēs,πατριάρχης,patriarch
https://www.youtube.com/watch?v=FcpG5YydzOQ,Katanyssomai,κατανύσσομαι,be pierced
https://www.youtube.com/watch?v=h2NnkkTAv6Q,Trischilioi,τρισχίλιοι,three thousand
https://www.youtube.com/watch?v=gsa8IglHXB0,Koinōnia,κοινωνία,"communion, fellowship"
https://www.youtube.com/watch?v=pJ2WCvtMbbs,Hyparxis,ὕπαρξις,"existence, subsistence"
https://www.youtube.com/watch?v=D_5F-pbUWWs,Metalambanō,μεταλαμβάνω,have a share in; receive
https://www.youtube.com/watch?v=CkTtQAOGmxw,Aphelotēs,ἀφελότης,simplicity
https://www.youtube.com/watch?v=2htpqI0Lbgw,Eiseimi,εἴσειμι,enter; go into
https://www.youtube.com/watch?v=Vlf5nt4RC_A,Chrysion,χρυσίον,gold
https://www.youtube.com/watch?v=ou67CrD5eqg,Stereoō,στερεόω,make firm or solid; establish
https://www.youtube.com/watch?v=IsYhuRCGlFg,Basis,βάσις,base; foot; pedestal
https://www.youtube.com/watch?v=L7sID0d2EHo,Sphydron,σφυδρόν,ankle
https://www.youtube.com/watch?v=21hB2oP8bxQ,Exallomai,ἐξάλλομαι,leap out of or forth from
https://www.youtube.com/watch?v=ZqZlcaguXp0,Ekthambos,ἔκθαμβος,amazed; astounded
https://www.youtube.com/watch?v=L433nZGZ1nU,Eusebeia,εὐσέβεια,"devoutness, piety"
https://www.youtube.com/watch?v=vE9kl60uOwI,Archēgos,ἀρχηγός,beginning; head; chief; ruler
https://www.youtube.com/watch?v=3p19I44yHR8,Holoklēria,ὁλοκληρία,wholeness; completeness
https://www.youtube.com/watch?v=TaNlTooThis,Agnoia,ἄγνοια,ignorance
https://www.youtube.com/watch?v=PLlPOGHKGSU,Prokatangellō,προκαταγγέλλω,announce beforehand; foretell
https://www.youtube.com/watch?v=krTSJieeDpE,Exaleiphō,ἐξαλείφω,plaster; wash over; wipe out
https://www.youtube.com/watch?v=wKk0BtVn29o,Anapsyxis,ἀνάψυξις,"breathing space, relief"
https://www.youtube.com/watch?v=KhZQZjpjPoA,Apokatastasis,ἀποκατάστασις,restoration
https://www.youtube.com/watch?v=eQA-Kmlsfy0,Exolethreuō,ἐξολεθρεύω,destroy utterly
https://www.youtube.com/watch?v=AirwL3cFGy4,Katangellō,καταγγέλλω,proclaim
https://www.youtube.com/watch?v=eElfLCbi5eg,Eneulogeō,ἐνευλογέω,bless
https://www.youtube.com/watch?v=LTx37hduvcA,Diaponeomai,διαπονέομαι,be (greatly) disturbed
https://www.youtube.com/watch?v=jNU2VXJhGv0,Tērēsis,τήρησις,"custody, imprisonment"
https://www.youtube.com/watch?v=Wt8iNSaEaq8,Archieratikos,ἀρχιερατικός,high-priestly
https://www.youtube.com/watch?v=Z1VSNuWTH3I,Euergesia,εὐεργεσία,benefit; kindness; good deed
https://www.youtube.com/watch?v=R_oNh3KFTCA,Oikodomos,οἰκοδόμος,builder
https://www.youtube.com/watch?v=H8A9NK_URRc,Agrammatos,ἀγράμματος,"uneducated, illiterate"
https://www.youtube.com/watch?v=sdrweVMo1K8,Idiōtēs,ἰδιώτης,layperson
https://www.youtube.com/watch?v=JPvoyrxM2ks,Dianemō,διανέμω,distribute
https://www.youtube.com/watch?v=yzYqRtEk0lE,Apeileō,ἀπειλέω,promise or threaten
https://www.youtube.com/watch?v=nrPY7CMf1BQ,Katholou,καθόλου,entirely
https://www.youtube.com/watch?v=2uK2l2FMLbg,Phthengomai,φθέγγομαι,"speak, utter"
https://www.youtube.com/watch?v=HC0ClSH1Wxw,Prosapeileō,προσαπειλέω,threaten further
https://www.youtube.com/watch?v=1mwWKZvy8Xs,Kolazō,κολάζω,"penalize, punish"
https://www.youtube.com/watch?v=zFZKhdivjiQ,Phryassō,φρυάσσω,"be arrogant, haughty"
https://www.youtube.com/watch?v=XR5ANDUjc4E,Meletaō,μελετάω,meditate; care for; study
https://www.youtube.com/watch?v=CIjPo-TdZAs,Proorizō,προορίζω,predestine; foreordain
https://www.youtube.com/watch?v=mta1wIRLaWI,Apeilē,ἀπειλή,boastful promises
https://www.youtube.com/watch?v=vQtwam_XW1A,Endeēs,ἐνδεής,lacking; want; need; lack
https://www.youtube.com/watch?v=2Xwcyfyc56E,Nosphizō,νοσφίζω,keep back
https://www.youtube.com/watch?v=N1ZQ0fiYkHI,Synoida,σύνοιδα,be privy to; know
https://www.youtube.com/watch?v=DwWCaRXIG84,Ekpsychō,ἐκψύχω,expire; breathe one’s last
https://www.youtube.com/watch?v=auWaP1fJDjY,Systellō,συστέλλω,cover; wrap up; limit
https://www.youtube.com/watch?v=tg6eGLQ3CHs,Diastēma,διάστημα,interval
https://www.youtube.com/watch?v=BZOB71LOibY,Klinarion,κλινάριον,bed
https://www.youtube.com/watch?v=7FphOdmVJxE,Perix,πέριξ,(all) around
https://www.youtube.com/watch?v=IAqMc7yUJK8,Ochleō,ὀχλέω,disturb; be troubled; move
https://www.youtube.com/watch?v=dfX6fIds5Ns,Hairesis,αἵρεσις,faction; party; sect
https://www.youtube.com/watch?v=wtgs4KUJdgU,Dēmosios,δημόσιος,public
https://www.youtube.com/watch?v=jGJ9hVxzzM0,Gerousia,γερουσία,council of elders
https://www.youtube.com/watch?v=9nZkdJ5WAfA,Phylax,φύλαξ,"guard, sentinel"
https://www.youtube.com/watch?v=h3zoVrvY_x0,Bia,βία,bodily strength
https://www.youtube.com/watch?v=5qvyQriWh3k,Parangelia,παραγγελία,command; instruction
https://www.youtube.com/watch?v=fLVjjBO3GcA,Epagō,ἐπάγω,bring on
https://www.youtube.com/watch?v=1-MQk9fIbs4,Peitharcheō,πειθαρχέω,obey
https://www.youtube.com/watch?v=RNGT9O1ZaIA,Diacheirizō,διαχειρίζω,have in hand
https://www.youtube.com/watch?v=KtNvGyRc-x0,Diapriō,διαπρίω,be cut to the quick
https://www.youtube.com/watch?v=b8FETB9mXtU,Timios,τίμιος,costly; honored
https://www.youtube.com/watch?v=pO4GF2s0Gl0,Prosklinō,προσκλίνω,"attach oneself to, join"
https://www.youtube.com/watch?v=7nWr4hgSeJM,Tetrakosioi,τετρακόσιοι,four hundred
https://www.youtube.com/watch?v=DhF5XG3Ru48,Dialyō,διαλύω,break up
https://www.youtube.com/watch?v=JlczdqOC1b0,Theomachos,θεομάχος,fighting against God
https://www.youtube.com/watch?v=BqxtGeLdc0E,Paratheōreō,παραθεωρέω,overlook; neglect
https://www.youtube.com/watch?v=DJ75jhAacIA,Kathēmerinos,καθημερινός,daily
https://www.youtube.com/watch?v=_qX4lwicwrk,Hypoballō,ὑποβάλλω,instigate
https://www.youtube.com/watch?v=0O-VLF35ywg,Blasphēmos,βλάσφημος,blasphemer; blasphemous
https://www.youtube.com/watch?v=ldC7xaFgNEY,Synkineō,συγκινέω,stir up; incite
https://www.youtube.com/watch?v=vZ9J5NtRuxE,Pseudēs,ψευδής,"false, lying"
https://www.youtube.com/watch?v=4_k_oQKKc44,Allassō,ἀλλάσσω,change
https://www.youtube.com/watch?v=z0-HJuTc9aE,Metoikizō,μετοικίζω,"deport, resettle"
https://www.youtube.com/watch?v=PiUhHD4e4rs,Kataschesis,κατάσχεσις,possession
https://www.youtube.com/watch?v=SqLwXHh_1e4,Paroikos,πάροικος,foreigner
https://www.youtube.com/watch?v=JhOId8vnnTo,Douloō,δουλόω,enslave
https://www.youtube.com/watch?v=JOa-c5ne4zQ,Kakoō,κακόω,harm; mistreat
https://www.youtube.com/watch?v=Vr-3nrMQ_fs,Zēloō,ζηλόω,be jealous; rival; envy
https://www.youtube.com/watch?v=BGMbAl6OJP8,Chortasma,χόρτασμα,fodder
https://www.youtube.com/watch?v=0gZfk7jLbrQ,Sition,σιτίον,food
https://www.youtube.com/watch?v=9t-uWKPyPfI,Anagnōrizō,ἀναγνωρίζω,become reacquainted
https://www.youtube.com/watch?v=WsXGD4G-aDM,Metakaleō,μετακαλέω,call to oneself; summon
https://www.youtube.com/watch?v=SJqVRTBiCVU,Metatithēmi,μετατίθημι,change the place of; transfer
https://www.youtube.com/watch?v=cXeuaU1zmN0,Ōneomai,ὠνέομαι,buy
https://www.youtube.com/watch?v=7R-GnaCV6uY,Katasophizomai,κατασοφίζομαι,deal craftily with; shrewdly
https://www.youtube.com/watch?v=HqIqw2WlKI0,Asteios,ἀστεῖος,handsome; beautiful
https://www.youtube.com/watch?v=Tajz3LjapeQ,Anatrephō,ἀνατρέφω,bring up; care for
https://www.youtube.com/watch?v=Bu8gyRpNIcY,Ektithēmi,ἐκτίθημι,explain; expound
https://www.youtube.com/watch?v=JgT1_C9fehk,Tesserakontaetēs,τεσσερακονταετής,forty years
https://www.youtube.com/watch?v=NWwfnk8kYvs,Amynomai,ἀμύνομαι,help; defend
https://www.youtube.com/watch?v=O9YoxTOWdRQ,Kataponeō,καταπονέω,oppress; subdue; torment
https://www.youtube.com/watch?v=QhBGbYfrsH0,Epeimi,ἔπειμι,be upon
https://www.youtube.com/watch?v=1yjRj589-ao,Synallassō,συναλλάσσω,reconcile
https://www.youtube.com/watch?v=XGwEqghtjGs,Apōtheō,ἀπωθέω,push aside; reject
https://www.youtube.com/watch?v=JDsgmvmrynM,Dikastēs,δικαστής,judge
https://www.youtube.com/watch?v=sjq9dDoUAzg,Entromos,ἔντρομος,trembling
https://www.youtube.com/watch?v=IYoSsQ09hKk,Kakōsis,κάκωσις,affliction; ill-treatment
https://www.youtube.com/watch?v=jtxJQBaEAls,Stenagmos,στεναγμός,groaning; moaning; sighing
https://www.youtube.com/watch?v=dFuok7ujOV8,Lytrōtēs,λυτρωτής,ransomer; redeemer
https://www.youtube.com/watch?v=UyZZDMz8GBc,Erythros,ἐρυθρός,red
https://www.youtube.com/watch?v=EnYGa1QhvU0,Logion,λόγιον,oracle; saying
https://www.youtube.com/watch?v=UmHC1IbBp30,Hypēkoos,ὑπήκοος,obedient
https://www.youtube.com/watch?v=ywjqJwdoyXw,Moschopoieō,μοσχοποιέω,manufacture a calf
https://www.youtube.com/watch?v=R0gXPXvqUbs,Eidōlon,εἴδωλον,idol
https://www.youtube.com/watch?v=k06eBAeFVjk,Sphagion,σφάγιον,victim; offering
https://www.youtube.com/watch?v=pKZMVGlyRbM,Epekeina,ἐπέκεινα,beyond
https://www.youtube.com/watch?v=tJeMXhapM-A,Diadechomai,διαδέχομαι,receive in turn
https://www.youtube.com/watch?v=wToSuqPmim4,Exōtheō,ἐξωθέω,push out; expel; drive out
https://www.youtube.com/watch?v=eskHtdjGTn0,Skēnōma,σκήνωμα,habitation
https://www.youtube.com/watch?v=ARKZotswXQ4,Katapausis,κατάπαυσις,rest
https://www.youtube.com/watch?v=9-fNlCX4JAY,Sklērotrachēlos,σκληροτράχηλος,"stiff-necked, stubborn"
https://www.youtube.com/watch?v=bBzCKsoiwHM,Aperitmētos,ἀπερίτμητος,uncircumcised
https://www.youtube.com/watch?v=w9EJFRC6n7s,Aei,ἀεί,always
https://www.youtube.com/watch?v=JGny8mbaWz8,Antipiptō,ἀντιπίπτω,collide; fall upon
https://www.youtube.com/watch?v=Hs-CRgihNhY,Eleusis,ἔλευσις,arrival; coming
https://www.youtube.com/watch?v=uZEYuQYErKE,Diatagē,διαταγή,ordinance
https://www.youtube.com/watch?v=tWABnpL8Yps,Brychō,βρύχω,gnash; grind (one’s teeth)
https://www.youtube.com/watch?v=B8BycaophU4,Neanias,νεανίας,young man
https://www.youtube.com/watch?v=H1xfi-2qmh8,Anairesis,ἀναίρεσις,destruction; taking up
https://www.youtube.com/watch?v=DVayMu3G2xE,Diaspeirō,διασπείρω,scatter
https://www.youtube.com/watch?v=jcPlLTx7uBw,Synkomizō,συγκομίζω,bring in; bury
https://www.youtube.com/watch?v=WN0KS8KCgxA,Kopetos,κοπετός,lamentation
https://www.youtube.com/watch?v=ZAp3Ouz2LPw,Lymainō,λυμαίνω,cause harm to; injure; damage
https://www.youtube.com/watch?v=pP1Wd3vitsI,Mageuō,μαγεύω,practice magic
https://www.youtube.com/watch?v=54h1DkeDJ0E,Mageia,μαγεία,magic
https://www.youtube.com/watch?v=Bq36UuhV1Ss,Epithesis,ἐπίθεσις,laying on
https://www.youtube.com/watch?v=EEIHeOUrmDo,Epinoia,ἐπίνοια,"thought, conception"
https://www.youtube.com/watch?v=LwiPv_U1nmY,Pikria,πικρία,bitterness
https://www.youtube.com/watch?v=GO5p4H3GUTk,Syndesmos,σύνδεσμος,bond of union; bond
https://www.youtube.com/watch?v=0USNlYpetcc,Mesēmbria,μεσημβρία,mid-day; noon
https://www.youtube.com/watch?v=gQDVyY4c1cI,Harma,ἅρμα,chariot
https://www.youtube.com/watch?v=Ok1bULRJVJ8,Periochē,περιοχή,content of a text
https://www.youtube.com/watch?v=aJ30KT6q36c,Sphagē,σφαγή,slaughter
https://www.youtube.com/watch?v=Vko8BdUgfmA,Keirō,κείρω,cut
https://www.youtube.com/watch?v=B_q7X5Qz-ew,Aphōnos,ἄφωνος,mute; silent; speechless
https://www.youtube.com/watch?v=jqzPZC223O4,Empneō,ἐμπνέω,blow or breathe upon
https://www.youtube.com/watch?v=nsJH9qzCHYA,Epistolē,ἐπιστολή,epistle
https://www.youtube.com/watch?v=aoqTdnIIFGI,Periastraptō,περιαστράπτω,flash around
https://www.youtube.com/watch?v=GHx3lxz7QNk,Synodeuō,συνοδεύω,travel together with
https://www.youtube.com/watch?v=XZxeE6kXJZQ,Eneos,ἐνεός,speechless
https://www.youtube.com/watch?v=s9GCKGnB6Qg,Cheiragōgeō,χειραγωγέω,lead by the hand
https://www.youtube.com/watch?v=efbsiVeWCEw,Eklogē,ἐκλογή,choice; election
https://www.youtube.com/watch?v=i1pMqUg5qLU,Apopiptō,ἀποπίπτω,fall
https://www.youtube.com/watch?v=2gUqnp5C6-I,Lepis,λεπίς,scale
https://www.youtube.com/watch?v=050NpoLQZN8,Portheō,πορθέω,destroy
https://www.youtube.com/watch?v=erj0pI-1h4Q,Endynamoō,ἐνδυναμόω,strengthen
https://www.youtube.com/watch?v=QsYseYSjB5E,Symbibazō,συμβιβάζω,bring together; instruct
https://www.youtube.com/watch?v=jiHzXH9a3uM,Epiboulē,ἐπιβουλή,plot
https://www.youtube.com/watch?v=9mBwZB2ldcA,Teichos,τεῖχος,wall
https://www.youtube.com/watch?v=gCrjbMGVGOo,Parrēsiazomai,παρρησιάζομαι,speak freely
https://www.youtube.com/watch?v=d0rtSFvz3uw,Mathētria,μαθήτρια,female disciple
https://www.youtube.com/watch?v=YvyNu9H36aE,Okneō,ὀκνέω,hesitate
https://www.youtube.com/watch?v=W5szF3QvsTU,Byrseus,βυρσεύς,tanner
https://www.youtube.com/watch?v=L26rBk2jgrE,Eusebēs,εὐσεβής,"devout, godly"
https://www.youtube.com/watch?v=_7u75BALR58,Metapempō,μεταπέμπω,send after; summon
https://www.youtube.com/watch?v=5FhK0DE25Pg,Xenizō,ξενίζω,practice hospitality
https://www.youtube.com/watch?v=C96P9FUwyIA,Hodoiporeō,ὁδοιπορέω,to travel
https://www.youtube.com/watch?v=aovpo1v0Eus,Prospeinos,πρόσπεινος,hungry
https://www.youtube.com/watch?v=EuqN5ajU30I,Paraskeuazō,παρασκευάζω,prepare
https://www.youtube.com/watch?v=zJhPt32LceY,Othonē,ὀθόνη,fine linen
https://www.youtube.com/watch?v=GeMJ3iKl5cY,Tetrapous,τετράπους,four-footed animals
https://www.youtube.com/watch?v=wDeMy_0hWHQ,Herpeton,ἑρπετόν,creeping thing; quadruped
https://www.youtube.com/watch?v=BRJ7L3UIWHw,Mēdamōs,μηδαμῶς,by no means
https://www.youtube.com/watch?v=_lwdYQzReE0,Dierōtaō,διερωτάω,ask about
https://www.youtube.com/watch?v=6oEqtTWhcRw,Dienthymeomai,διενθυμέομαι,consider; reflect
https://www.youtube.com/watch?v=xQGWTj2oma8,Eiskaleomai,εἰσκαλέομαι,invite in
https://www.youtube.com/watch?v=3C94GBl65hA,Anankaios,ἀναγκαῖος,necessary
https://www.youtube.com/watch?v=qggUfv4fGQU,Synomileō,συνομιλέω,converse with
https://www.youtube.com/watch?v=xuZevvPzi1Y,Athemitos,ἀθέμιτος,disgusting; lawless; unlawful
https://www.youtube.com/watch?v=Ds5RFwH1-9c,Allophylos,ἀλλόφυλος,Philistine; of another tribe
https://www.youtube.com/watch?v=OY0QTPewmgc,Anantirrētōs,ἀναντιρρήτως,without raising any objection
https://www.youtube.com/watch?v=Hu1NBidTxEo,Prosōpolēmptēs,προσωπολήμπτης,respecter of persons
https://www.youtube.com/watch?v=C0SyqA822Ws,Euergeteō,εὐεργετέω,do good
https://www.youtube.com/watch?v=WaypIHzdwH0,Katadynasteuō,καταδυναστεύω,"oppress, exploit"
https://www.youtube.com/watch?v=b96uW5BCnWk,Emphanēs,ἐμφανής,visible; known
https://www.youtube.com/watch?v=wRqiSwXUddw,Procheirotoneō,προχειροτονέω,appoint beforehand
https://www.youtube.com/watch?v=Xg4vPD7T_Uc,Sympinō,συμπίνω,drink together
https://www.youtube.com/watch?v=erAI3734x-I,Akrobystia,ἀκροβυστία,foreskin; uncircumcised
https://www.youtube.com/watch?v=UU2dIH0q4-0,Prōtōs,πρώτως,first
https://www.youtube.com/watch?v=X0W-27D646I,Euporeō,εὐπορέω,have plenty
https://www.youtube.com/watch?v=blObTJhZ3qw,Tetradion,τετράδιον,squad of 4 soldiers
https://www.youtube.com/watch?v=nsjXYihvDzE,Oikēma,οἴκημα,quarters; (prison) cell
https://www.youtube.com/watch?v=HvJgCF0xqF0,Ekpiptō,ἐκπίπτω,fall
https://www.youtube.com/watch?v=EVsgRuFa3PY,Sidērous,σιδηροῦς,(made of) iron
https://www.youtube.com/watch?v=5Z7j0g-kHbk,Synoraō,συνοράω,comprehend; realize
https://www.youtube.com/watch?v=2vEQr2SkVfA,Synathroizō,συναθροίζω,assemble; gather together
https://www.youtube.com/watch?v=OL-BFnHn1eY,Eistrechō,εἰστρέχω,run in
https://www.youtube.com/watch?v=KWg_DLupRnY,Kataseiō,κατασείω,harass; shake down
https://www.youtube.com/watch?v=9tDLHH2iqAg,Tarachos,τάραχος,"disturbance, commotion"
https://www.youtube.com/watch?v=Xpd8vPGnlH0,Thymomacheō,θυμομαχέω,be very angry
https://www.youtube.com/watch?v=m9NEkTFS8w0,Koitōn,κοιτών,bed-chamber
https://www.youtube.com/watch?v=LvHPaSPvB7o,Dēmēgoreō,δημηγορέω,deliver a public address
https://www.youtube.com/watch?v=pFreTOyvtRY,Dēmos,δῆμος,country-district
https://www.youtube.com/watch?v=H3DmIkQLldM,Skōlēkobrōtos,σκωληκόβρωτος,eaten by worms
https://www.youtube.com/watch?v=7_tnpSLBptw,Symparalambanō,συμπαραλαμβάνω,take along with
https://www.youtube.com/watch?v=f-FDJXNijPc,Syntrophos,σύντροφος,comrade
https://www.youtube.com/watch?v=CIlUyjzAgVo,Leitourgeō,λειτουργέω,perform public duties
https://www.youtube.com/watch?v=8APCehMzQJE,Ekpempō,ἐκπέμπω,send out
https://www.youtube.com/watch?v=aYFokhlC878,Apopleō,ἀποπλέω,sail away
https://www.youtube.com/watch?v=7ppyQf-ISg0,Anthypatos,ἀνθύπατος,proconsul
https://www.youtube.com/watch?v=1BUuNcOLy7k,Achlys,ἀχλύς,foggy mist; mist
https://www.youtube.com/watch?v=eSEw7ZqV-hA,Cheiragōgos,χειραγωγός,leading by the hand; leader
https://www.youtube.com/watch?v=UnKbZsnfXK4,Anagnōsis,ἀνάγνωσις,reading
https://www.youtube.com/watch?v=9nBo9KUpOCM,Paroikia,παροικία,sojourn
https://www.youtube.com/watch?v=mFd5ELQiHtw,Tropophoreō,τροποφορέω,bear someone's manner
https://www.youtube.com/watch?v=6SF46W5bOn4,Kataklēronomeō,κατακληρονομέω,give as a rightful possession
https://www.youtube.com/watch?v=31_47BmhVYA,Prokēryssō,προκηρύσσω,proclaim publicly
https://www.youtube.com/watch?v=Eik19MxMOy8,Eisodos,εἴσοδος,entrance
https://www.youtube.com/watch?v=CcMD4iUcCK4,Dromos,δρόμος,course
https://www.youtube.com/watch?v=ddtlNRQ_gaU,Hyponoeō,ὑπονοέω,"suspect, suppose"
https://www.youtube.com/watch?v=lqoQGZ6haX0,Ekplēroō,ἐκπληρόω,cause to happen; carry out
https://www.youtube.com/watch?v=WjY2YINaaug,Hypēreteō,ὑπηρετέω,"serve, be helpful"
https://www.youtube.com/watch?v=ruSGRYpHDVc,Kataphronētēs,καταφρονητής,"despiser, scoffer"
https://www.youtube.com/watch?v=OeVwEPIopUE,Ekdiēgeomai,ἐκδιηγέομαι,tell
https://www.youtube.com/watch?v=5Nhv-5DqeEQ,Exeimi,ἔξειμι,go out
https://www.youtube.com/watch?v=p4Pj2hQQTG4,Proslaleō,προσλαλέω,speak to or with
https://www.youtube.com/watch?v=ndky4D-5mDk,Schedon,σχεδόν,almost; nearly
https://www.youtube.com/watch?v=7BFOHq-qpuo,Parotrynō,παροτρύνω,"arouse, incite"
https://www.youtube.com/watch?v=qzE6AgvOsF4,Epegeirō,ἐπεγείρω,"arouse, stir up"
https://www.youtube.com/watch?v=3q5SvwoSVWk,Hormē,ὁρμή,assault; impulse; violence
https://www.youtube.com/watch?v=PbbEATOGNI4,Katapheugō,καταφεύγω,flee for refuge
https://www.youtube.com/watch?v=Dox8bIKrmFM,Orthos,ὀρθός,straight
https://www.youtube.com/watch?v=F0r8Zd21C28,Stemma,στέμμα,wreath
https://www.youtube.com/watch?v=ebU4poVsksQ,Ekpēdaō,ἐκπηδάω,leap out; run out of; escape
https://www.youtube.com/watch?v=BSCjimtrxEY,Homoiopathēs,ὁμοιοπαθής,same nature
https://www.youtube.com/watch?v=j6qg6hpByFY,Mataios,μάταιος,empty; vain; idle; frivolous
https://www.youtube.com/watch?v=m_N4Z6pxLtc,Paroichomai,παροίχομαι,be past
https://www.youtube.com/watch?v=dhLNetnIAgY,Kaitoi,καίτοι,and so
https://www.youtube.com/watch?v=37wz8D1zI3w,Amartyros,ἀμάρτυρος,without witness
https://www.youtube.com/watch?v=yJ__w2CRQN8,Agathoergeō,ἀγαθοεργέω,do good
https://www.youtube.com/watch?v=3emy3gUcF_0,Ouranothen,οὐρανόθεν,from heaven
https://www.youtube.com/watch?v=zlxRa4kXhYc,Hyetos,ὑετός,rain
https://www.youtube.com/watch?v=Nt6sQR9pHQw,Karpophoros,καρποφόρος,fruit-bearing; fruitful
https://www.youtube.com/watch?v=mytr1V7tWLY,Molis,μόλις,hardly; scarcely
https://www.youtube.com/watch?v=id4WWcOLlEY,Katapauō,καταπαύω,cause to cease; rest
https://www.youtube.com/watch?v=AwsIYpl9i7g,Epistērizō,ἐπιστηρίζω,make to lean on; strengthen
https://www.youtube.com/watch?v=hZH_MpgbQDs,Cheirotoneō,χειροτονέω,appoint; install; choose
https://www.youtube.com/watch?v=zfOhds_fXKM,Zētēma,ζήτημα,issue
https://www.youtube.com/watch?v=Lpc2GqeOQxk,Propempō,προπέμπω,"accompany, escort"
https://www.youtube.com/watch?v=VCNVMJgtZCQ,Epistrophē,ἐπιστροφή,attention; conversion
https://www.youtube.com/watch?v=lNk96uglfWw,Anoikodomeō,ἀνοικοδομέω,build up again
https://www.youtube.com/watch?v=QfapBzHBO04,Kataskaptō,κατασκάπτω,dig down; destroy utterly
https://www.youtube.com/watch?v=YOHRH2-nHec,Kataloipos,κατάλοιπος,left remaining; rest
https://www.youtube.com/watch?v=v2b-dD_m9wc,Parenochleō,παρενοχλέω,cause one much annoyance
https://www.youtube.com/watch?v=uOnnZZS7aF4,Epistellō,ἐπιστέλλω,inform by letter
https://www.youtube.com/watch?v=g7x7eH16N54,Alisgēma,ἀλίσγημα,pollution
https://www.youtube.com/watch?v=dNIfPhfIeAA,Pniktos,πνικτός,strangled
https://www.youtube.com/watch?v=gvc2t8Wyijg,Anaskeuazō,ἀνασκευάζω,"upset, unsettle"
https://www.youtube.com/watch?v=svgWt0mPOPo,Epanankes,ἐπάναγκες,of a necessary nature
https://www.youtube.com/watch?v=i5dKLk8Vk4Q,Eidōlothytos,εἰδωλόθυτος,food sacrificed to idols
https://www.youtube.com/watch?v=A18IIQ4QJbI,Paroxysmos,παροξυσμός,irritation; exasperation
https://www.youtube.com/watch?v=BbtCDAAvNFI,Apochōrizō,ἀποχωρίζω,part or separate from
https://www.youtube.com/watch?v=u3o8snOYJCQ,Ekpleō,ἐκπλέω,sail away
https://www.youtube.com/watch?v=1B5Pl7ycKpw,Katantaō,καταντάω,arrive at; reach; come to
https://www.youtube.com/watch?v=bXKYiwkJGOo,Euthydromeō,εὐθυδρομέω,run a straight course
https://www.youtube.com/watch?v=pfiOBOC-nSk,Kolōnia,κολωνία,colony
https://www.youtube.com/watch?v=9cyAuiiF8_o,Porphyropōlis,πορφυρόπωλις,merchant dealing in purple cloth
https://www.youtube.com/watch?v=s-1N8suXRWE,Pythōn,πύθων,divination; prophecy
https://www.youtube.com/watch?v=MiiBkd8YbRo,Manteuomai,μαντεύομαι,divine
https://www.youtube.com/watch?v=TmETsOgybRw,Ektarassō,ἐκταράσσω,"agitate, cause confusion"
https://www.youtube.com/watch?v=Eg1DALx9H3o,Synephistēmi,συνεφίστημι,be aware of guilt
https://www.youtube.com/watch?v=Dve1PEfs5oI,Perirēgnymi,περιρήγνυμι,tear off
https://www.youtube.com/watch?v=pBWRoMrx-7U,Desmophylax,δεσμοφύλαξ,jailer
https://www.youtube.com/watch?v=M93RXwVVfjM,Esōteros,ἐσώτερος,inner
https://www.youtube.com/watch?v=5ujXaa-kryw,Epakroaomai,ἐπακροάομαι,listen to
https://www.youtube.com/watch?v=MlcPvdSy3yk,Aniēmi,ἀνίημι,leave; spread forth
https://www.youtube.com/watch?v=60Z5Ot8RTDw,Exypnos,ἔξυπνος,awake
https://www.youtube.com/watch?v=YXubIcX-Di0,Eispēdaō,εἰσπηδάω,leap in
https://www.youtube.com/watch?v=E_4NbM2W_Xc,Panoikei,πανοικεί,with one’s whole household
https://www.youtube.com/watch?v=kJ_muHsT5zc,Akatakritos,ἀκατάκριτος,uncondemned
https://www.youtube.com/watch?v=AkjxQ97CA1I,Prosklēroō,προσκληρόω,"be attached to, join"
https://www.youtube.com/watch?v=hWZFfjhtxVE,Agoraios,ἀγοραῖος,market people
https://www.youtube.com/watch?v=PiJ-cwP518k,Ochlopoieō,ὀχλοποιέω,form a mob
https://www.youtube.com/watch?v=PhvAOTRNfBE,Politarchēs,πολιτάρχης,city official
https://www.youtube.com/watch?v=af_nKRVvIBI,Anastatoō,ἀναστατόω,disturb; trouble; upset
https://www.youtube.com/watch?v=TdFdyiTDPNg,Apeimi,ἄπειμι,be absent
https://www.youtube.com/watch?v=CX6SgDbI2Gw,Prothymia,προθυμία,readiness
https://www.youtube.com/watch?v=A_5TF7_iO1A,Ekdechomai,ἐκδέχομαι,"expect, wait"
https://www.youtube.com/watch?v=cqKGtTyxNJM,Paroxynō,παροξύνω,provoke; irritate
https://www.youtube.com/watch?v=HeOFSR6Lfjw,Kateidōlos,κατείδωλος,full of idols
https://www.youtube.com/watch?v=V32rTVca5lQ,Paratynchanō,παρατυγχάνω,happen be near
https://www.youtube.com/watch?v=1UfnzNf66l8,Philosophos,φιλόσοφος,philosopher
https://www.youtube.com/watch?v=xuOPxOeQwn8,Spermologos,σπερμολόγος,scavenger; babbler
https://www.youtube.com/watch?v=Rl1KcQlemWE,Katangeleus,καταγγελεύς,proclaimer
https://www.youtube.com/watch?v=EJVjAJa_z6g,Pagos,πάγος,Areopagus
https://www.youtube.com/watch?v=rm-hiLOZQyg,Deisidaimōn,δεισιδαίμων,"devout, religious"
https://www.youtube.com/watch?v=LZvz4oeEvRU,Anatheōreō,ἀναθεωρέω,observe carefully
https://www.youtube.com/watch?v=j87pMd1Gj9M,Sebasma,σέβασμα,devotional object
https://www.youtube.com/watch?v=bRETXCfN7eM,Agnōstos,ἄγνωστος,unknown
https://www.youtube.com/watch?v=WxmBjpOuJaY,Eusebeō,εὐσεβέω,religious; godly
https://www.youtube.com/watch?v=vIJzttmwE04,Anthrōpinos,ἀνθρώπινος,human
https://www.youtube.com/watch?v=gp4b-cH5ScE,Prosdeomai,προσδέομαι,need
https://www.youtube.com/watch?v=3rOBtX_l3NA,Horothesia,ὁροθεσία,fixed boundary
https://www.youtube.com/watch?v=x-VJmlpWRRU,Katoikia,κατοικία,dwelling place; habitation
https://www.youtube.com/watch?v=22sQXoqW8d0,Poiētēs,ποιητής,doer; maker
https://www.youtube.com/watch?v=bbkA1p0uEWY,Charagma,χάραγμα,mark; stamp
https://www.youtube.com/watch?v=McAHgmOA4lc,Technē,τέχνη,art
https://www.youtube.com/watch?v=zSBz9SPjIRM,Theios,θεῖος,divine
https://www.youtube.com/watch?v=rsPbRFsESsE,Hyperoraō,ὑπεροράω,disdain; overlook
https://www.youtube.com/watch?v=YcOutK2hgLk,Chleuazō,χλευάζω,"mock, sneer"
https://www.youtube.com/watch?v=t38ncXPRo9o,Prosphatōs,προσφάτως,recently
https://www.youtube.com/watch?v=z6iDlrb0t6o,Homotechnos,ὁμότεχνος,practicing the same trade
https://www.youtube.com/watch?v=DvTsUnj9XRU,Skēnopoios,σκηνοποιός,tentmaker
https://www.youtube.com/watch?v=4CK1QecFu0E,Antitassō,ἀντιτάσσω,"oppose, resist"
https://www.youtube.com/watch?v=d4L3AlG5fiw,Synomoreō,συνομορέω,border on; be next door to
https://www.youtube.com/watch?v=N_kd1VBzsZo,Katephistamai,κατεφίσταμαι,rise up (against)
https://www.youtube.com/watch?v=FfzbnX9XXkM,Anapeithō,ἀναπείθω,induce
https://www.youtube.com/watch?v=mFMT3YAbQbM,Adikēma,ἀδίκημα,wrong; crime; misdeed
https://www.youtube.com/watch?v=hwYqD5kuPBo,Apelaunō,ἀπελαύνω,drive away
https://www.youtube.com/watch?v=3xNJ4yWJodQ,Euchē,εὐχή,prayer; vow
https://www.youtube.com/watch?v=OKg73CRcbtI,Epineuō,ἐπινεύω,Nod
https://www.youtube.com/watch?v=rlBrsMFwv9g,Logios,λόγιος,"eloquent; learned, cultured"
https://www.youtube.com/watch?v=9kGV4URctbs,Zeō,ζέω,be enthusiastic
https://www.youtube.com/watch?v=QzRMWadIFDg,Protrepō,προτρέπω,"urge (on), encourage"
https://www.youtube.com/watch?v=SmHKPARVotA,Diakatelenchomai,διακατελέγχομαι,confute; refute
https://www.youtube.com/watch?v=O7HC5pjFjvI,Anōterikos,ἀνωτερικός,upper; inland
https://www.youtube.com/watch?v=b34KlYP4Oro,Sklērynō,σκληρύνω,harden
https://www.youtube.com/watch?v=eoY68BX5dMA,Scholē,σχολή,lecture hall
https://www.youtube.com/watch?v=tVhPV_KM44E,Chrōs,χρώς,skin
https://www.youtube.com/watch?v=tmSSgkkRKhc,Simikinthion,σιμικίνθιον,(a workman’s) apron
https://www.youtube.com/watch?v=KqBc8Zz2phk,Perierchomai,περιέρχομαι,go about
https://www.youtube.com/watch?v=QTmje8LRWms,Exorkistēs,ἐξορκιστής,exorcist
https://www.youtube.com/watch?v=sdMg98DA63Q,Ephallomai,ἐφάλλομαι,leap upon
https://www.youtube.com/watch?v=fh7Db0vM1Ts,Periergos,περίεργος,magic; meddlesome
https://www.youtube.com/watch?v=m6VVeqo4r0g,Sympsēphizō,συμψηφίζω,count up; compute
https://www.youtube.com/watch?v=C_Yqbex-TUU,Argyrokopos,ἀργυροκόπος,silver-smith
https://www.youtube.com/watch?v=DA55yxHmKhY,Argyrous,ἀργυροῦς,silver
https://www.youtube.com/watch?v=sHsUU-V5Gng,Technitēs,τεχνίτης,artisan; craftsman
https://www.youtube.com/watch?v=yfO5EA4djyQ,Euporia,εὐπορία,prosperity
https://www.youtube.com/watch?v=964kmTsMrQw,Apelegmos,ἀπελεγμός,discredit; disrepute
https://www.youtube.com/watch?v=Q5Ll8Z7oY9M,Thea,θεά,god/goddess
https://www.youtube.com/watch?v=XrZCY8gQ9Y4,Synchysis,σύγχυσις,confusion
https://www.youtube.com/watch?v=WSEG4tb-sLQ,Theatron,θέατρον,theater; a play
https://www.youtube.com/watch?v=uz3bJ5q-YB4,Synekdēmos,συνέκδημος,traveling companion
https://www.youtube.com/watch?v=h4L3ROitBK8,Katastellō,καταστέλλω,"restrain, quiet"
https://www.youtube.com/watch?v=hJfn2ZtiV7c,Neōkoros,νεωκόρος,honorary temple keeper
https://www.youtube.com/watch?v=-X-RpQRjE38,Diopetēs,διοπετής,(image) fallen from heaven
https://www.youtube.com/watch?v=Dvye-iSHO8M,Anantirrētos,ἀναντίρρητος,undeniable
https://www.youtube.com/watch?v=mDwGat5FKGE,Propetēs,προπετής,hasty; rash; reckless
https://www.youtube.com/watch?v=PnrEO4rR-Tw,Hierosylos,ἱερόσυλος,sacrilegious person
https://www.youtube.com/watch?v=qvaNeHSG--g,Enkaleō,ἐγκαλέω,accuse
https://www.youtube.com/watch?v=0AHzrwEThIU,Peraiterō,περαιτέρω,"further, beyond"
https://www.youtube.com/watch?v=ohDjTqS3pPI,Ennomos,ἔννομος,"legal, lawful"
https://www.youtube.com/watch?v=r4mu6Hkw2u0,Systrophē,συστροφή,dense mass; conspiracy; band
https://www.youtube.com/watch?v=2HiHzEYmgBI,Gnōmē,γνώμη,decision; decree
https://www.youtube.com/watch?v=9Ps9HgnMuZc,Synepomai,συνέπομαι,accompany
https://www.youtube.com/watch?v=NZ3pkBmEKWc,Parateinō,παρατείνω,"extend, prolong"
https://www.youtube.com/watch?v=qm9uRR0naWA,Thyris,θυρίς,window
https://www.youtube.com/watch?v=MzvjMG3bePo,Katapherō,καταφέρω,be brought down; cast against
https://www.youtube.com/watch?v=Cp7aXFUSFfg,Tristegon,τρίστεγον,third story
https://www.youtube.com/watch?v=amRznZXb5SQ,Symperilambanō,συμπεριλαμβάνω,embrace
https://www.youtube.com/watch?v=zA--e4CrIco,Augē,αὐγή,brightness; sunlight; gleam
https://www.youtube.com/watch?v=MnntiyqCDt4,Metriōs,μετρίως,moderately
https://www.youtube.com/watch?v=zFK4vpIf9Ew,Pezeuō,πεζεύω,travel by land
https://www.youtube.com/watch?v=9rIoF2U5mlo,Antikrys,ἄντικρυς,opposite
https://www.youtube.com/watch?v=kTq9Zyd1kH4,Paraballō,παραβάλλω,approach; come near
https://www.youtube.com/watch?v=5yCBXfNDIq4,Parapleō,παραπλέω,sail past
https://www.youtube.com/watch?v=GW5OSDaBdFs,Chronotribeō,χρονοτριβέω,spend time; lose time
https://www.youtube.com/watch?v=Vp833Si16kY,Tapeinophrosynē,ταπεινοφροσύνη,humility
https://www.youtube.com/watch?v=StNCUpqgrAM,Hypostellō,ὑποστέλλω,"draw back, withdraw"
https://www.youtube.com/watch?v=Q8B-a4UXfeE,Martyromai,μαρτύρομαι,call to witness; attest
https://www.youtube.com/watch?v=UGFiTnaZNl0,Episkopos,ἐπίσκοπος,guardian; overseer
https://www.youtube.com/watch?v=00_vN4-DR2I,Aphixis,ἄφιξις,arrival or departure
https://www.youtube.com/watch?v=2LYFrudzZMg,Pheidomai,φείδομαι,spare
https://www.youtube.com/watch?v=9hCh9oDLEwY,Trietia,τριετία,three years
https://www.youtube.com/watch?v=NA9remquTcY,Noutheteō,νουθετέω,admonish; advise
https://www.youtube.com/watch?v=YjVmxPp0BHw,Malista,μάλιστα,above all
https://www.youtube.com/watch?v=6Mh_fczXTno,Ekeise,ἐκεῖσε,there
https://www.youtube.com/watch?v=TOr6B53pb48,Apophortizomai,ἀποφορτίζομαι,unload
https://www.youtube.com/watch?v=-w7bDseopJw,Gomos,γόμος,cargo; load; freight
https://www.youtube.com/watch?v=uoRVpuuTcHw,Exartizō,ἐξαρτίζω,bring to an end; finish
https://www.youtube.com/watch?v=ijqLj0TJAjY,Apaspazomai,ἀπασπάζομαι,take leave of
https://www.youtube.com/watch?v=of8wLrjwQ1I,Ploos,πλόος,sail; travel by boat
https://www.youtube.com/watch?v=7IBM4N01VYY,Dianyō,διανύω,arrive; complete
https://www.youtube.com/watch?v=zTXHVme1zWg,Euangelistēs,εὐαγγελιστής,evangelist
https://www.youtube.com/watch?v=eb7kUZsi64g,Entopios,ἐντόπιος,local; local resident
https://www.youtube.com/watch?v=DwtjZKODMSk,Synthryptō,συνθρύπτω,break in pieces
https://www.youtube.com/watch?v=6qA0VVxkYCA,Hetoimōs,ἑτοίμως,readily
https://www.youtube.com/watch?v=FUz5iFQtYNc,Episkeuazomai,ἐπισκευάζομαι,arrange
https://www.youtube.com/watch?v=o0N798IMf-E,Asmenōs,ἀσμένως,gladly
https://www.youtube.com/watch?v=iU8Q38-fCxU,Apostasia,ἀποστασία,defection; apostasy
https://www.youtube.com/watch?v=Nvy6A_jhWZE,Xyraō,ξυράω,be/get shaved
https://www.youtube.com/watch?v=U35jC7vRm9g,Stoicheō,στοιχέω,"hold to, agree with"
https://www.youtube.com/watch?v=Gt75DOLgVG8,Ekplērōsis,ἐκπλήρωσις,completion
https://www.youtube.com/watch?v=v1izzodsY5E,Hagnismos,ἁγνισμός,purification
https://www.youtube.com/watch?v=y3fZJCFEPBc,Prosphora,προσφορά,offering
https://www.youtube.com/watch?v=sRy7cz7vQpc,Pantachē,πανταχῇ,everywhere
https://www.youtube.com/watch?v=RbMwA1jo4V8,Syndromē,συνδρομή,running together
https://www.youtube.com/watch?v=2BxVs05I6Jg,Helkō,ἕλκω,drag
https://www.youtube.com/watch?v=KvHiPcwRjMM,Phasis,φάσις,"report, news"
https://www.youtube.com/watch?v=3UQp4fZq8nU,Katatrechō,κατατρέχω,run down
https://www.youtube.com/watch?v=QhCs6VrAYNs,Asphalēs,ἀσφαλής,certainty; truth; certain
https://www.youtube.com/watch?v=goCtbCdviKo,Parembolē,παρεμβολή,barracks/camp
https://www.youtube.com/watch?v=F_yGpcUzQtU,Anabathmos,ἀναβαθμός,ascent; flight of steps
https://www.youtube.com/watch?v=vyLHPMTq7jo,Sikarios,σικάριος,assassin
https://www.youtube.com/watch?v=JvbjCPPCR58,Sigē,σιγή,silence
https://www.youtube.com/watch?v=d9yjCkY0yvg,Apologia,ἀπολογία,defense
https://www.youtube.com/watch?v=wF-4n8Xb8QU,Hēsychia,ἡσυχία,quietness; silence
https://www.youtube.com/watch?v=A-cqi7kKTr0,Akribeia,ἀκρίβεια,exactness
https://www.youtube.com/watch?v=2dJTSLfcQb4,Patrōos,πατρῷος,of one’s father
https://www.youtube.com/watch?v=P5h9lIGSVh4,Timōreō,τιμωρέω,punish
https://www.youtube.com/watch?v=OXaXdMUizPQ,Edaphos,ἔδαφος,foundation; ground
https://www.youtube.com/watch?v=f96KWATe_Zo,Apolouō,ἀπολούω,wash clean
https://www.youtube.com/watch?v=AF9NgP8d8rM,Phylakizō,φυλακίζω,imprison
https://www.youtube.com/watch?v=7oN3JJey_NI,Kathēkō,καθήκω,be fitting; be proper
https://www.youtube.com/watch?v=JIdiVb4Q_wU,Aēr,ἀήρ,air
https://www.youtube.com/watch?v=XcxNdcI1t3k,Anetazō,ἀνετάζω,examine judicially
https://www.youtube.com/watch?v=DvWBM377Vks,Proteinō,προτείνω,hold up; stretch forth
https://www.youtube.com/watch?v=W47F6kyQWEQ,Mastizō,μαστίζω,to whip
https://www.youtube.com/watch?v=NoOqOhmKBBM,Kephalaion,κεφάλαιον,head; sum
https://www.youtube.com/watch?v=HFPsUY3oLWM,Politeia,πολιτεία,citizenship; commonwealth
https://www.youtube.com/watch?v=6yeaVuCOsb8,Politeuomai,πολιτεύομαι,lead one’s life; live
https://www.youtube.com/watch?v=igbPeSvCyRs,Toichos,τοῖχος,wall
https://www.youtube.com/watch?v=RDy5PrvFD9E,Paranomeō,παρανομέω,break the law
https://www.youtube.com/watch?v=MWq-T7quQgQ,Diamachomai,διαμάχομαι,contend sharply
https://www.youtube.com/watch?v=2Hu7mYYpteA,Synōmosia,συνωμοσία,"conspiracy, plot"
https://www.youtube.com/watch?v=A43bcTqJxWM,Anathema,ἀνάθεμα,accursed thing
https://www.youtube.com/watch?v=4K3z0sdWEQk,Diaginōskō,διαγινώσκω,determine
https://www.youtube.com/watch?v=mXYsgClozKg,Enedra,ἐνέδρα,ambush
https://www.youtube.com/watch?v=gymZaT16ARM,Eklaleō,ἐκλαλέω,speak out
https://www.youtube.com/watch?v=9cuIbkEqZQI,Hippeus,ἱππεύς,cavalryman
https://www.youtube.com/watch?v=txXnMSzqv8w,Dexiolabos,δεξιολάβος,bowman; slinger; spearman
https://www.youtube.com/watch?v=9Wn8xII8sJk,Enklēma,ἔγκλημα,accusation
https://www.youtube.com/watch?v=gRAXwThF7wQ,Anadidōmi,ἀναδίδωμι,"deliver, hand over"
https://www.youtube.com/watch?v=Ik7cLMqhD-E,Eparcheia,ἐπαρχεία,province
https://www.youtube.com/watch?v=2X_K8f2W20w,Diakouō,διακούω,give a hearing
https://www.youtube.com/watch?v=EbCxl1sycNQ,Diorthōma,διόρθωμα,improvement; reform
https://www.youtube.com/watch?v=vJrk--T2sGQ,Pronoia,πρόνοια,foresight; providence
https://www.youtube.com/watch?v=eLnw1C1lKX8,Pantē,πάντῃ,all; every
https://www.youtube.com/watch?v=ilcQoyJgdY4,Eucharistia,εὐχαριστία,gratitude
https://www.youtube.com/watch?v=sIcyjmxHCII,Enkoptō,ἐγκόπτω,"hinder, thwart"
https://www.youtube.com/watch?v=_R6-Uq7IqiQ,Epieikeia,ἐπιείκεια,clemency
https://www.youtube.com/watch?v=a7V-UO4H9aE,Prōtostatēs,πρωτοστάτης,leader
https://www.youtube.com/watch?v=8LsgXZoU8D8,Synepitithēmi,συνεπιτίθημι,join in an attack
https://www.youtube.com/watch?v=v6zYLMulU_E,Phaskō,φάσκω,assert; claim
https://www.youtube.com/watch?v=PpQqCZjvR3k,Euthymōs,εὐθύμως,cheerfully
https://www.youtube.com/watch?v=cmQ3ZqUKczM,Epistasis,ἐπίστασις,"pressure, care"
https://www.youtube.com/watch?v=xJT77yCYh5g,Askeō,ἀσκέω,practice; engage in
https://www.youtube.com/watch?v=dywGehNHLSI,Aproskopos,ἀπρόσκοπος,blameless; clear
https://www.youtube.com/watch?v=RVjz0WnLN50,Anaballō,ἀναβάλλω,adjourn
https://www.youtube.com/watch?v=FPC7pCYjgj8,Anesis,ἄνεσις,remission; liberty
https://www.youtube.com/watch?v=kGYdEJPhrmw,Enkrateia,ἐγκράτεια,self control; self-control
https://www.youtube.com/watch?v=sUv0J4ySeLQ,Dietia,διετία,two years
https://www.youtube.com/watch?v=0QxK4B2pm5g,Diadochos,διάδοχος,succeeding a person
https://www.youtube.com/watch?v=OrnAnh4lDKs,Katatithēmi,κατατίθημι,grant; give
https://www.youtube.com/watch?v=tIUaYRoZIKQ,Synkatabainō,συγκαταβαίνω,go down with
https://www.youtube.com/watch?v=dbN1l3Fw-lc,Aitiōma,αἰτίωμα,charge
https://www.youtube.com/watch?v=mtEYO9R4HdE,Anatithēmi,ἀνατίθημι,ascribe; communicate
https://www.youtube.com/watch?v=OVnoBP4g7Ww,Katadikē,καταδίκη,condemnation
https://www.youtube.com/watch?v=-OKh-kAUdMw,Anabolē,ἀναβολή,delay
https://www.youtube.com/watch?v=oMxGx6chw44,Deisidaimonia,δεισιδαιμονία,religion
https://www.youtube.com/watch?v=5HC08qD8HtQ,Sebastos,σεβαστός,"revered, august"
https://www.youtube.com/watch?v=H1a1ZeWCNBY,Diagnōsis,διάγνωσις,decision
https://www.youtube.com/watch?v=exCsWtJvrfc,Phantasia,φαντασία,appearance; vision
https://www.youtube.com/watch?v=F0bURXS0go0,Akroatērion,ἀκροατήριον,audience hall
https://www.youtube.com/watch?v=0ZzyUWvejJg,Exochē,ἐξοχή,prominence
https://www.youtube.com/watch?v=IJif9QbMpe8,Sympareimi,συμπάρειμι,be present with
https://www.youtube.com/watch?v=RfxH3Nym_YE,Entynchanō,ἐντυγχάνω,appeal; intercede
https://www.youtube.com/watch?v=xQY-SOg0PBQ,Anakrisis,ἀνάκρισις,inquiry; examination
https://www.youtube.com/watch?v=yBWG1xSQUnk,Alogos,ἄλογος,without reason
https://www.youtube.com/watch?v=qdBnTe1djhA,Gnōstēs,γνώστης,knowledgeable
https://www.youtube.com/watch?v=DHuQB2CocyM,Makrothymōs,μακροθύμως,patiently
https://www.youtube.com/watch?v=1B_BW_cElkk,Biōsis,βίωσις,manner of life
https://www.youtube.com/watch?v=1APabUrblno,Akribēs,ἀκριβής,accurate; precise
https://www.youtube.com/watch?v=tDT_8yNzir4,Dōdekaphylon,δωδεκάφυλον,twelve tribes
https://www.youtube.com/watch?v=6vk4x86J6k8,Ekteneia,ἐκτένεια,earnestness
https://www.youtube.com/watch?v=WOfPx-uOD5w,Psēphos,ψῆφος,pebble; small stone
https://www.youtube.com/watch?v=nFgiG94OuLE,Emmainomai,ἐμμαίνομαι,be enraged
https://www.youtube.com/watch?v=X6-C_hR35_Q,Lamprotēs,λαμπρότης,brightness
https://www.youtube.com/watch?v=_C3LtwBGXgc,Kentron,κέντρον,any sharp point
https://www.youtube.com/watch?v=IU2uKXLGkCI,Laktizō,λακτίζω,kick
https://www.youtube.com/watch?v=Ty_gVbCjMgM,Epikouria,ἐπικουρία,help
https://www.youtube.com/watch?v=Bv7-WNYeSo0,Pathētos,παθητός,subject to suffering
https://www.youtube.com/watch?v=xLN45IR9538,Mania,μανία,madness
https://www.youtube.com/watch?v=HGkJdwZ1TWs,Peritrepō,περιτρέπω,overturn
https://www.youtube.com/watch?v=fXrPx-Sbn6g,Sōphrosynē,σωφροσύνη,moderation; self-control
https://www.youtube.com/watch?v=btOZ4tSF2tA,Euchomai,εὔχομαι,pray
https://www.youtube.com/watch?v=slXletNudUg,Hopoios,ὁποῖος,of what sort
https://www.youtube.com/watch?v=ioS_WIkTyw0,Desmōtēs,δεσμώτης,prisoner
https://www.youtube.com/watch?v=JqScUADiUlA,Philanthrōpōs,φιλανθρώπως,"benevolently, kindly"
https://www.youtube.com/watch?v=kvnMnV3gABc,Chraomai,χράομαι,make use of; act
https://www.youtube.com/watch?v=oattTnj7fgs,Epimeleia,ἐπιμέλεια,attention; care
https://www.youtube.com/watch?v=VqNSC08t8U0,Hypopleō,ὑποπλέω,sail under the lee of (an island)
https://www.youtube.com/watch?v=7uIgob2Pdgo,Diapleō,διαπλέω,sail across
https://www.youtube.com/watch?v=LK-uGdeokQ4,Embibazō,ἐμβιβάζω,place on; put on board
https://www.youtube.com/watch?v=TuJr9mEXH_Y,Bradyploeō,βραδυπλοέω,sail slowly
https://www.youtube.com/watch?v=_YvVPSDCgKk,Proseaō,προσεάω,permit to go further
https://www.youtube.com/watch?v=WzDG89hynVw,Paralegomai,παραλέγομαι,sail past; coast along
https://www.youtube.com/watch?v=WmY69iaLIFU,Limēn,λιμήν,harbor
https://www.youtube.com/watch?v=8X1BI7GCWVo,Episphalēs,ἐπισφαλής,"unsafe, dangerous"
https://www.youtube.com/watch?v=ngEiIh2zeAM,Paraineō,παραινέω,advise; recommend; urge
https://www.youtube.com/watch?v=FjMAckhVKsY,Hybris,ὕβρις,disaster; damage; insult
https://www.youtube.com/watch?v=d3RMWuQLX6I,Zēmia,ζημία,"damage, disadvantage"
https://www.youtube.com/watch?v=YRFAvQUVrkE,Kybernētēs,κυβερνήτης,helmsman; steersman; pilot
https://www.youtube.com/watch?v=f4E-f7GLzwE,Nauklēros,ναύκληρος,captain
https://www.youtube.com/watch?v=l30eO7UIDF8,Aneuthetos,ἀνεύθετος,not well placed; unsuitable
https://www.youtube.com/watch?v=V2EOVcFRSU8,Paracheimasia,παραχειμασία,wintering
https://www.youtube.com/watch?v=UAbG13zWFH0,Pōs,πώς,how?; in what way or manner
https://www.youtube.com/watch?v=_1gFTcDUms0,Paracheimazō,παραχειμάζω,spend the winter; winter
https://www.youtube.com/watch?v=ESpimTopR1g,Lips,λίψ,south; SW wind; southwest
https://www.youtube.com/watch?v=M7g1UY8X0J8,Chōros,χῶρος,northwest
https://www.youtube.com/watch?v=eoE3cY_A5-M,Hypopneō,ὑποπνέω,blow gently
https://www.youtube.com/watch?v=WVCnfFOnoCc,Asson,ἆσσον,nearer
https://www.youtube.com/watch?v=iB-O3W178FU,Typhōnikos,τυφωνικός,like a whirlwind; typhoon
https://www.youtube.com/watch?v=Og3oe3hhPj8,Eurakylōn,εὐρακύλων,Euraquilo; northeaster
https://www.youtube.com/watch?v=t33iPf1ufjY,Antophthalmeō,ἀντοφθαλμέω,look directly at
https://www.youtube.com/watch?v=tjKKT_CDhVs,Nēsion,νησίον,small island
https://www.youtube.com/watch?v=GE2nQ-b1c_M,Hypotrechō,ὑποτρέχω,run (or sail) under the lee of
https://www.youtube.com/watch?v=KuUpml7-yvI,Perikratēs,περικρατής,having power
https://www.youtube.com/watch?v=ChoS7_X9bt0,Skaphē,σκάφη,dish; skiff
https://www.youtube.com/watch?v=28bb3NIM-Hk,Boētheia,βοήθεια,help
https://www.youtube.com/watch?v=Mr2rHREK1O8,Hypozōnnymi,ὑποζώννυμι,gird up; undergird; brace
https://www.youtube.com/watch?v=S-s4IQUPWAY,Sphodrōs,σφοδρῶς,"very much, greatly"
https://www.youtube.com/watch?v=fdKOAm5yI6g,Cheimazō,χειμάζω,suffer grievously
https://www.youtube.com/watch?v=DZQRGLrC3Jg,Ekbolē,ἐκβολή,jettisoning
https://www.youtube.com/watch?v=FelYVBy88C0,Autocheir,αὐτόχειρ,with one’s hand
https://www.youtube.com/watch?v=VwAlDvFx0KU,Skeuē,σκευή,equipment
https://www.youtube.com/watch?v=lxnwVMNy6Bo,Periaireō,περιαιρέω,take away
https://www.youtube.com/watch?v=Mf_d1qVLbMY,Asitia,ἀσιτία,lack of appetite
https://www.youtube.com/watch?v=85z6qSdHQN8,Euthymeō,εὐθυμέω,be cheerful
https://www.youtube.com/watch?v=NN-2gpknoEE,Apobolē,ἀποβολή,loss; rejection
https://www.youtube.com/watch?v=bv0uDTyf8rQ,Tessareskaidekatos,τεσσαρεσκαιδέκατος,fourteenth
https://www.youtube.com/watch?v=rzwAK66I7H4,Nautēs,ναύτης,mate or companion by sea
https://www.youtube.com/watch?v=RW22i_YJaq0,Bolizō,βολίζω,heave the lead
https://www.youtube.com/watch?v=u16WPMztT4A,Ankyra,ἄγκυρα,anchor
https://www.youtube.com/watch?v=N7D1zdgYbNA,Prōra,πρῷρα,bow (of a ship)
https://www.youtube.com/watch?v=wm2UeHodn_E,Asitos,ἄσιτος,fasting
https://www.youtube.com/watch?v=2n2nZBv047E,Diateleō,διατελέω,continue doing; continue
https://www.youtube.com/watch?v=cE4EQ4yC0wo,Euthymos,εὔθυμος,cheerful
https://www.youtube.com/watch?v=F-Pm9xBA_ic,Kouphizō,κουφίζω,lighten; assuage
https://www.youtube.com/watch?v=X6HeQEaClCo,Zeuktēria,ζευκτηρία,bands; ropes
https://www.youtube.com/watch?v=mASbAFwA3CI,Pēdalion,πηδάλιον,rudder
https://www.youtube.com/watch?v=O3bplKYBYoo,Artemōn,ἀρτέμων,foresail
https://www.youtube.com/watch?v=yeoFj_StBrA,Dithalassos,διθάλασσος,cross-currents
https://www.youtube.com/watch?v=LQidp2dyu5c,Epikellō,ἐπικέλλω,run aground
https://www.youtube.com/watch?v=OjU9fKG1U_Q,Naus,ναῦς,ship
https://www.youtube.com/watch?v=AFuMWQOXP9Y,Ereidō,ἐρείδω,fix firmly
https://www.youtube.com/watch?v=E6511Y6veUg,Asaleutos,ἀσάλευτος,"unshakable, enduring"
https://www.youtube.com/watch?v=1fQRM4fwCGg,Ekkolymbaō,ἐκκολυμβάω,swim away
https://www.youtube.com/watch?v=yIneAbXPuCg,Diapheugō,διαφεύγω,escape
https://www.youtube.com/watch?v=ZMwDARgdT_w,Boulēma,βούλημα,intention
https://www.youtube.com/watch?v=v8mkpeu1tj4,Kolymbaō,κολυμβάω,swim
https://www.youtube.com/watch?v=nJGxKDbOfIU,Aporiptō,ἀπορίπτω,throw away; cast off
https://www.youtube.com/watch?v=8oJncuRFF0U,Barbaros,βάρβαρος,barbarian
https://www.youtube.com/watch?v=3cqMiU_Pe6k,Philanthrōpia,φιλανθρωπία,(loving) kindness
https://www.youtube.com/watch?v=PcwJjrafh0w,Pyra,πυρά,fire
https://www.youtube.com/watch?v=Sgl6ZEekb0Q,Phryganon,φρύγανον,"bush, shrub"
https://www.youtube.com/watch?v=s9-QdP-BjQo,Thermē,θέρμη,heat
https://www.youtube.com/watch?v=zihBW7JplTI,Kathaptō,καθάπτω,fasten
https://www.youtube.com/watch?v=6rsjSQoTkwI,Pimprēmi,πίμπρημι,burn (with fever); swell up
https://www.youtube.com/watch?v=un4T9YhoV18,Metaballō,μεταβάλλω,change
https://www.youtube.com/watch?v=SB61KNEik4Q,Anadechomai,ἀναδέχομαι,accept; receive
https://www.youtube.com/watch?v=KsEA2sTwUvY,Dysenterion,δυσεντέριον,dysentery
https://www.youtube.com/watch?v=rFZtFNfs8kY,Parasēmos,παράσημος,distinguished; marked
https://www.youtube.com/watch?v=Xs1rGd8gki0,Epiginomai,ἐπιγίνομαι,be born after; come to pass
https://www.youtube.com/watch?v=FwbiseX1Zac,Phoron,φόρον,Forum of Appius
https://www.youtube.com/watch?v=7XvXHiJelOM,Tabernai,ταβέρναι,tavern; inn; shop
https://www.youtube.com/watch?v=g2Xlj2VOswU,Tharsos,θάρσος,courage
https://www.youtube.com/watch?v=8_cpvZptWxI,Xenia,ξενία,entertainment
https://www.youtube.com/watch?v=yEmgUE2nCiE,Asymphōnos,ἀσύμφωνος,in disagreement with
https://www.youtube.com/watch?v=aFadnddsF1Y,Misthōma,μίσθωμα,contract-price; wages
https://www.youtube.com/watch?v=Aolb-lQVDx4,Akōlytōs,ἀκωλύτως,without hindrance
https://www.youtube.com/watch?v=oWAdsQZ3V1E,Proepangellō,προεπαγγέλλω,promise previously
https://www.youtube.com/watch?v=IEAS4T4O-NQ,Hagiōsynē,ἁγιωσύνη,holiness
https://www.youtube.com/watch?v=v_mer8KOWe0,Hypakoē,ὑπακοή,answer
https://www.youtube.com/watch?v=GxEmTHG5YXM,Adialeiptōs,ἀδιαλείπτως,"constantly, unceasingly"
https://www.youtube.com/watch?v=3RB52txN8Gg,Mneia,μνεία,remembrance
https://www.youtube.com/watch?v=8ijxiur8N2c,Euodoō,εὐοδόω,"prosper, succeed"
https://www.youtube.com/watch?v=L3ao6tsAnLU,Epipotheō,ἐπιποθέω,long for
https://www.youtube.com/watch?v=Z15ZiPhyG58,Charisma,χάρισμα,gift
https://www.youtube.com/watch?v=vxx-MNNkTjU,Pneumatikos,πνευματικός,spiritual
https://www.youtube.com/watch?v=NxMuGyST0EM,Symparakaleō,συμπαρακαλέω,encourage together
https://www.youtube.com/watch?v=8l5r8eZ9nVY,Protithēmi,προτίθημι,plan; propose; intend
https://www.youtube.com/watch?v=hoJ4_XCYK2g,Asebeia,ἀσέβεια,impiety
https://www.youtube.com/watch?v=EczKpqPVHqc,Aoratos,ἀόρατος,invisible
https://www.youtube.com/watch?v=GMqmR2kCxQg,Poiēma,ποίημα,work
https://www.youtube.com/watch?v=3Ykb0NDlytk,Kathoraō,καθοράω,discern clearly
https://www.youtube.com/watch?v=MjZ8f_6H1nM,Theiotēs,θειότης,deity
https://www.youtube.com/watch?v=VdltzW8i-jw,Anapologētos,ἀναπολόγητος,inexcusable
https://www.youtube.com/watch?v=WaRveXMVFVw,Mataioō,ματαιόω,behave foolishly
https://www.youtube.com/watch?v=di33_rX8sF0,Homoiōma,ὁμοίωμα,likeness; form; appearance
https://www.youtube.com/watch?v=vnxmTd645jE,Phthartos,φθαρτός,corruptible; perishable
https://www.youtube.com/watch?v=YVmo3negFhA,Metallassō,μεταλλάσσω,change; alter; die
https://www.youtube.com/watch?v=P5wSYpWOesE,Sebazomai,σεβάζομαι,be afraid of
https://www.youtube.com/watch?v=RJU0Cdfx0H0,Pathos,πάθος,emotion
https://www.youtube.com/watch?v=D8nJ0ndlb-Q,Atimia,ἀτιμία,dishonor
https://www.youtube.com/watch?v=eV9pc1p8RSM,Physikos,φυσικός,natural
https://www.youtube.com/watch?v=kWNoZPqy5E0,Chrēsis,χρῆσις,relations; function
https://www.youtube.com/watch?v=YoZyuk1FK14,Physis,φύσις,nature
https://www.youtube.com/watch?v=qkNtVqgHkWU,Ekkaiō,ἐκκαίω,be inflamed
https://www.youtube.com/watch?v=6ZLVgp8XvrY,Orexis,ὄρεξις,appetite; desire; longing
https://www.youtube.com/watch?v=rguBSjCndlo,Aschēmosynē,ἀσχημοσύνη,shameless deed
https://www.youtube.com/watch?v=3NuDvkM4ZM8,Katergazomai,κατεργάζομαι,accomplish; prepare
https://www.youtube.com/watch?v=xR12jAcQaLg,Antimisthia,ἀντιμισθία,recompense; penalty; exchange
https://www.youtube.com/watch?v=RNme3W1OUng,Epignōsis,ἐπίγνωσις,knowledge
https://www.youtube.com/watch?v=8efYxUXchyE,Adokimos,ἀδόκιμος,"unqualified, worthless"
https://www.youtube.com/watch?v=MQEnHOsHH28,Kakoētheia,κακοήθεια,malevolence
https://www.youtube.com/watch?v=OfMVBG3bhCM,Psithyristēs,ψιθυριστής,gossiper
https://www.youtube.com/watch?v=cpDp0BWnN1I,Katalalos,κατάλαλος,slanderous
https://www.youtube.com/watch?v=RoFlSluWLaw,Theostygēs,θεοστυγής,hating God
https://www.youtube.com/watch?v=LycHszrYTdw,Hybristēs,ὑβριστής,haughty; insolent man
https://www.youtube.com/watch?v=PgiJA3f_bh0,Alazōn,ἀλαζών,boaster; braggart
https://www.youtube.com/watch?v=YZJNVvq5JXc,Epheuretēs,ἐφευρετής,inventor; contriver
https://www.youtube.com/watch?v=lmK0EdNgQMo,Asynthetos,ἀσύνθετος,faithless
https://www.youtube.com/watch?v=DWWMbghOAdA,Astorgos,ἄστοργος,hardhearted; unfeeling
https://www.youtube.com/watch?v=GVee_VLcxcs,Aneleēmōn,ἀνελεήμων,merciless
https://www.youtube.com/watch?v=47EWchRs6NU,Chrēstotēs,χρηστότης,goodness; kindness
https://www.youtube.com/watch?v=TrdgoOEWcTE,Anochē,ἀνοχή,forbearance
https://www.youtube.com/watch?v=ULvfOdyfDqc,Makrothymia,μακροθυμία,longsuffering; forbearance
https://www.youtube.com/watch?v=ZsydWNfvbRM,Sklērotēs,σκληρότης,"hardness, stubbornness"
https://www.youtube.com/watch?v=RviK_VDW1EE,Ametanoētos,ἀμετανόητος,impenitent; unrepentant
https://www.youtube.com/watch?v=O4Pvi9rZR4Q,Dikaiokrisia,δικαιοκρισία,just/fair verdict
https://www.youtube.com/watch?v=4QawUI64G1o,Aphtharsia,ἀφθαρσία,immortality; incorruptibility
https://www.youtube.com/watch?v=50ZsKELZClM,Eritheia,ἐριθεία,selfish ambition
https://www.youtube.com/watch?v=ZHOdBpFKwlU,Stenochōria,στενοχωρία,"distress, difficulty"
https://www.youtube.com/watch?v=d2W4qc3DKpk,Prosōpolēmpsia,προσωπολημψία,partiality
https://www.youtube.com/watch?v=ZIB_biETNjQ,Anomōs,ἀνόμως,lawless; without law
https://www.youtube.com/watch?v=d-P2aa9xFXc,Akroatēs,ἀκροατής,hearer
https://www.youtube.com/watch?v=4kDKk32FLbY,Graptos,γραπτός,writing
https://www.youtube.com/watch?v=i3eoHaAXg-0,Symmartyreō,συμμαρτυρέω,bear witness with; confirm
https://www.youtube.com/watch?v=Nf39gVSaO6g,Eponomazō,ἐπονομάζω,"call, name"
https://www.youtube.com/watch?v=Dw-olnZ305s,Kauchaomai,καυχάομαι,boast
https://www.youtube.com/watch?v=Y7YwQszsJp0,Morphōsis,μόρφωσις,"embodiment, form"
https://www.youtube.com/watch?v=0wLf5L-3PJ8,Bdelyssomai,βδελύσσομαι,abhor
https://www.youtube.com/watch?v=clrjkQJp9ms,Parabasis,παράβασις,"overstepping, transgression"
https://www.youtube.com/watch?v=LL250qqxP-4,Parabatēs,παραβάτης,violator; transgressor
https://www.youtube.com/watch?v=XXm1CQfL-_0,Epainos,ἔπαινος,approval; praise
https://www.youtube.com/watch?v=HqfbCfEB-wI,Ōpheleia,ὠφέλεια,help; profit; aid; advantage
https://www.youtube.com/watch?v=Ibgd1sOF9QQ,Epipherō,ἐπιφέρω,bring
https://www.youtube.com/watch?v=bGjtNJ8XQ4I,Pseusma,ψεῦσμα,lie
https://www.youtube.com/watch?v=18YLM8B-svM,Endikos,ἔνδικος,just
https://www.youtube.com/watch?v=4_3kOdMqx2Y,Proechō,προέχω,be first; hold before
https://www.youtube.com/watch?v=PGhfIRKMMkc,Proaitiaomai,προαιτιάομαι,accuse beforehand
https://www.youtube.com/watch?v=sYZOArZWZrw,Ekklinō,ἐκκλίνω,cease
https://www.youtube.com/watch?v=M84ixUTPsyU,Larynx,λάρυγξ,throat
https://www.youtube.com/watch?v=G7KLCFqsgrc,Dolioō,δολιόω,deal treacherously with one
https://www.youtube.com/watch?v=7bgI-kl0BFU,Aspis,ἀσπίς,asp
https://www.youtube.com/watch?v=ZzzVs_4tZE8,Oxys,ὀξύς,sharp
https://www.youtube.com/watch?v=7qWKFGLgehg,Syntrimma,σύντριμμα,destruction; ruin
https://www.youtube.com/watch?v=GWH9RwV7e9o,Talaipōria,ταλαιπωρία,"distress, misery"
https://www.youtube.com/watch?v=5IkYVuEsssU,Phrassō,φράσσω,fence in
https://www.youtube.com/watch?v=-xLF3Ps9Gn4,Hypodikos,ὑπόδικος,"answerable, accountable"
https://www.youtube.com/watch?v=xUH9T-K7BkI,Hilastērion,ἱλαστήριον,means of expiation
https://www.youtube.com/watch?v=qnf2zmmT7Go,Endeixis,ἔνδειξις,demonstration; proof; sign
https://www.youtube.com/watch?v=Cp3bA3UudEU,Paresis,πάρεσις,passing over
https://www.youtube.com/watch?v=nmKBBYUMSvU,Proginomai,προγίνομαι,be born/done before
https://www.youtube.com/watch?v=BX4DSizaWME,Propatōr,προπάτωρ,ancestor
https://www.youtube.com/watch?v=NVOloMs09vI,Kauchēma,καύχημα,boast
https://www.youtube.com/watch?v=A2MKOpbnOhg,Asebēs,ἀσεβής,"irreverent, ungodly"
https://www.youtube.com/watch?v=ib4BQxyk0Hs,Kathaper,καθάπερ,just as
https://www.youtube.com/watch?v=dlEU6izyzZM,Makarismos,μακαρισμός,blessing
https://www.youtube.com/watch?v=hfJC_2ZJL_U,Epikalyptō,ἐπικαλύπτω,cover over; cover up
https://www.youtube.com/watch?v=Q7sSha8GtjA,Sphragis,σφραγίς,seal
https://www.youtube.com/watch?v=pKmL1A-H0oI,Kenoō,κενόω,empty out; be left empty
https://www.youtube.com/watch?v=S9U7lmM3Ga8,Bebaios,βέβαιος,firm; steady; steadfast; sure
https://www.youtube.com/watch?v=hTJx3VtlYxY,Nekroō,νεκρόω,put to death
https://www.youtube.com/watch?v=pKSU2HLEel0,Hekatontaetēs,ἑκατονταετής,hundred years old
https://www.youtube.com/watch?v=Q8Xbb3gYoiw,Nekrōsis,νέκρωσις,deadness; death
https://www.youtube.com/watch?v=ZxJJqHPhrIk,Dikaiōsis,δικαίωσις,justification
https://www.youtube.com/watch?v=PYsL8Wx-nBg,Prosagōgē,προσαγωγή,access
https://www.youtube.com/watch?v=lG4j4kP59Gs,Dokimē,δοκιμή,proven character
https://www.youtube.com/watch?v=soEfIyZ35V8,Tacha,τάχα,"perhaps, probably"
https://www.youtube.com/watch?v=YyDnLnDUIAs,Katallassō,καταλλάσσω,change; exchange
https://www.youtube.com/watch?v=_u7m_OEm4FM,Katallagē,καταλλαγή,exchange; reconciliation
https://www.youtube.com/watch?v=VOAyMKgH0Ds,Ellogeō,ἐλλογέω,charge to one’s account
https://www.youtube.com/watch?v=jNlcoRDkrnM,Dōrēma,δώρημα,"gift, present"
https://www.youtube.com/watch?v=PX9L3sCUdmQ,Katakrima,κατάκριμα,condemnation; penalty
https://www.youtube.com/watch?v=9ERmKvkQ5kI,Perisseia,περισσεία,advantage; gain
https://www.youtube.com/watch?v=tXb5hgl4TZs,Parakoē,παρακοή,disobedience
https://www.youtube.com/watch?v=oZK5-bH8qsA,Pareiserchomai,παρεισέρχομαι,slip in
https://www.youtube.com/watch?v=1k4LzR7UyiQ,Pleonazō,πλεονάζω,be more than enough; be more
https://www.youtube.com/watch?v=BJE0VQOe_gg,Hyperperisseuō,ὑπερπερισσεύω,be in great excess
https://www.youtube.com/watch?v=RwvYGJ3twEQ,Synthaptō,συνθάπτω,bury (together) with
https://www.youtube.com/watch?v=X105HqC3gUE,Kainotēs,καινότης,newness
https://www.youtube.com/watch?v=O_63pHz3s6w,Symphytos,σύμφυτος,identified with
https://www.youtube.com/watch?v=1Ukmxo2xNNQ,Syzaō,συζάω,live with
https://www.youtube.com/watch?v=fDywxYrf7Fk,Ephapax,ἐφάπαξ,at once
https://www.youtube.com/watch?v=r0xCR249ONs,Thnētos,θνητός,liable to death
https://www.youtube.com/watch?v=bBdz2PICEoM,Ētoi,ἤτοι,either ... or
https://www.youtube.com/watch?v=DHLaQ0_7S_Y,Hypandros,ὕπανδρος,married
https://www.youtube.com/watch?v=r9fsC78TWac,Pathēma,πάθημα,suffering
https://www.youtube.com/watch?v=HCRc8hMyDjY,Palaiotēs,παλαιότης,"age, obsolescence"
https://www.youtube.com/watch?v=3RTtk2jgJjs,Aphormē,ἀφορμή,"occasion, opportunity"
https://www.youtube.com/watch?v=nPLUvXKVWDk,Exapataō,ἐξαπατάω,deceive
https://www.youtube.com/watch?v=hFVec2Bn1VU,Hyperbolē,ὑπερβολή,beyond measure
https://www.youtube.com/watch?v=cJMjP1KKkKc,Sarkinos,σάρκινος,fleshly; merely human
https://www.youtube.com/watch?v=TNORYdvPGXQ,Symphēmi,σύμφημι,concur; agree with
https://www.youtube.com/watch?v=TNa5oLvypzM,Oikeō,οἰκέω,inhabit
https://www.youtube.com/watch?v=C4PO1vsj8ko,Parakeimai,παράκειμαι,"be at hand, ready"
https://www.youtube.com/watch?v=J1SvjdwvYIo,Synēdomai,συνήδομαι,delight in
https://www.youtube.com/watch?v=iUFPmAxYOPw,Antistrateuomai,ἀντιστρατεύομαι,be at war with
https://www.youtube.com/watch?v=PlWi8Uj_igg,Talaipōros,ταλαίπωρος,"miserable, wretched"
https://www.youtube.com/watch?v=D2P_njV2e_U,Phronēma,φρόνημα,mind; spirit
https://www.youtube.com/watch?v=iUZFbNIZCDk,Enoikeō,ἐνοικέω,inhabit; occupy
https://www.youtube.com/watch?v=yAxVj4zn3As,Douleia,δουλεία,slavery; servility
https://www.youtube.com/watch?v=WYc5aZkj94E,Huiothesia,υἱοθεσία,adoption
https://www.youtube.com/watch?v=8LCKG8ATUAk,Synklēronomos,συγκληρονόμος,co-heir
https://www.youtube.com/watch?v=JWx_ezS2RzU,Sympaschō,συμπάσχω,suffer with
https://www.youtube.com/watch?v=3PdkJa6mY-Q,Syndoxazō,συνδοξάζω,glorify together
https://www.youtube.com/watch?v=Z_bOYOur8PA,Apokaradokia,ἀποκαραδοκία,eager expectation
https://www.youtube.com/watch?v=gtABCDnv9qQ,Apekdechomai,ἀπεκδέχομαι,await eagerly
https://www.youtube.com/watch?v=5uX_SfCn7ms,Mataiotēs,ματαιότης,"emptiness, futility"
https://www.youtube.com/watch?v=W2E1ZDdptkA,Hekōn,ἑκών,voluntarily; willingly
https://www.youtube.com/watch?v=O1GYgZ-UFHY,Phthora,φθορά,corruption; abortion
https://www.youtube.com/watch?v=i3iqjMp3u7I,Eleutheria,ἐλευθερία,freedom
https://www.youtube.com/watch?v=IuRtt7RDY_k,Systenazō,συστενάζω,groan together
https://www.youtube.com/watch?v=ygusp7GVrZs,Synōdinō,συνωδίνω,suffer agony together
https://www.youtube.com/watch?v=opYuq4VIHE0,Aparchē,ἀπαρχή,first fruits
https://www.youtube.com/watch?v=BHcRCOB8Ukk,Katho,καθό,as; in so far as
https://www.youtube.com/watch?v=grZugYH99mA,Hyperentynchanō,ὑπερεντυγχάνω,plead; intercede
https://www.youtube.com/watch?v=_swtbBKFO1Y,Alalētos,ἀλάλητος,unexpressed; wordless
https://www.youtube.com/watch?v=-Rg_A5pUs8k,Symmorphos,σύμμορφος,conformed to
https://www.youtube.com/watch?v=P1b8jqpQHZ8,Gymnotēs,γυμνότης,nakedness
https://www.youtube.com/watch?v=BiHFs6dVuYc,Kindynos,κίνδυνος,danger
https://www.youtube.com/watch?v=hplTLLmBOE8,Hypernikaō,ὑπερνικάω,prevail completely
https://www.youtube.com/watch?v=M598BjPa-tc,Enistēmi,ἐνίστημι,arrive; begin; present; be
https://www.youtube.com/watch?v=LcY5ip5zNFU,Hypsōma,ὕψωμα,exaltation; elevation; height
https://www.youtube.com/watch?v=RIp4z51JWVw,Adialeiptos,ἀδιάλειπτος,"unceasing, constant"
https://www.youtube.com/watch?v=DVAk9fjhi90,Odynē,ὀδύνη,pain of body
https://www.youtube.com/watch?v=r3lHRxIByjg,Nomothesia,νομοθεσία,lawgiving; legislation
https://www.youtube.com/watch?v=zrydc1gmZK4,Oiktirō,οἰκτίρω,have compassion
https://www.youtube.com/watch?v=Ig7bpWQoQMU,Eleaō,ἐλεάω,have mercy on
https://www.youtube.com/watch?v=2wRyXOUjZBw,Exegeirō,ἐξεγείρω,awaken; raise
https://www.youtube.com/watch?v=KFpcSI-cwwk,Memphomai,μέμφομαι,blame; censure
https://www.youtube.com/watch?v=07nukXDpTYY,Menounge,μενοῦνγε,rather; on the contrary
https://www.youtube.com/watch?v=sZwCEn7QwHM,Plasma,πλάσμα,"image, figure"
https://www.youtube.com/watch?v=q4L2YHu6TPk,Plassō,πλάσσω,form; mold
https://www.youtube.com/watch?v=_XpBaiNLMBU,Phyrama,φύραμα,batch of dough; lump
https://www.youtube.com/watch?v=ReIDwaZd3RA,Proetoimazō,προετοιμάζω,prepare beforehand
https://www.youtube.com/watch?v=8LrHRX-kCdU,Hypoleimma,ὑπόλειμμα,remainder; remnant
https://www.youtube.com/watch?v=dbSC40PaBlQ,Syntemnō,συντέμνω,cut in pieces; cut short
https://www.youtube.com/watch?v=qqTs3YG5GsA,Proskomma,πρόσκομμα,cause for offense
https://www.youtube.com/watch?v=zzDpOI2DrlY,Phthongos,φθόγγος,any clear
https://www.youtube.com/watch?v=g1b8mLQ51c0,Parazēloō,παραζηλόω,make jealous
https://www.youtube.com/watch?v=D83s2xmaBDQ,Parorgizō,παροργίζω,make angry
https://www.youtube.com/watch?v=ggNAFiul-ng,Apotolmaō,ἀποτολμάω,be bold
https://www.youtube.com/watch?v=I4TYmZVw3XY,Ekpetannymi,ἐκπετάννυμι,spread out
https://www.youtube.com/watch?v=IPIP1QXo7h4,Hypoleipō,ὑπολείπω,leave remaining
https://www.youtube.com/watch?v=EDBKcSL8Y_0,Chrēmatismos,χρηματισμός,divine response
https://www.youtube.com/watch?v=N-GP0xYX7r0,Heptakischilioi,ἑπτακισχίλιοι,seven thousand
https://www.youtube.com/watch?v=UqmUdC0Szkk,Kamptō,κάμπτω,bend
https://www.youtube.com/watch?v=tEoVNj319lw,Leimma,λεῖμμα,remnant
https://www.youtube.com/watch?v=btG1oxKEbM4,Epitynchanō,ἐπιτυγχάνω,be successful; obtain; attain
https://www.youtube.com/watch?v=4NcgVrD9q74,Katanyxis,κατάνυξις,stupefaction
https://www.youtube.com/watch?v=hwoDR2FjFN8,Thēra,θήρα,hunting; prey; game
https://www.youtube.com/watch?v=u7xVZQQcPjc,Nōtos,νῶτος,back
https://www.youtube.com/watch?v=g0eICKSvIEY,Synkamptō,συγκάμπτω,(cause to) bend
https://www.youtube.com/watch?v=oqw7FyiG1XM,Ptaiō,πταίω,be defeated; make to stumble
https://www.youtube.com/watch?v=FFz8J7EQMz0,Hēttēma,ἥττημα,discomfiture
https://www.youtube.com/watch?v=8cJHU5nFi84,Proslēmpsis,πρόσλημψις,acceptance
https://www.youtube.com/watch?v=KRYKqDuZh7E,Ekklaō,ἐκκλάω,break off
https://www.youtube.com/watch?v=nhXRFBYhIbE,Agrielaios,ἀγριέλαιος,wild olive tree
https://www.youtube.com/watch?v=ckYuDK383G0,Enkentrizō,ἐγκεντρίζω,graft in
https://www.youtube.com/watch?v=-9UyEvDcIv0,Synkoinōnos,συγκοινωνός,"participant, partner"
https://www.youtube.com/watch?v=IbsijrFlbb4,Piotēs,πιότης,fatness
https://www.youtube.com/watch?v=W4Gf5nOy44E,Katakauchaomai,κατακαυχάομαι,boast
https://www.youtube.com/watch?v=z9XbuqcuX5M,Apotomia,ἀποτομία,severity
https://www.youtube.com/watch?v=RNm8spvwj1U,Kallielaios,καλλιέλαιος,cultivated olive tree
https://www.youtube.com/watch?v=FxIOLGvipYc,Ametamelētos,ἀμεταμέλητος,irrevocable
https://www.youtube.com/watch?v=AiWfameNN5M,Klēsis,κλῆσις,"call, calling"
https://www.youtube.com/watch?v=doX8wCV0Ras,Apeitheia,ἀπείθεια,disobedience
https://www.youtube.com/watch?v=c7Ub9ah6bsI,Anexeraunētos,ἀνεξεραύνητος,unfathomable; unsearchable
https://www.youtube.com/watch?v=BDIg3I7oAKw,Anexichniastos,ἀνεξιχνίαστος,inscrutable
https://www.youtube.com/watch?v=IFj9yZDrP0E,Symboulos,σύμβουλος,"adviser, counsellor"
https://www.youtube.com/watch?v=PWNYzr9zVpE,Prodidōmi,προδίδωμι,betray; give beforehand
https://www.youtube.com/watch?v=luvxlVHON7Q,Oiktirmos,οἰκτιρμός,compassion; pity
https://www.youtube.com/watch?v=bDIrTEIC0rk,Euarestos,εὐάρεστος,"pleasing, acceptable"
https://www.youtube.com/watch?v=3axpF9dr4X0,Logikos,λογικός,reasonable; rational
https://www.youtube.com/watch?v=6zL9RLvvkqc,Syschēmatizō,συσχηματίζω,conform to
https://www.youtube.com/watch?v=-jh5zkx1LR4,Anakainōsis,ἀνακαίνωσις,renewal
https://www.youtube.com/watch?v=wcuYY-4jdzE,Hyperphroneō,ὑπερφρονέω,be haughty/proud
https://www.youtube.com/watch?v=eRdrh5rJKGU,Diaphoros,διάφορος,different; excellent
https://www.youtube.com/watch?v=XpIqRW5lNoc,Eite,εἴτε,be
https://www.youtube.com/watch?v=i22Hsh8w31Q,Analogia,ἀναλογία,proportion
https://www.youtube.com/watch?v=a2QTkd1Pubk,Haplotēs,ἁπλότης,simplicity
https://www.youtube.com/watch?v=aYPc_OmfUuA,Proistēmi,προΐστημι,lead; advocate; set before
https://www.youtube.com/watch?v=O9l-daq-Ke4,Hilarotēs,ἱλαρότης,cheerfulness
https://www.youtube.com/watch?v=qByquGCQQZs,Anypokritos,ἀνυπόκριτος,"genuine, sincere"
https://www.youtube.com/watch?v=cHWpDTSKeHs,Apostygeō,ἀποστυγέω,abhor
https://www.youtube.com/watch?v=n6nQ1igpQGc,Philadelphia,φιλαδελφία,brotherly love
https://www.youtube.com/watch?v=KybAPKWNJMg,Philostorgos,φιλόστοργος,affectionate
https://www.youtube.com/watch?v=TXT1z6MHcfg,Proēgeomai,προηγέομαι,be a leader; precede
https://www.youtube.com/watch?v=VicenQ-IBig,Koinōneō,κοινωνέω,"share, have a share"
https://www.youtube.com/watch?v=cAFayxhj4vc,Philoxenia,φιλοξενία,hospitality
https://www.youtube.com/watch?v=K_L_CnWqBDY,Synapagō,συναπάγω,lead away with; accommodate
https://www.youtube.com/watch?v=t0QQ2PR1giI,Pronoeō,προνοέω,perceive before
https://www.youtube.com/watch?v=NDarfAHdKCw,Psōmizō,ψωμίζω,feed
https://www.youtube.com/watch?v=ZVofy_2yDZA,Anthrax,ἄνθραξ,charcoal
https://www.youtube.com/watch?v=fRg26GP_5IU,Sōreuō,σωρεύω,heap one thing on another
https://www.youtube.com/watch?v=oZMdFgghnH4,Hyperechō,ὑπερέχω,be better than; surpass
https://www.youtube.com/watch?v=nlVtNWWYUhY,Eikē,εἰκῇ,in vain; rashly
https://www.youtube.com/watch?v=yT-zjCFQh2A,Ekdikos,ἔκδικος,avenging; one who vindicates
https://www.youtube.com/watch?v=oHOUvUYeL9c,Leitourgos,λειτουργός,public servant; servant
https://www.youtube.com/watch?v=T0ZuvDCHh3c,Anakephalaioō,ἀνακεφαλαιόω,"sum up, recapitulate"
https://www.youtube.com/watch?v=Ibow9RKDciE,Euschēmonōs,εὐσχημόνως,decently; becomingly
https://www.youtube.com/watch?v=OBhm3tGd_sI,Kōmos,κῶμος,carousing; revelry
https://www.youtube.com/watch?v=OT1XkJF0j_Y,Diakrisis,διάκρισις,differentiation
https://www.youtube.com/watch?v=kbVDtOdD0o8,Dynateō,δυνατέω,be able; be powerful
https://www.youtube.com/watch?v=d043mKkd8LI,Dokimos,δόκιμος,approved; tested
https://www.youtube.com/watch?v=0QrCAN4CY4w,Kreas,κρέας,flesh
https://www.youtube.com/watch?v=5pt1hGrery0,Asthenēma,ἀσθένημα,weakness
https://www.youtube.com/watch?v=xS7ipCt58Dg,Oneidismos,ὀνειδισμός,"reproach, reviling"
https://www.youtube.com/watch?v=pPjg5TDRvJ4,Prographō,προγράφω,enroll; write before or first
https://www.youtube.com/watch?v=X-iL1IstLRw,Psallō,ψάλλω,sing praise
https://www.youtube.com/watch?v=W3N8G3DCkP8,Agathōsynē,ἀγαθωσύνη,goodness
https://www.youtube.com/watch?v=RqFMN4XZV4k,Tolmēros,τολμηρός,"bold, daring"
https://www.youtube.com/watch?v=c0vbrdD3J_k,Epanamimnēskō,ἐπαναμιμνῄσκω,remind again
https://www.youtube.com/watch?v=4sv6uF0s_Sw,Hierourgeō,ἱερουργέω,act as a priest
https://www.youtube.com/watch?v=JzMmZ2K9_Co,Euprosdektos,εὐπρόσδεκτος,acceptable
https://www.youtube.com/watch?v=1eCta1IiRDU,Philotimeomai,φιλοτιμέομαι,aspire
https://www.youtube.com/watch?v=nEXj6Q0-GBc,Themelios,θεμέλιος,foundation
https://www.youtube.com/watch?v=zYYlODJZ-bM,Klima,κλίμα,district
https://www.youtube.com/watch?v=Gf_vJQquOfE,Epipothia,ἐπιποθία,longing; desire
https://www.youtube.com/watch?v=LOzQXmPjuDk,Sarkikos,σαρκικός,fleshly; material; physical
https://www.youtube.com/watch?v=wqrY_6_Yltg,Epiteleō,ἐπιτελέω,accomplish; complete; finish
https://www.youtube.com/watch?v=u2N13uJXFqI,Synagōnizomai,συναγωνίζομαι,contend along with
https://www.youtube.com/watch?v=_BUkfVuutyQ,Synanapauomai,συναναπαύομαι,rest with
https://www.youtube.com/watch?v=ZY81cudNg10,Axiōs,ἀξίως,worthily
https://www.youtube.com/watch?v=-zWOZ5nuvn4,Prostatis,προστάτις,patroness; protectress
https://www.youtube.com/watch?v=S_Ek5XSRkkE,Synergos,συνεργός,fellow worker
https://www.youtube.com/watch?v=dIyP7AIr0z4,Hypotithēmi,ὑποτίθημι,lay down; teach
https://www.youtube.com/watch?v=PhamMN3AS34,Synaichmalōtos,συναιχμάλωτος,fellow prisoner
https://www.youtube.com/watch?v=5orrpZWZKM0,Dichostasia,διχοστασία,dissension
https://www.youtube.com/watch?v=M2pSFo4Vm9Q,Chrēstologia,χρηστολογία,smooth speech
https://www.youtube.com/watch?v=5V4HrJ9kdDc,Akakos,ἄκακος,"innocent, guileless"
https://www.youtube.com/watch?v=0_QV4ypenp4,Aphikneomai,ἀφικνέομαι,arrive at; reach
https://www.youtube.com/watch?v=Fji3UJtWwi0,Ploutizō,πλουτίζω,make rich
https://www.youtube.com/watch?v=RwmBw6BOZn4,Anenklētos,ἀνέγκλητος,blameless
https://www.youtube.com/watch?v=pMxkm4YkfUs,Dēloō,δηλόω,make visible or manifest
https://www.youtube.com/watch?v=Alx4PZm0BGw,Mōria,μωρία,foolishness
https://www.youtube.com/watch?v=hziLrfr6CSU,Syzētētēs,συζητητής,debater
https://www.youtube.com/watch?v=VpVceAAkKag,Agenēs,ἀγενής,insignificant
https://www.youtube.com/watch?v=V257dIF9tLc,Hyperochē,ὑπεροχή,height; dignity
https://www.youtube.com/watch?v=BNYItE_RSa8,Apodeixis,ἀπόδειξις,proof
https://www.youtube.com/watch?v=nsDUakUEkgI,Synkrinō,συγκρίνω,combine; explain
https://www.youtube.com/watch?v=c7xMu87h_7A,Psychikos,ψυχικός,mental
https://www.youtube.com/watch?v=PYvKnBPeuts,Pneumatikōs,πνευματικῶς,spiritually; symbolically
https://www.youtube.com/watch?v=-gh6YvHbC9E,Gala,γάλα,milk
https://www.youtube.com/watch?v=qRc30KtSuDI,Geōrgion,γεώργιον,field
https://www.youtube.com/watch?v=No-7A2UcFrM,Architektōn,ἀρχιτέκτων,chief-artificer
https://www.youtube.com/watch?v=xnyD4K08j8Q,Epoikodomeō,ἐποικοδομέω,build on to; edify
https://www.youtube.com/watch?v=eLxQGbpCRfY,Kalamē,καλάμη,stalk or straw of corn
https://www.youtube.com/watch?v=Jbiy6itNf8w,Phtheirō,φθείρω,corrupt; destroy; ruin
https://www.youtube.com/watch?v=aKDwS4FLL98,Drassomai,δράσσομαι,"catch, seize"
https://www.youtube.com/watch?v=NzZWLzr8fIE,Metaschēmatizō,μετασχηματίζω,change; disguise oneself
https://www.youtube.com/watch?v=mE38HaVNr48,Physioō,φυσιόω,puff up
https://www.youtube.com/watch?v=WmA96ymQCRQ,Ophelon,ὄφελον,owe
https://www.youtube.com/watch?v=S1FoxfH0ZVU,Symbasileuō,συμβασιλεύω,reign (as king) with
https://www.youtube.com/watch?v=0ry8_GNPJA4,Epithanatios,ἐπιθανάτιος,condemned to death
https://www.youtube.com/watch?v=PVQ3h0D4jW8,Gymniteuō,γυμνιτεύω,be poorly clothed
https://www.youtube.com/watch?v=wRWKQS8oZdc,Astateō,ἀστατέω,be homeless
https://www.youtube.com/watch?v=U8XSSDoWG2A,Dysphēmeō,δυσφημέω,slander; defame
https://www.youtube.com/watch?v=XB39gqM2UCc,Perikatharma,περικάθαρμα,off-scouring
https://www.youtube.com/watch?v=6y0jImLLR9o,Peripsēma,περίψημα,offscouring
https://www.youtube.com/watch?v=2d-MY_ODExk,Myrios,μυρίος,countless; ten thousand
https://www.youtube.com/watch?v=dUfARCrvACY,Paidagōgos,παιδαγωγός,"guardian, leader"
https://www.youtube.com/watch?v=7iJevs2yNGw,Mimētēs,μιμητής,imitator
https://www.youtube.com/watch?v=LZQ8H3CcTSE,Prautēs,πραΰτης,gentleness; humility
https://www.youtube.com/watch?v=vR4GPop0dLI,Olethros,ὄλεθρος,destruction
https://www.youtube.com/watch?v=X5vFEP6DGxA,Ekkathairō,ἐκκαθαίρω,clean out; cleanse
https://www.youtube.com/watch?v=qFL2LcMOp5c,Heortazō,ἑορτάζω,celebrate a feast
https://www.youtube.com/watch?v=tFZXVg0soSk,Eilikrineia,εἰλικρίνεια,sincerity; purity of motive
https://www.youtube.com/watch?v=fVgDNYe9of0,Synanamignymi,συναναμίγνυμι,associate with
https://www.youtube.com/watch?v=U_lBTp78CAw,Pornos,πόρνος,catamite; fornicator
https://www.youtube.com/watch?v=q3DUVlGsHwI,Pleonektēs,πλεονέκτης,greedy person
https://www.youtube.com/watch?v=AtG7-1PeoDE,Eidōlolatrēs,εἰδωλολάτρης,idolater
https://www.youtube.com/watch?v=iS7k6IfUnao,Loidoros,λοίδορος,abusive person; reviler
https://www.youtube.com/watch?v=UDuZJvBQRac,Methysos,μέθυσος,drunkard
https://www.youtube.com/watch?v=wZoYstY6dqk,Exairō,ἐξαίρω,lift up; lift off the earth
https://www.youtube.com/watch?v=XQGNEMl2jwQ,Anaxios,ἀνάξιος,unworthy
https://www.youtube.com/watch?v=GIEPR08A1Ko,Kritērion,κριτήριον,court of judgment
https://www.youtube.com/watch?v=zbmeKVVgf_o,Mētige,μήτιγε,not indeed
https://www.youtube.com/watch?v=z1L39hYwP84,Entropē,ἐντροπή,humiliation; shame
https://www.youtube.com/watch?v=pgnEizomPCU,Eni,ἔνι,there is
https://www.youtube.com/watch?v=z8qeXgw7IqE,Arsenokoitēs,ἀρσενοκοίτης,sodomite
https://www.youtube.com/watch?v=hItMJR8rEd4,Porneuō,πορνεύω,commit sexual immorality
https://www.youtube.com/watch?v=WACZYy4_uwo,Symphōnos,σύμφωνος,agreement
https://www.youtube.com/watch?v=cq0QawE3ojQ,Syngnōmē,συγγνώμη,concession
https://www.youtube.com/watch?v=bLck9O4HZ4E,Epitagē,ἐπιταγή,command; authority
https://www.youtube.com/watch?v=kGw6bmT1RlY,Enkrateuomai,ἐγκρατεύομαι,control oneself
https://www.youtube.com/watch?v=3WDzfABuxn4,Kreittōn,κρείττων,better
https://www.youtube.com/watch?v=3ApHMpR-8u8,Pyroō,πυρόω,burn with fire; purge; burn
https://www.youtube.com/watch?v=KWmhNdVaT7w,Epispaomai,ἐπισπάομαι,undo one’s circumcision
https://www.youtube.com/watch?v=WXH4d9WfLUE,Apeleutheros,ἀπελεύθερος,freedperson
https://www.youtube.com/watch?v=0fSHrpPp0bE,Lysis,λύσις,interpretation; loosing
https://www.youtube.com/watch?v=2D-EhdzpHdo,Katachraomai,καταχράομαι,make full use of
https://www.youtube.com/watch?v=DkUkU5Thnvo,Schēma,σχῆμα,"form, shape"
https://www.youtube.com/watch?v=miQNpvhIiUU,Symphoros,σύμφορος,"beneficial, profitable"
https://www.youtube.com/watch?v=gNBt54St2vw,Brochos,βρόχος,noose
https://www.youtube.com/watch?v=zXJtjBEQQ9g,Euparedros,εὐπάρεδρος,constantly in service
https://www.youtube.com/watch?v=puIb36A6Ur0,Aperispastōs,ἀπερισπάστως,without distraction
https://www.youtube.com/watch?v=Yh5Zg0sPBh0,Aschēmoneō,ἀσχημονέω,behave disgracefully
https://www.youtube.com/watch?v=sLSfIa1n6Yo,Hyperakmos,ὑπέρακμος,past one’s prime
https://www.youtube.com/watch?v=ze6Kw7OE8Qg,Hedraios,ἑδραῖος,"firm, steadfast"
https://www.youtube.com/watch?v=w-7w0R8eyMM,Kreissōn,κρείσσων,better
https://www.youtube.com/watch?v=sttwq8sLZdE,Molynō,μολύνω,defile
https://www.youtube.com/watch?v=aP4kP7Sk2uw,Eidōleion,εἰδωλεῖον,idol’s temple
https://www.youtube.com/watch?v=kP2PqqbfC4Q,Dioper,διόπερ,therefore
https://www.youtube.com/watch?v=CiF_K2DnyA8,Kēmoō,κημόω,muzzle
https://www.youtube.com/watch?v=_gzzlMADSNQ,Aloaō,ἀλοάω,thresh
https://www.youtube.com/watch?v=8IlOF3bo0eo,Metechō,μετέχω,share in; partake of
https://www.youtube.com/watch?v=FcdzBZ2NffE,Stegō,στέγω,bear; endure; stand
https://www.youtube.com/watch?v=7MUF-3mkJSM,Enkopē,ἐγκοπή,hindrance
https://www.youtube.com/watch?v=idRZ0uNn2uw,Hieros,ἱερός,holy thing; holy
https://www.youtube.com/watch?v=nraFA38uEYc,Paredreuō,παρεδρεύω,apply oneself to
https://www.youtube.com/watch?v=F7tER876ptk,Symmerizō,συμμερίζω,have a share with
https://www.youtube.com/watch?v=eHqkztzV-BA,Akōn,ἄκων,involuntary; constrained
https://www.youtube.com/watch?v=zcRP7Gk9tU4,Adapanos,ἀδάπανος,free of charge
https://www.youtube.com/watch?v=xpKhDcLQSbE,Brabeion,βραβεῖον,prize
https://www.youtube.com/watch?v=-SGd16GRrBo,Adēlōs,ἀδήλως,uncertainly
https://www.youtube.com/watch?v=ggxddXysgHc,Pykteuō,πυκτεύω,box
https://www.youtube.com/watch?v=POsojzD5lSw,Doulagōgeō,δουλαγωγέω,"enslave, subjugate"
https://www.youtube.com/watch?v=51nJpVOQpSo,Poma,πόμα,drink
https://www.youtube.com/watch?v=okNH8ZakYCg,Katastrōnnymi,καταστρώννυμι,lay low; prepare; spread
https://www.youtube.com/watch?v=NqVAVunPwm8,Epithymētēs,ἐπιθυμητής,lustful; one who longs for
https://www.youtube.com/watch?v=htu9kZfE1AE,Paizō,παίζω,play
https://www.youtube.com/watch?v=fuf8jkD3VCg,Olothreutēs,ὀλοθρευτής,destroyer
https://www.youtube.com/watch?v=C2XRiiHqkQs,Typikōs,τυπικῶς,as an example
https://www.youtube.com/watch?v=9ezgHaesFeo,Nouthesia,νουθεσία,admonition
https://www.youtube.com/watch?v=3ozQKQ2_vC8,Ekbasis,ἔκβασις,end; outcome
https://www.youtube.com/watch?v=BXkheP_-n88,Hypopherō,ὑποφέρω,carry away under
https://www.youtube.com/watch?v=hfLZFe-7Q3s,Eidōlolatria,εἰδωλολατρία,idolatry
https://www.youtube.com/watch?v=4Uk_uyLpLLI,Makellon,μάκελλον,meat market
https://www.youtube.com/watch?v=QDQ-bDUZR80,Hierothytos,ἱερόθυτος,offered to idols
https://www.youtube.com/watch?v=PrJue3wNXqo,Akatakalyptos,ἀκατακάλυπτος,uncovered
https://www.youtube.com/watch?v=QVobzJ47dfI,Aischros,αἰσχρός,causing shame
https://www.youtube.com/watch?v=YkdPxg1vi7o,Komē,κόμη,(long) hair
https://www.youtube.com/watch?v=1T6FuSsnRfk,Peribolaion,περιβόλαιον,"covering, garment"
https://www.youtube.com/watch?v=0r28cXGmlOE,Philoneikos,φιλόνεικος,contentious
https://www.youtube.com/watch?v=yE7T_rp0V-A,Hēssōn,ἥσσων,inferior; worse; less
https://www.youtube.com/watch?v=n7dA4qNPx5k,Kyriakos,κυριακός,Lord’s
https://www.youtube.com/watch?v=DyWcyTHT8rA,Hosakis,ὁσάκις,as many times as
https://www.youtube.com/watch?v=V8bTmBckedQ,Anaxiōs,ἀναξίως,in an unworthy manner
https://www.youtube.com/watch?v=Ix6oBzg1aEs,Diairesis,διαίρεσις,apportionment
https://www.youtube.com/watch?v=rEhqKjkwvNo,Energēma,ἐνέργημα,activity; effect
https://www.youtube.com/watch?v=B9R8uPHgu50,Phanerōsis,φανέρωσις,manifestation; disclosure
https://www.youtube.com/watch?v=haOWSxupeaI,Iama,ἴαμα,healing
https://www.youtube.com/watch?v=KP6e999pvOk,Hermēneia,ἑρμηνεία,interpretation
https://www.youtube.com/watch?v=YUJF5HEFfdI,Osphrēsis,ὄσφρησις,sense of smell
https://www.youtube.com/watch?v=iD5hAG5RtI0,Aschēmōn,ἀσχήμων,ugly
https://www.youtube.com/watch?v=TgsUr4Pu3sc,Euschēmosynē,εὐσχημοσύνη,elegance
https://www.youtube.com/watch?v=n8hesV3Qcts,Synkerannymi,συγκεράννυμι,compose; unite
https://www.youtube.com/watch?v=vZ2ttroLFfs,Antilēmpsis,ἀντίλημψις,help
https://www.youtube.com/watch?v=mcNwVxAaG0Y,Kybernēsis,κυβέρνησις,administration
https://www.youtube.com/watch?v=1wxnBy3fTbo,Ēcheō,ἠχέω,"sound, ring out"
https://www.youtube.com/watch?v=8odK_aYsuWs,Kymbalon,κύμβαλον,cymbal
https://www.youtube.com/watch?v=tX40PFk3Apc,Chrēsteuomai,χρηστεύομαι,be good and kind
https://www.youtube.com/watch?v=32aofpO524E,Perpereuomai,περπερεύομαι,boast
https://www.youtube.com/watch?v=ii39TqdEiDY,Esoptron,ἔσοπτρον,mirror
https://www.youtube.com/watch?v=OCuFjx0Fo_E,Ainigma,αἴνιγμα,dark saying; riddle
https://www.youtube.com/watch?v=54iZgp_FDD8,Paramythia,παραμυθία,consolation
https://www.youtube.com/watch?v=D04g72s9-eE,Apsychos,ἄψυχος,inanimate
https://www.youtube.com/watch?v=w2ahr8z85D8,Aulos,αὐλός,flute
https://www.youtube.com/watch?v=BHZQl8xJ4_8,Kithara,κιθάρα,"lyre, harp"
https://www.youtube.com/watch?v=TKKa2_rdWfQ,Kitharizō,κιθαρίζω,play on the lyre
https://www.youtube.com/watch?v=mndRKcbjKJk,Eusēmos,εὔσημος,clear
https://www.youtube.com/watch?v=ECeTKPx8pnM,Phrēn,φρήν,midriff
https://www.youtube.com/watch?v=K8ZwKgvK7O0,Nēpiazō,νηπιάζω,be (as) a child
https://www.youtube.com/watch?v=JoT-RWbrMFQ,Heteroglōssos,ἑτερόγλωσσος,speaking a foreign language
https://www.youtube.com/watch?v=fxzbvNBhzh8,Diermēneutēs,διερμηνευτής,interpreter
https://www.youtube.com/watch?v=TOe83Gbhwvw,Hōsperei,ὡσπερεί,as; as it were
https://www.youtube.com/watch?v=DY_F4MLR1_k,Ektrōma,ἔκτρωμα,untimely birth
https://www.youtube.com/watch?v=xL_AvLEXGpc,Eleeinos,ἐλεεινός,finding pity
https://www.youtube.com/watch?v=jmrv1HRQAjk,Tagma,τάγμα,division; class
https://www.youtube.com/watch?v=gdkysU5i-3Q,Nē,νή,by
https://www.youtube.com/watch?v=Qm3a96W7-B8,Thēriomacheō,θηριομαχέω,fight with wild beasts
https://www.youtube.com/watch?v=lFVtQ3OVHwI,Ophelos,ὄφελος,advantage; benefit
https://www.youtube.com/watch?v=-oNXsb2dACw,Ēthos,ἦθος,accustomed place
https://www.youtube.com/watch?v=lsoCYDxDCo0,Homilia,ὁμιλία,association; lecture
https://www.youtube.com/watch?v=wCr_2BgLtmY,Eknēphō,ἐκνήφω,become sober; sober up
https://www.youtube.com/watch?v=AWWWiL07ZQM,Agnōsia,ἀγνωσία,ignorance
https://www.youtube.com/watch?v=4D34f0tnO80,Ptēnos,πτηνός,"feathered, winged"
https://www.youtube.com/watch?v=j17mCmCUk_o,Choikos,χοϊκός,made of earth
https://www.youtube.com/watch?v=DMxZB9zsxF4,Athanasia,ἀθανασία,immortality
https://www.youtube.com/watch?v=Gb_Cdctj9So,Ametakinētos,ἀμετακίνητος,immovable
https://www.youtube.com/watch?v=eG56baeUutY,Logeia,λογεία,collection
https://www.youtube.com/watch?v=MABTrDvjnTw,Paramenō,παραμένω,continue; stay on
https://www.youtube.com/watch?v=5Vpj1_v8xXw,Parodos,πάροδος,passage
https://www.youtube.com/watch?v=kjTF0Sh3c6o,Energēs,ἐνεργής,"effective, active"
https://www.youtube.com/watch?v=HBc7F2Mri20,Andrizomai,ἀνδρίζομαι,act courageously
https://www.youtube.com/watch?v=_WlvKGc3qgs,Marana,μαράνα,O Lord
https://www.youtube.com/watch?v=MBkFUOgOysg,Tha,θά,come
https://www.youtube.com/watch?v=PC7VnRiwf9A,Exaporeō,ἐξαπορέω,be in doubt; be in despair
https://www.youtube.com/watch?v=UQdQLbMWbLY,Apokrima,ἀπόκριμα,official report
https://www.youtube.com/watch?v=BFsvHEc54f4,Tēlikoutos,τηλικοῦτος,so great/large
https://www.youtube.com/watch?v=fgqHw8UTM8M,Synypourgeō,συνυπουργέω,join in helping
https://www.youtube.com/watch?v=T3bcHwVKJa4,Hagiotēs,ἁγιότης,holiness
https://www.youtube.com/watch?v=hIo1FOXMbjQ,Perissoterōs,περισσοτέρως,(even) more; especially
https://www.youtube.com/watch?v=SZ3qfsYke3A,Pepoithēsis,πεποίθησις,confidence
https://www.youtube.com/watch?v=Cl4djS6TrKM,Elaphria,ἐλαφρία,vacillation
https://www.youtube.com/watch?v=5IyIgtUrO2Q,Arrabōn,ἀρραβών,"deposit, down payment"
https://www.youtube.com/watch?v=B8B5fOR3Tcc,Epibareō,ἐπιβαρέω,be a burden to; weigh down
https://www.youtube.com/watch?v=ICJg_dscrJ8,Epitimia,ἐπιτιμία,punishment
https://www.youtube.com/watch?v=ZvyqnvL5uao,Tounantion,τοὐναντίον,"this one, that one"
https://www.youtube.com/watch?v=V_2L87eMpBM,Kyroō,κυρόω,confirm; conclude
https://www.youtube.com/watch?v=fAc2-o6ZAyA,Pleonekteō,πλεονεκτέω,be greedy; arrogant
https://www.youtube.com/watch?v=UaBcJyUkUWk,Noēma,νόημα,perception; thought; purpose
https://www.youtube.com/watch?v=IhiJqk3g3dg,Euōdia,εὐωδία,"aroma, fragrance"
https://www.youtube.com/watch?v=Af_16CNoqN8,Kapēleuō,καπηλεύω,"trade in, peddle"
https://www.youtube.com/watch?v=7PMNdaASmfk,Systatikos,συστατικός,introducing; commendatory
https://www.youtube.com/watch?v=F3EcUkcanCA,Plax,πλάξ,flat surface; tablet
https://www.youtube.com/watch?v=3sTJAKV-IZo,Hikanotēs,ἱκανότης,capability
https://www.youtube.com/watch?v=XiRFH2IeK6Y,Hikanoō,ἱκανόω,make sufficient
https://www.youtube.com/watch?v=w21cucbXJZM,Entypoō,ἐντυπόω,"carve, impress"
https://www.youtube.com/watch?v=COPnSIQeYM4,Katakrisis,κατάκρισις,condemnation
https://www.youtube.com/watch?v=fTUMn3eK2Sg,Hyperballō,ὑπερβάλλω,"go beyond, surpass"
https://www.youtube.com/watch?v=NpF_WA57yxw,Kalymma,κάλυμμα,covering; veil
https://www.youtube.com/watch?v=H1MFblz2Pmc,Anakalyptō,ἀνακαλύπτω,"uncover, unveil"
https://www.youtube.com/watch?v=PPMgN3qtqgI,Hēnika,ἡνίκα,when
https://www.youtube.com/watch?v=L8deIJ_HRtI,Katoptrizō,κατοπτρίζω,contemplate something
https://www.youtube.com/watch?v=EgmMzJX3qUU,Apeipon,ἀπεῖπον,disown; renounce
https://www.youtube.com/watch?v=Fu9Souj42m0,Doloō,δολόω,beguile; disguise; ensnare
https://www.youtube.com/watch?v=dLyJEEFoBJ0,Augazō,αὐγάζω,see
https://www.youtube.com/watch?v=Qn1yumXTn2Y,Phōtismos,φωτισμός,"enlightenment, light"
https://www.youtube.com/watch?v=oOa8gM04OYM,Ostrakinos,ὀστράκινος,earthen
https://www.youtube.com/watch?v=rxewMCd4xTs,Stenochōreō,στενοχωρέω,confine; restrict
https://www.youtube.com/watch?v=h-zpjp-d3BY,Kataballō,καταβάλλω,overthrow; throw down
https://www.youtube.com/watch?v=Z8t6ZR0-7N8,Anakainoō,ἀνακαινόω,renew
https://www.youtube.com/watch?v=Ba4RpmMv_QM,Parautika,παραυτίκα,immediately
https://www.youtube.com/watch?v=xhL97E7Xf2Y,Skēnos,σκῆνος,tent
https://www.youtube.com/watch?v=hRkgDAFNTas,Oikētērion,οἰκητήριον,dwelling
https://www.youtube.com/watch?v=ReJNpP-kgqA,Ependyomai,ἐπενδύομαι,put on
https://www.youtube.com/watch?v=-15i6g3oYTU,Tharreō,θαρρέω,be confident
https://www.youtube.com/watch?v=51z3D4jDcYY,Endēmeō,ἐνδημέω,be at home
https://www.youtube.com/watch?v=Hk2HGc4UItE,Ekdēmeō,ἐκδημέω,leave; be absent
https://www.youtube.com/watch?v=xesEdd_vmTY,Presbeuō,πρεσβεύω,be an ambassador
https://www.youtube.com/watch?v=oI5xyk7zxPM,Epakouō,ἐπακούω,hear; hear or catch a sound
https://www.youtube.com/watch?v=gQ3OvcSFq3Y,Proskopē,προσκοπή,occasion for taking offense
https://www.youtube.com/watch?v=TbCe_MEUIx0,Mōmaomai,μωμάομαι,blame; find fault with
https://www.youtube.com/watch?v=CORF_eMpZbM,Agrypnia,ἀγρυπνία,sleeplessness
https://www.youtube.com/watch?v=oq6mKMrGgoE,Hagnotēs,ἁγνότης,purity; sincerity
https://www.youtube.com/watch?v=UBCk7UCUaS4,Dysphēmia,δυσφημία,blasphemy; ill language
https://www.youtube.com/watch?v=CG9UPBNwHQ8,Euphēmia,εὐφημία,good report/repute
https://www.youtube.com/watch?v=jnUtlPI8eBg,Heterozygeō,ἑτεροζυγέω,be unevenly yoked
https://www.youtube.com/watch?v=BYrGo2IUWig,Metochē,μετοχή,"sharing, participation"
https://www.youtube.com/watch?v=2lj7EwYXG0I,Symphōnēsis,συμφώνησις,agreement
https://www.youtube.com/watch?v=8abmiJQGsXA,Synkatathesis,συγκατάθεσις,"agreement, union"
https://www.youtube.com/watch?v=pKhKXklThqM,Emperipateō,ἐμπεριπατέω,walk about
https://www.youtube.com/watch?v=sYBtl0NXf9U,Eisdechomai,εἰσδέχομαι,receive; gather; take into
https://www.youtube.com/watch?v=xVhnnYAGvm0,Pantokratōr,παντοκράτωρ,all-powerful; almighty
https://www.youtube.com/watch?v=VE26JtQiGwc,Molysmos,μολυσμός,defilement
https://www.youtube.com/watch?v=napZvkjNSmY,Machē,μάχη,battle
https://www.youtube.com/watch?v=Ru1qZ24JReA,Epipothēsis,ἐπιπόθησις,longing
https://www.youtube.com/watch?v=ZwQ_VibHwu8,Aganaktēsis,ἀγανάκτησις,indignation
https://www.youtube.com/watch?v=HV9VSA42GDg,Hagnos,ἁγνός,"pure, holy"
https://www.youtube.com/watch?v=V2I263ByZhg,Ptōcheia,πτωχεία,poverty
https://www.youtube.com/watch?v=nXSYbr3XJ7g,Authairetos,αὐθαίρετος,by one’s own choice
https://www.youtube.com/watch?v=I28Bd6ZZw8A,Proenarchomai,προενάρχομαι,begin before
https://www.youtube.com/watch?v=FtD7Wv9PMB4,Gnēsios,γνήσιος,legitimate; genuine
https://www.youtube.com/watch?v=12W_2usJFDo,Ptōcheuō,πτωχεύω,be poor
https://www.youtube.com/watch?v=j3Bke2U2jeY,Perysi,πέρυσι,last year; year ago
https://www.youtube.com/watch?v=Dk3krzRCcfo,Prokeimai,πρόκειμαι,be exposed; lie before
https://www.youtube.com/watch?v=G73KpjalQb0,Isotēs,ἰσότης,equality
https://www.youtube.com/watch?v=GvOjo53cOPA,Elattoneō,ἐλαττονέω,have too little; have less
https://www.youtube.com/watch?v=Wlvw0A9ciKc,Spoudaios,σπουδαῖος,"eager, zealous"
https://www.youtube.com/watch?v=MrSQqd1ziZI,Sympempō,συμπέμπω,send with
https://www.youtube.com/watch?v=JBU6z7YYkH0,Stellō,στέλλω,avoid; try to avoid
https://www.youtube.com/watch?v=SvU4XCAbAyQ,Hadrotēs,ἁδρότης,abundance
https://www.youtube.com/watch?v=e0nOoLjRsD4,Erethizō,ἐρεθίζω,"arouse, provoke"
https://www.youtube.com/watch?v=mlCWANuM6w4,Aparaskeuastos,ἀπαρασκεύαστος,unprepared
https://www.youtube.com/watch?v=He6GCdMZRk8,Hypostasis,ὑπόστασις,project; undertaking
https://www.youtube.com/watch?v=yZnasbL5eqo,Prokatartizō,προκαταρτίζω,make arrangements for in advance
https://www.youtube.com/watch?v=o0C8cnTq5zc,Pheidomenōs,φειδομένως,sparingly
https://www.youtube.com/watch?v=QUD4jG5_DXo,Proaireō,προαιρέω,bring; take out
https://www.youtube.com/watch?v=f2NrPP1sJJE,Hilaros,ἱλαρός,cheerful
https://www.youtube.com/watch?v=t80ZXIOwJFs,Dotēs,δότης,giver
https://www.youtube.com/watch?v=mn045g6t1z8,Autarkeia,αὐτάρκεια,contentment; self-sufficiency
https://www.youtube.com/watch?v=f1X_FKvfFJs,Penēs,πένης,poor
https://www.youtube.com/watch?v=M5eMD6mO5Ho,Epichorēgeō,ἐπιχορηγέω,give; supply
https://www.youtube.com/watch?v=wn4R-H8uSrs,Chorēgeō,χορηγέω,provide for; supply
https://www.youtube.com/watch?v=6_xyXwQ2Iig,Prosanaplēroō,προσαναπληρόω,fulfil; fill; fill up
https://www.youtube.com/watch?v=u1m44oFLWI4,Hypotagē,ὑποταγή,submission; subordination
https://www.youtube.com/watch?v=baUD66C_unE,Homologia,ὁμολογία,confession
https://www.youtube.com/watch?v=BZPuDqeAuYU,Anekdiēgētos,ἀνεκδιήγητος,indescribable
https://www.youtube.com/watch?v=3X0LY8sPiCI,Strateia,στρατεία,campaign; warfare
https://www.youtube.com/watch?v=Kmb7BGHtd0k,Kathairesis,καθαίρεσις,pulling down; ruin
https://www.youtube.com/watch?v=MioNE7KVceg,Ochyrōma,ὀχύρωμα,fortress
https://www.youtube.com/watch?v=XnRIwONh4nk,Ekphobeō,ἐκφοβέω,alarm; frighten
https://www.youtube.com/watch?v=bi9GGY2MxZU,Enkrinō,ἐγκρίνω,make a judgment about
https://www.youtube.com/watch?v=i4gcFre_FJ4,Ametros,ἄμετρος,immeasurable
https://www.youtube.com/watch?v=J51u4OURCE4,Ephikneomai,ἐφικνέομαι,"come to, reach"
https://www.youtube.com/watch?v=fJaN5PPH6pA,Hyperekteinō,ὑπερεκτείνω,stretch beyond; overextend
https://www.youtube.com/watch?v=xG7erHFHMfM,Hyperekeina,ὑπερέκεινα,beyond
https://www.youtube.com/watch?v=Lv51iU6hlrg,Harmozō,ἁρμόζω,adapt; suit
https://www.youtube.com/watch?v=dAIY5pz8qo0,Hyperlian,ὑπερλίαν,exceedingly; preeminently
https://www.youtube.com/watch?v=4WuY5CrYRi4,Sylaō,συλάω,"rob, sack"
https://www.youtube.com/watch?v=ex7qB4AMQj8,Katanarkaō,καταναρκάω,burden; be a burden
https://www.youtube.com/watch?v=v5DNi6SBUHE,Abarēs,ἀβαρής,not burdensome
https://www.youtube.com/watch?v=Kr1vASJinpg,Pseudapostolos,ψευδαπόστολος,false apostle
https://www.youtube.com/watch?v=AYD3J8v4O3Q,Dolios,δόλιος,crafty; deceitful
https://www.youtube.com/watch?v=Q3yq8cW8bfA,Thauma,θαῦμα,marvel; wonder
https://www.youtube.com/watch?v=RtkR0e3gNHM,Katadouloō,καταδουλόω,enslave
https://www.youtube.com/watch?v=wfuU9bL4-Aw,Paraphroneō,παραφρονέω,be beside oneself
https://www.youtube.com/watch?v=1MOh3_s9vJY,Hyperballontōs,ὑπερβαλλόντως,exceedingly
https://www.youtube.com/watch?v=lr4pUPD70Ag,Pentakis,πεντάκις,five times
https://www.youtube.com/watch?v=V3S93RPKvuE,Hapax,ἅπαξ,once
https://www.youtube.com/watch?v=iOUX0AhF2uc,Nauageō,ναυαγέω,suffer shipwreck
https://www.youtube.com/watch?v=R3TwmX6Cjy0,Nychthēmeron,νυχθήμερον,day and a night
https://www.youtube.com/watch?v=COUiXPUTZtA,Bythos,βυθός,deep water
https://www.youtube.com/watch?v=YdRkmx3K-Pk,Pseudadelphos,ψευδάδελφος,false brother
https://www.youtube.com/watch?v=NpR83UqPkVo,Mochthos,μόχθος,hardship; toil; labor
https://www.youtube.com/watch?v=trYnVpgeYXs,Dipsos,δίψος,thirst
https://www.youtube.com/watch?v=6aqbjQnaW8A,Ethnarchēs,ἐθνάρχης,ethnarch; governor
https://www.youtube.com/watch?v=HTWVzrI6lVo,Phroureō,φρουρέω,guard; detain
https://www.youtube.com/watch?v=10x73iunaIg,Sarganē,σαργάνη,basket; rope-basket
https://www.youtube.com/watch?v=_nbKOCzef8M,Arrētos,ἄρρητος,inexpressible
https://www.youtube.com/watch?v=283mxeC6otA,Hyperairō,ὑπεραίρω,exalt oneself
https://www.youtube.com/watch?v=L4qqkXhcrMM,Skolops,σκόλοψ,anything pointed
https://www.youtube.com/watch?v=9-rUScBYaHQ,Episkēnoō,ἐπισκηνόω,reside; dwell
https://www.youtube.com/watch?v=DGZSJcJrowA,Hessoomai,ἑσσόομαι,be inferior to
https://www.youtube.com/watch?v=IT8-MxieW9g,Ekdapanaō,ἐκδαπανάω,expend; exhaust
https://www.youtube.com/watch?v=CyncGpl8lzQ,Katabareō,καταβαρέω,burden; be a burden to
https://www.youtube.com/watch?v=_SgxvcElUPI,Panourgos,πανοῦργος,"clever, crafty"
https://www.youtube.com/watch?v=1D67m7jf93g,Synapostellō,συναποστέλλω,dispatch together; send
https://www.youtube.com/watch?v=W5YQGT-BLmI,Katalalia,καταλαλιά,evil report; slander
https://www.youtube.com/watch?v=EMLjI1-sYKg,Psithyrismos,ψιθυρισμός,(secret) gossip
https://www.youtube.com/watch?v=7AZgQMp__KA,Physiōsis,φυσίωσις,pride; conceit
https://www.youtube.com/watch?v=n2EUrSpnjdM,Proamartanō,προαμαρτάνω,sin beforehand
https://www.youtube.com/watch?v=hojH_zZV9gM,Prolegō,προλέγω,foretell; state beforehand
https://www.youtube.com/watch?v=u7sgv3v7n4s,Katartisis,κατάρτισις,maturation
https://www.youtube.com/watch?v=k76AbZVxtsM,Apotomōs,ἀποτόμως,severely
https://www.youtube.com/watch?v=RgxBlGl5JwA,Anastrophē,ἀναστροφή,"conduct, behavior"
https://www.youtube.com/watch?v=l13zGlLji6Y,Synēlikiōtēs,συνηλικιώτης,comtemporary
https://www.youtube.com/watch?v=agyf_4Y2sTc,Patrikos,πατρικός,handed down by one’s father
https://www.youtube.com/watch?v=3dJblebieXY,Prosanatithēmi,προσανατίθημι,add; contribute
https://www.youtube.com/watch?v=qx5E2p791Vk,Historeō,ἱστορέω,record
https://www.youtube.com/watch?v=irtHk32MUw4,Pareisaktos,παρείσακτος,secretly brought in
https://www.youtube.com/watch?v=FATaDCiuThY,Kataskopeō,κατασκοπέω,spy out
https://www.youtube.com/watch?v=uSVusdB2LDM,Stylos,στῦλος,pillar
https://www.youtube.com/watch?v=8LHqOIZBRCM,Spoudazō,σπουδάζω,be zealous; be eager
https://www.youtube.com/watch?v=ZLbQyaXXoNM,Kataginōskō,καταγινώσκω,"condemn, convict"
https://www.youtube.com/watch?v=eGEgB9sPlmY,Synypokrinomai,συνυποκρίνομαι,join in hypocrisy
https://www.youtube.com/watch?v=3TlAr3Y1alQ,Orthopodeō,ὀρθοποδέω,act rightly
https://www.youtube.com/watch?v=kFIKMACPSJo,Ethnikōs,ἐθνικῶς,like a Gentile
https://www.youtube.com/watch?v=q0qW_EmlNcI,Ioudaizō,ἰουδαΐζω,live like Jews
https://www.youtube.com/watch?v=j39ATGZx0z0,Baskainō,βασκαίνω,begrudge; envy
https://www.youtube.com/watch?v=QteyD04gctg,Enarchomai,ἐνάρχομαι,begin
https://www.youtube.com/watch?v=0v6o2JfEDUE,Katara,κατάρα,curse
https://www.youtube.com/watch?v=xfEx9V3iLJQ,Epikataratos,ἐπικατάρατος,accursed; cursed (be); cursed
https://www.youtube.com/watch?v=wtyo0pcA48w,Exagorazō,ἐξαγοράζω,buy from; buy up
https://www.youtube.com/watch?v=0f9EW_aL-QQ,Epidiatassomai,ἐπιδιατάσσομαι,add a codicil
https://www.youtube.com/watch?v=ImJIx9CBPXo,Prokyroō,προκυρόω,ratifiy in advance
https://www.youtube.com/watch?v=9GUQbyo25a8,Mesitēs,μεσίτης,arbitrator
https://www.youtube.com/watch?v=BxSSkmGi3dI,Prothesmia,προθεσμία,appointed day
https://www.youtube.com/watch?v=HbxARJ-1xWU,Stoicheion,στοιχεῖον,element
https://www.youtube.com/watch?v=cjCh5dhpQpA,Ekptyō,ἐκπτύω,disdain
https://www.youtube.com/watch?v=-hZg9-6Dtlg,Alētheuō,ἀληθεύω,be truthful; tell the truth
https://www.youtube.com/watch?v=tRKYxXvfW90,Ōdinō,ὠδίνω,be in travail or labour
https://www.youtube.com/watch?v=D6WbpLoVQFY,Morphoō,μορφόω,form
https://www.youtube.com/watch?v=Uoek7ZhiR7M,Allēgoreō,ἀλληγορέω,speak allegorically
https://www.youtube.com/watch?v=Ilm-xGusZQw,Systoicheō,συστοιχέω,correspond
https://www.youtube.com/watch?v=2S5ChCfV5DM,Peismonē,πεισμονή,persuasion
https://www.youtube.com/watch?v=TDzviMPW9b0,Daknō,δάκνω,bite
https://www.youtube.com/watch?v=wU9w0qQ3mCY,Pharmakeia,φαρμακεία,"sorcery, magic"
https://www.youtube.com/watch?v=HnIPeUbcSw8,Kenodoxos,κενόδοξος,"conceited, boastful"
https://www.youtube.com/watch?v=nTZhDxvHLBU,Prokaleō,προκαλέω,call forth
https://www.youtube.com/watch?v=7EtKf56SYSc,Phthoneō,φθονέω,be envious
https://www.youtube.com/watch?v=K03UBgNIeFI,Phrenapataō,φρεναπατάω,deceive
https://www.youtube.com/watch?v=fUXh4lNJPrQ,Myktērizō,μυκτηρίζω,mock; sneer at
https://www.youtube.com/watch?v=shtZVCXHSVk,Oikeios,οἰκεῖος,member of the household
https://www.youtube.com/watch?v=hTVGOxp4VIM,Pēlikos,πηλίκος,how great
https://www.youtube.com/watch?v=j3x6pMFN578,Euprosōpeō,εὐπροσωπέω,make a good showing
https://www.youtube.com/watch?v=s7Sxptg5jW8,Stigma,στίγμα,"mark, brand"
https://www.youtube.com/watch?v=JsBzHtPLlpc,Amōmos,ἄμωμος,blameless
https://www.youtube.com/watch?v=pfiociYYYws,Katenōpion,κατενώπιον,before
https://www.youtube.com/watch?v=3HI35Aygabo,Klēroō,κληρόω,appoint by lot
https://www.youtube.com/watch?v=A5IJR4rbfkI,Proelpizō,προελπίζω,hope before
https://www.youtube.com/watch?v=fJ6m936bNfA,Peripoiēsis,περιποίησις,possession; gaining
https://www.youtube.com/watch?v=O4AxxCJg9VA,Energeia,ἐνέργεια,action; operation; working
https://www.youtube.com/watch?v=e4JsfDQ1kIY,Hyperanō,ὑπεράνω,(high) above
https://www.youtube.com/watch?v=fq6Mg0foQxA,Kyriotēs,κυριότης,dominion; lordship
https://www.youtube.com/watch?v=M9B_2w9oodE,Syzōopoieō,συζωοποιέω,make alive together with
https://www.youtube.com/watch?v=rX0Coz_u9cg,Synegeirō,συνεγείρω,awaken/raise with
https://www.youtube.com/watch?v=XN8l-ma8RDs,Apallotrioō,ἀπαλλοτριόω,alienate; estrange
https://www.youtube.com/watch?v=7U2da81EFyE,Mesotoichon,μεσότοιχον,dividing wall
https://www.youtube.com/watch?v=wMAchuv7yGg,Apokatallassō,ἀποκαταλλάσσω,reconcile
https://www.youtube.com/watch?v=7ml-FH2DNzs,Sympolitēs,συμπολίτης,fellow citizen
https://www.youtube.com/watch?v=qgiSu_PjXDU,Akrogōniaios,ἀκρογωνιαῖος,at the extreme angle
https://www.youtube.com/watch?v=laIt92BmdwM,Synarmologeō,συναρμολογέω,join together
https://www.youtube.com/watch?v=Ze4BlfewnG0,Auxō,αὔξω,grow
https://www.youtube.com/watch?v=oDWM8K4hZvI,Synoikodomeō,συνοικοδομέω,build together with
https://www.youtube.com/watch?v=GraRSEOf48s,Katoikētērion,κατοικητήριον,dwelling place
https://www.youtube.com/watch?v=KVYfbMAKI-U,Syssōmos,σύσσωμος,fellow members of the body
https://www.youtube.com/watch?v=eESCUjRfK_U,Symmetochos,συμμέτοχος,fellow sharer
https://www.youtube.com/watch?v=HVeSRYjL0Ko,Polypoikilos,πολυποίκιλος,many-sided
https://www.youtube.com/watch?v=_G_-CLfDB9k,Exischyō,ἐξισχύω,be able
https://www.youtube.com/watch?v=cOsVtEL-WFs,Platos,πλάτος,breadth
https://www.youtube.com/watch?v=iQX0Cfoz_CQ,Mēkos,μῆκος,length
https://www.youtube.com/watch?v=vz5Fdl7TA3Q,Hyperekperissou,ὑπερεκπερισσοῦ,beyond all measure
https://www.youtube.com/watch?v=8AEpMMv8hNA,Henotēs,ἑνότης,unity
https://www.youtube.com/watch?v=0OLDlwn8VKU,Aichmalōteuō,αἰχμαλωτεύω,capture
https://www.youtube.com/watch?v=n8A0JZ1If7s,Aichmalōsia,αἰχμαλωσία,captivity
https://www.youtube.com/watch?v=LboxOmk5B7w,Katōteros,κατώτερος,lower
https://www.youtube.com/watch?v=4Vzx2QOS4bA,Katartismos,καταρτισμός,equipping
https://www.youtube.com/watch?v=S74xn2GUU2g,Klydōnizomai,κλυδωνίζομαι,be disturbed; tossed
https://www.youtube.com/watch?v=_y3TKm94Ze8,Kybeia,κυβεία,craftiness; trickery
https://www.youtube.com/watch?v=lwJrFyhYvqU,Methodeia,μεθοδεία,scheming; craftiness; wiles
https://www.youtube.com/watch?v=Eta5_UIly7I,Haphē,ἁφή,ligament
https://www.youtube.com/watch?v=P7g3No9mFoY,Epichorēgia,ἐπιχορηγία,support
https://www.youtube.com/watch?v=VwdV7Hyxi4E,Auxēsis,αὔξησις,growth
https://www.youtube.com/watch?v=DsWcC1xhHgU,Skotoō,σκοτόω,be darkened; darken
https://www.youtube.com/watch?v=TGJTyd0zWxQ,Apalgeō,ἀπαλγέω,become callous
https://www.youtube.com/watch?v=geCIPr4AgdQ,Ananeoō,ἀνανεόω,renew
https://www.youtube.com/watch?v=iB-frfS3NN4,Epidyō,ἐπιδύω,set (of the sun)
https://www.youtube.com/watch?v=_X1GAqaguNc,Parorgismos,παροργισμός,anger
https://www.youtube.com/watch?v=woJZWP-9xeM,Eusplanchnos,εὔσπλαγχνος,compassionate
https://www.youtube.com/watch?v=fggX7SlqR7U,Aischrotēs,αἰσχρότης,obscenity
https://www.youtube.com/watch?v=ZMmlRfqPnYs,Mōrologia,μωρολογία,foolish talk
https://www.youtube.com/watch?v=UQXxA4mdCyU,Eutrapelia,εὐτραπελία,coarse jesting
https://www.youtube.com/watch?v=Z-zEscuZKGM,Anēkō,ἀνήκω,belong; reach up to
https://www.youtube.com/watch?v=dazuwDm_7SQ,Synkoinōneō,συγκοινωνέω,be connected; participate
https://www.youtube.com/watch?v=DdhWdXhSoe8,Kryphē,κρυφῇ,in secret
https://www.youtube.com/watch?v=foz5dr5qmPs,Epiphauskō,ἐπιφαύσκω,shine
https://www.youtube.com/watch?v=3dKOO8AFbbo,Asophos,ἄσοφος,unwise
https://www.youtube.com/watch?v=IGIiv0YN43U,Asōtia,ἀσωτία,debauchery
https://www.youtube.com/watch?v=0FTfaq3zNE0,Hymnos,ὕμνος,hymn
https://www.youtube.com/watch?v=WCdZDnyuERM,Ōdē,ᾠδή,song
https://www.youtube.com/watch?v=XqkXb2XEUVI,Adō,ᾄδω,sing
https://www.youtube.com/watch?v=teXcFcTW1mE,Loutron,λουτρόν,bath
https://www.youtube.com/watch?v=IyqCmmRmolk,Spilos,σπίλος,spot; stain
https://www.youtube.com/watch?v=pTN8TWHJGu0,Ektrephō,ἐκτρέφω,bring up from childhood; rear
https://www.youtube.com/watch?v=3vNL4StzInA,Thalpō,θάλπω,Cherish
https://www.youtube.com/watch?v=92pnt_wFTrg,Makrochronios,μακροχρόνιος,lasting a long time
https://www.youtube.com/watch?v=g8yNHL2lwYw,Paideia,παιδεία,discipline; training
https://www.youtube.com/watch?v=5SoH0YRJaAI,Ophthalmodoulia,ὀφθαλμοδουλία,eye service
https://www.youtube.com/watch?v=MGhO1rsEXSo,Anthrōpareskos,ἀνθρωπάρεσκος,"fawner, timeserver"
https://www.youtube.com/watch?v=kwSbFmnK9YE,Eunoia,εὔνοια,favor
https://www.youtube.com/watch?v=27XdDyMeD4g,Kosmokratōr,κοσμοκράτωρ,world ruler
https://www.youtube.com/watch?v=STbRCWrdHUM,Thōrax,θώραξ,breastplate
https://www.youtube.com/watch?v=GZ4dkgpuJcY,Hetoimasia,ἑτοιμασία,preparation
https://www.youtube.com/watch?v=QB_ZT8KMqn4,Thyreos,θυρεός,shield
https://www.youtube.com/watch?v=sgwEWtk1IoI,Belos,βέλος,arrow
https://www.youtube.com/watch?v=bU1nZQM16Uo,Perikephalaia,περικεφαλαία,helmet
https://www.youtube.com/watch?v=8k5pUdsx1UI,Proskarterēsis,προσκαρτέρησις,perseverence
https://www.youtube.com/watch?v=anDbqmkIpOM,Anoixis,ἄνοιξις,opening
https://www.youtube.com/watch?v=zdjvJ5TjBLU,Bebaiōsis,βεβαίωσις,confirmation
https://www.youtube.com/watch?v=Vi97zu7QOF8,Aisthēsis,αἴσθησις,discernment
https://www.youtube.com/watch?v=vo44mCUV3vw,Eilikrinēs,εἰλικρινής,pure
https://www.youtube.com/watch?v=bBYtWOARbb4,Prokopē,προκοπή,progress
https://www.youtube.com/watch?v=MB12-4bH5r8,Hagnōs,ἁγνῶς,purely; sincerely
https://www.youtube.com/watch?v=MXXM0eeVIhA,Kerdos,κέρδος,gain
https://www.youtube.com/watch?v=mFwH0j6w7kQ,Haireomai,αἱρέομαι,choose; prefer
https://www.youtube.com/watch?v=gQ5Oaz9nE9Q,Synathleō,συναθλέω,struggle along with
https://www.youtube.com/watch?v=5no4JtBhSdM,Ptyrō,πτύρω,let oneself be intimidated
https://www.youtube.com/watch?v=XEBEOs4wC_U,Agōn,ἀγών,contest; struggle
https://www.youtube.com/watch?v=AhPFk-hgh_8,Paramythion,παραμύθιον,comfort; consolation
https://www.youtube.com/watch?v=xhZVVegmg4o,Sympsychos,σύμψυχος,united in spirit
https://www.youtube.com/watch?v=UMt-fclKyQA,Kenodoxia,κενοδοξία,conceit; vain glory; vanity
https://www.youtube.com/watch?v=EVRR-617EFM,Harpagmos,ἁρπαγμός,something to be grasped
https://www.youtube.com/watch?v=SAdfYajGdmA,Hyperypsoō,ὑπερυψόω,exalt
https://www.youtube.com/watch?v=L0cyntY3No8,Katachthonios,καταχθόνιος,subterranean
https://www.youtube.com/watch?v=dX0hpgtqdhY,Apousia,ἀπουσία,absence
https://www.youtube.com/watch?v=TKEYwb8WyrU,Phōstēr,φωστήρ,luminary; light; splendour
https://www.youtube.com/watch?v=0l9xzO1Zx7Q,Spendō,σπένδω,offer a libation
https://www.youtube.com/watch?v=1YuXELsc8ms,Eupsycheō,εὐψυχέω,"be glad, have courage"
https://www.youtube.com/watch?v=tGtWaGOdRXs,Isopsychos,ἰσόψυχος,like-minded
https://www.youtube.com/watch?v=CjSe2Hzu164,Gnēsiōs,γνησίως,genuinely; truly
https://www.youtube.com/watch?v=zaejLjrIATQ,Aphoraō,ἀφοράω,determine; see
https://www.youtube.com/watch?v=RRURyHzDPKs,Systratiōtēs,συστρατιώτης,comrade in arms
https://www.youtube.com/watch?v=giWh6UWY80s,Paraplēsios,παραπλήσιος,coming near
https://www.youtube.com/watch?v=8PZfb_oGt5U,Alypos,ἄλυπος,free from anxiety
https://www.youtube.com/watch?v=JBDmZEbvoxQ,Paraboleuomai,παραβολεύομαι,expose oneself to danger
https://www.youtube.com/watch?v=mdwXNzgjyCU,Katatomē,κατατομή,mutilation
https://www.youtube.com/watch?v=ac0t_0nPjpw,Kaiper,καίπερ,although
https://www.youtube.com/watch?v=_zOlGADGw5A,Oktaēmeros,ὀκταήμερος,on the eighth day
https://www.youtube.com/watch?v=ie1yDX6k2ws,Skybalon,σκύβαλον,dung; filth; refuse
https://www.youtube.com/watch?v=lJwoL4hyhkc,Symmorphizō,συμμορφίζω,be conformed to
https://www.youtube.com/watch?v=CUqCYkEPipw,Exanastasis,ἐξανάστασις,resurrection
https://www.youtube.com/watch?v=Z1EEa7_2uIc,Epekteinomai,ἐπεκτείνομαι,strain toward
https://www.youtube.com/watch?v=IQ71Lq-2hH8,Skopos,σκοπός,"goal, mark"
https://www.youtube.com/watch?v=6vfsXY3388w,Heterōs,ἑτέρως,differently
https://www.youtube.com/watch?v=sDR_Bkh-gTk,Symmimētēs,συμμιμητής,fellow imitator
https://www.youtube.com/watch?v=4pWo9PyBSCY,Politeuma,πολίτευμα,body of citizens
https://www.youtube.com/watch?v=D1y1lWZiBlQ,Epipothētos,ἐπιπόθητος,greatly desired
https://www.youtube.com/watch?v=FzPRxA44mro,Syzygos,σύζυγος,true comrade
https://www.youtube.com/watch?v=pdigJAWCtJQ,Epieikēs,ἐπιεικής,fair; fitting; good; meet
https://www.youtube.com/watch?v=ondQ5fKzKNQ,Semnos,σεμνός,solemn; sacred; august
https://www.youtube.com/watch?v=G2USkbYCJcQ,Prosphilēs,προσφιλής,dear; beloved
https://www.youtube.com/watch?v=aIY21cSzJzM,Euphēmos,εὔφημος,commendable
https://www.youtube.com/watch?v=_8REInFuBwY,Aretē,ἀρετή,excellence of character
https://www.youtube.com/watch?v=NyKoPcY4qw0,Megalōs,μεγάλως,greatly
https://www.youtube.com/watch?v=AZgmiNw-BIU,Anathallō,ἀναθάλλω,revive
https://www.youtube.com/watch?v=SX9sdY808Q0,Akaireomai,ἀκαιρέομαι,have no opportunity
https://www.youtube.com/watch?v=_lBZaYL7V_Q,Autarkēs,αὐτάρκης,content
https://www.youtube.com/watch?v=9HMGQJaB70o,Myeō,μυέω,be initiated
https://www.youtube.com/watch?v=D8XGSOCnTqM,Dosis,δόσις,gift; giving
https://www.youtube.com/watch?v=IABRxx1PUrA,Lēmpsis,λῆμψις,receiving
https://www.youtube.com/watch?v=rGHI18AQc_Q,Proakouō,προακούω,hear beforehand
https://www.youtube.com/watch?v=SID-twD8d3I,Areskeia,ἀρεσκεία,desire to please
https://www.youtube.com/watch?v=YSa7YR1TmUA,Dynamoō,δυναμόω,enable
https://www.youtube.com/watch?v=5T0PxYjZKXU,Horatos,ὁρατός,be seen; be visible; visible
https://www.youtube.com/watch?v=C9zRA7fDvN0,Prōteuō,πρωτεύω,be first
https://www.youtube.com/watch?v=zZmAVMQIKcE,Eirēnopoieō,εἰρηνοποιέω,make peace
https://www.youtube.com/watch?v=lu8-Aw6Rufc,Metakineō,μετακινέω,move; shift; remove
https://www.youtube.com/watch?v=pARp3x5nO7E,Antanaplēroō,ἀνταναπληρόω,fill up; supplement
https://www.youtube.com/watch?v=EsK53v-NN-A,Hēlikos,ἡλίκος,how great
https://www.youtube.com/watch?v=iQgr7IjLMGI,Plērophoria,πληροφορία,"assurance, certainty"
https://www.youtube.com/watch?v=9m4fbFqeIy4,Paralogizomai,παραλογίζομαι,deceive; defraud
https://www.youtube.com/watch?v=g90zKb5YPxw,Pithanologia,πιθανολογία,persuasive speech
https://www.youtube.com/watch?v=qXj4bmEr4QQ,Stereōma,στερέωμα,firmament; firmness
https://www.youtube.com/watch?v=EwFU_jZulcI,Sylagōgeō,συλαγωγέω,take captive
https://www.youtube.com/watch?v=BHUznwSRGss,Philosophia,φιλοσοφία,philosophy
https://www.youtube.com/watch?v=WXORoLmg1P0,Theotēs,θεότης,deity
https://www.youtube.com/watch?v=8YbpNzbxwfk,Sōmatikōs,σωματικῶς,bodily
https://www.youtube.com/watch?v=LXllff33a38,Apekdysis,ἀπέκδυσις,removal; stripping off
https://www.youtube.com/watch?v=K5SOrtQAhz0,Cheirographon,χειρόγραφον,bond; handwritten document
https://www.youtube.com/watch?v=TgY0EF5KwHg,Hypenantios,ὑπεναντίος,enemy; opposing; opponent
https://www.youtube.com/watch?v=gql1HC-5YJk,Prosēloō,προσηλόω,nail to
https://www.youtube.com/watch?v=PX_E2mM_znA,Apekdyomai,ἀπεκδύομαι,disarm; take off; strip off
https://www.youtube.com/watch?v=-eP6f0XVG0Y,Neomēnia,νεομηνία,new moon
https://www.youtube.com/watch?v=zhBHePGf67w,Katabrabeuō,καταβραβεύω,condemn
https://www.youtube.com/watch?v=Ti8MBGeUUJ4,Embateuō,ἐμβατεύω,enter
https://www.youtube.com/watch?v=9xCJrHtstOs,Dogmatizō,δογματίζω,decree; ordain
https://www.youtube.com/watch?v=XdbtspvVcWg,Thinganō,θιγγάνω,touch
https://www.youtube.com/watch?v=wtyQZSncHn0,Apochrēsis,ἀπόχρησις,consuming
https://www.youtube.com/watch?v=3wYfof7B9DA,Ethelothrēskia,ἐθελοθρησκία,self-made religion
https://www.youtube.com/watch?v=OMVeTIYHvuY,Apheidia,ἀφειδία,unsparing treatment
https://www.youtube.com/watch?v=r8ArGIaoVRw,Aischrologia,αἰσχρολογία,abusive language
https://www.youtube.com/watch?v=31xsrO2tmd8,Momphē,μομφή,complaint
https://www.youtube.com/watch?v=RuPl_h7ITuY,Teleiotēs,τελειότης,completeness; perfection
https://www.youtube.com/watch?v=kpMOgrDnj2I,Brabeuō,βραβεύω,act as a judge or umpire
https://www.youtube.com/watch?v=tmtnhNV5sJE,Eucharistos,εὐχάριστος,agreeable
https://www.youtube.com/watch?v=Q7BEl5l2BV4,Plousiōs,πλουσίως,abundantly; richly
https://www.youtube.com/watch?v=tu8ZFP5sFoo,Pikrainō,πικραίνω,embitter
https://www.youtube.com/watch?v=3ODg85MK528,Athymeō,ἀθυμέω,be discouraged
https://www.youtube.com/watch?v=5SnTgVcEnvM,Antapodosis,ἀνταπόδοσις,recompense; repayment
https://www.youtube.com/watch?v=l2frEKaJo-c,Anepsios,ἀνεψιός,cousin
https://www.youtube.com/watch?v=ZHSYyIOR0Yg,Parēgoria,παρηγορία,comfort
https://www.youtube.com/watch?v=PIe9aH8f27g,Ponos,πόνος,hard work; toil; pain
https://www.youtube.com/watch?v=jGURZACfLKQ,Exēcheō,ἐξηχέω,ring out
https://www.youtube.com/watch?v=nyXSXGt5Veg,Anamenō,ἀναμένω,await
https://www.youtube.com/watch?v=9dVl9mKzqGc,Propaschō,προπάσχω,suffer previously
https://www.youtube.com/watch?v=uZLWdLDEwgc,Kolakeia,κολακεία,flattery
https://www.youtube.com/watch?v=5R4hR2NrKVg,Trophos,τροφός,nurse; feeder; rearer; food
https://www.youtube.com/watch?v=LpIzplIQids,Homeiromai,ὁμείρομαι,desire
https://www.youtube.com/watch?v=oBDXSjoOrDQ,Hosiōs,ὁσίως,devoutly
https://www.youtube.com/watch?v=8onJATml40Y,Amemptōs,ἀμέμπτως,blamelessly
https://www.youtube.com/watch?v=EfIrClSGAaM,Symphyletēs,συμφυλέτης,compatriot
https://www.youtube.com/watch?v=mTuBpXCdwE8,Ekdiōkō,ἐκδιώκω,chase away; banish
https://www.youtube.com/watch?v=yPxREfBUE9s,Aporphanizō,ἀπορφανίζω,make an orphan of
https://www.youtube.com/watch?v=qYRNtVnaMEo,Sainō,σαίνω,"fawn upon, flatter"
https://www.youtube.com/watch?v=boNqsjqe63M,Hyperbainō,ὑπερβαίνω,go beyond; pass over; pass
https://www.youtube.com/watch?v=iwOKgko_ePI,Toigaroun,τοιγαροῦν,"then, therefore"
https://www.youtube.com/watch?v=kS969jcDskw,Theodidaktos,θεοδίδακτος,taught by God
https://www.youtube.com/watch?v=5fWBq5MBt3c,Perileipomai,περιλείπομαι,remain
https://www.youtube.com/watch?v=7ocZacpyeTU,Keleusma,κέλευσμα,command
https://www.youtube.com/watch?v=r_vjhiUT6TE,Archangelos,ἀρχάγγελος,archangel
https://www.youtube.com/watch?v=CpWVf2vsaKs,Nēphō,νήφω,be self-controlled
https://www.youtube.com/watch?v=S6qU8rVFZ7A,Ataktos,ἄτακτος,disorderly
https://www.youtube.com/watch?v=OSHu0Qn9E4M,Oligopsychos,ὀλιγόψυχος,discouraged
https://www.youtube.com/watch?v=L-EK4F9xhoc,Holoklēros,ὁλόκληρος,complete; entire
https://www.youtube.com/watch?v=-IhJGmS7f6g,Enorkizō,ἐνορκίζω,adjure
https://www.youtube.com/watch?v=VpPb5sFaeE0,Enkauchaomai,ἐγκαυχάομαι,boast
https://www.youtube.com/watch?v=ZLyKzC7nQUw,Endeigma,ἔνδειγμα,proof
https://www.youtube.com/watch?v=9jhlW_qQopA,Tinō,τίνω,pay a price
https://www.youtube.com/watch?v=VkQ49lEtxW0,Endoxazomai,ἐνδοξάζομαι,be glorified
https://www.youtube.com/watch?v=VNLbe5aZ-IQ,Episynagōgē,ἐπισυναγωγή,gathering together
https://www.youtube.com/watch?v=lDEsF9SPNss,Epiphaneia,ἐπιφάνεια,appearance
https://www.youtube.com/watch?v=NtzQx7wu7-I,Ataktōs,ἀτάκτως,disorderly
https://www.youtube.com/watch?v=4MSNAFVJOp0,Mimeomai,μιμέομαι,imitate
https://www.youtube.com/watch?v=vyzAVCgrC9Q,Atakteō,ἀτακτέω,behave inappropriately
https://www.youtube.com/watch?v=YPZW4OuKpwc,Periergazomai,περιεργάζομαι,be a busybody
https://www.youtube.com/watch?v=7c4rghZ36NE,Kalopoieō,καλοποιέω,do what is right
https://www.youtube.com/watch?v=LwyqFJ0zAHA,Sēmeioō,σημειόω,be manifest; show
https://www.youtube.com/watch?v=QhMiz85f9ww,Heterodidaskaleō,ἑτεροδιδασκαλέω,teach other doctrine
https://www.youtube.com/watch?v=UoJ5LmAMU28,Mythos,μῦθος,myth
https://www.youtube.com/watch?v=EsHmIR1eQzE,Genealogia,γενεαλογία,genealogy
https://www.youtube.com/watch?v=EIIpEkn_tCM,Aperantos,ἀπέραντος,endless
https://www.youtube.com/watch?v=oa3sm5bRCZ4,Ekzētēsis,ἐκζήτησις,useless speculation
https://www.youtube.com/watch?v=rL_p6PNxeYs,Astocheō,ἀστοχέω,deviate; depart
https://www.youtube.com/watch?v=S-Qv0GRFDI8,Ektrepō,ἐκτρέπω,turn away
https://www.youtube.com/watch?v=cP02WhZVfZc,Mataiologia,ματαιολογία,empty; fruitless talk
https://www.youtube.com/watch?v=hlpcoqyCv5s,Diabebaioomai,διαβεβαιόομαι,speak confidently
https://www.youtube.com/watch?v=0XGSTpRxmrY,Nomimōs,νομίμως,correctly
https://www.youtube.com/watch?v=cRE1HKLAwlU,Anypotaktos,ἀνυπότακτος,independent; rebellious
https://www.youtube.com/watch?v=jU8bmNWVQpI,Anosios,ἀνόσιος,unholy
https://www.youtube.com/watch?v=WNbewgIxI0I,Bebēlos,βέβηλος,impure; profane; common
https://www.youtube.com/watch?v=g60jnmUTWqU,Patrolōas,πατρολῴας,one who kills his father
https://www.youtube.com/watch?v=PDCBs7CoXNM,Mētrolōas,μητρολῴας,one who kills his mother
https://www.youtube.com/watch?v=lfcjIPajbiw,Androphonos,ἀνδροφόνος,man-slaying
https://www.youtube.com/watch?v=l7iJn5mHn54,Andrapodistēs,ἀνδραποδιστής,slave dealer; kidnapper
https://www.youtube.com/watch?v=A9o7_dJfbxQ,Epiorkos,ἐπίορκος,falsely sworn; perjured
https://www.youtube.com/watch?v=mTdnS8iHr2g,Diōktēs,διώκτης,persecutor
https://www.youtube.com/watch?v=9ggSYt1NZKw,Hyperpleonazō,ὑπερπλεονάζω,abound
https://www.youtube.com/watch?v=opg1eASDnoE,Apodochē,ἀποδοχή,acceptance
https://www.youtube.com/watch?v=bi3qtRnP3Z0,Hypotypōsis,ὑποτύπωσις,prototype; example; pattern
https://www.youtube.com/watch?v=LG9ix_Ag8Zo,Enteuxis,ἔντευξις,intercession; petition
https://www.youtube.com/watch?v=9J9rxGUyBJg,Ēremos,ἤρεμος,quiet; tranquil
https://www.youtube.com/watch?v=HGaNKhrqL4s,Hēsychios,ἡσύχιος,quiet
https://www.youtube.com/watch?v=PRvtUSq37Ic,Diagō,διάγω,carry over; across
https://www.youtube.com/watch?v=vk7prWjp170,Semnotēs,σεμνότης,dignity
https://www.youtube.com/watch?v=HLM09cvyEEI,Apodektos,ἀπόδεκτος,acceptable; pleasing
https://www.youtube.com/watch?v=vbxpjRkkW3I,Antilytron,ἀντίλυτρον,ransom
https://www.youtube.com/watch?v=kQG8k1GKs4E,Kēryx,κῆρυξ,herald
https://www.youtube.com/watch?v=htWt2GHsAxg,Katastolē,καταστολή,"attire, clothing"
https://www.youtube.com/watch?v=VMz7XFeg0WU,Kosmios,κόσμιος,appropriate; modest
https://www.youtube.com/watch?v=XTzR9kaLENc,Aidōs,αἰδώς,modest
https://www.youtube.com/watch?v=RR6eMikn7MU,Plegma,πλέγμα,braided hair
https://www.youtube.com/watch?v=hMD7GdtHqI4,Theosebeia,θεοσέβεια,"piety, godliness"
https://www.youtube.com/watch?v=3uNTOMoWIMw,Teknogonia,τεκνογονία,bearing of children
https://www.youtube.com/watch?v=GJli9P0N1qs,Oregō,ὀρέγω,"aspire to, strive for"
https://www.youtube.com/watch?v=APgvIdmNwOU,Anepilēmptos,ἀνεπίλημπτος,irreproachable
https://www.youtube.com/watch?v=VZIeb6lliFc,Nēphalios,νηφάλιος,temperate; sober
https://www.youtube.com/watch?v=lk1PmEaMQN0,Philoxenos,φιλόξενος,hospitable
https://www.youtube.com/watch?v=Uad2RBRl4I0,Didaktikos,διδακτικός,skilled at teaching
https://www.youtube.com/watch?v=r6eAinoKT0w,Paroinos,πάροινος,addicted to wine
https://www.youtube.com/watch?v=20WKBgTg0tg,Plēktēs,πλήκτης,bully; violent
https://www.youtube.com/watch?v=gtQjt_vgtNQ,Amachos,ἄμαχος,peaceable
https://www.youtube.com/watch?v=pBez-Dzxvos,Aphilargyros,ἀφιλάργυρος,not loving money
https://www.youtube.com/watch?v=pMdxGp3hg1I,Neophytos,νεόφυτος,newly converted
https://www.youtube.com/watch?v=ytQBTHNymUg,Dilogos,δίλογος,insincere
https://www.youtube.com/watch?v=lhgCCJkOi7w,Aischrokerdēs,αἰσχροκερδής,avaricious
https://www.youtube.com/watch?v=mqUWwwyL5IA,Bathmos,βαθμός,step; degree
https://www.youtube.com/watch?v=S0_RiMg7UGQ,Bradynō,βραδύνω,"hesitate, delay"
https://www.youtube.com/watch?v=Kk20pX4AcVs,Hedraiōma,ἑδραίωμα,basis; mainstay
https://www.youtube.com/watch?v=zGj221v73U4,Pseudologos,ψευδολόγος,speaking falsely; lying
https://www.youtube.com/watch?v=RHbfSaF3Vf4,Metalēmpsis,μετάλημψις,sharing (in)
https://www.youtube.com/watch?v=AJCQezSUDDE,Ktisma,κτίσμα,created thing
https://www.youtube.com/watch?v=w_-q-TVHATY,Apoblētos,ἀπόβλητος,be thrown away
https://www.youtube.com/watch?v=sw_MP1PBXRI,Entrephō,ἐντρέφω,train in
https://www.youtube.com/watch?v=wdBDI20ODJs,Graōdēs,γραώδης,characteristic of an elderly woman
https://www.youtube.com/watch?v=4GTPEw_M7S4,Gymnazō,γυμνάζω,harass; vex
https://www.youtube.com/watch?v=js_P59lqvs8,Gymnasia,γυμνασία,contest
https://www.youtube.com/watch?v=rTdZXkEJY-8,Ōphelimos,ὠφέλιμος,beneficial; useful
https://www.youtube.com/watch?v=93353stRudw,Hagneia,ἁγνεία,purity
https://www.youtube.com/watch?v=U8UNOuf8ypc,Epiplēssō,ἐπιπλήσσω,"rebuke, reprove"
https://www.youtube.com/watch?v=UaF6dXvSLuQ,Ekgonos,ἔκγονος,born of
https://www.youtube.com/watch?v=GLIIZj8YhO0,Progonos,πρόγονος,forefather; ancestor
https://www.youtube.com/watch?v=OD6YzpDnR9o,Monoō,μονόω,leave alone; forsake
https://www.youtube.com/watch?v=SbMUenIayFk,Spatalaō,σπαταλάω,live lewdly; run riot
https://www.youtube.com/watch?v=4bViU8rGOHU,Katalegō,καταλέγω,accuse of; tell; recount
https://www.youtube.com/watch?v=hylKTU5LP38,Teknotropheō,τεκνοτροφέω,bring up children
https://www.youtube.com/watch?v=Jh1h1Il2LTY,Xenodocheō,ξενοδοχέω,show hospitality
https://www.youtube.com/watch?v=HYMf30evk3g,Eparkeō,ἐπαρκέω,"help, aid"
https://www.youtube.com/watch?v=Z2CtsbaTyhI,Phlyaros,φλύαρος,gossipy
https://www.youtube.com/watch?v=8_mmpxYOLd0,Teknogoneō,τεκνογονέω,bear children
https://www.youtube.com/watch?v=56I9V0VV9iI,Oikodespoteō,οἰκοδεσποτέω,manage a household
https://www.youtube.com/watch?v=b5eQnodqhfU,Loidoria,λοιδορία,"abuse, reproach"
https://www.youtube.com/watch?v=kLcVC-eR5SQ,Prokrima,πρόκριμα,prejudice
https://www.youtube.com/watch?v=Hxsdd05sfzA,Prosklisis,πρόσκλισις,inclination
https://www.youtube.com/watch?v=BoXvHR5PZ9o,Hydropoteō,ὑδροποτέω,drink (only) water
https://www.youtube.com/watch?v=ykHOzypeUIY,Stomachos,στόμαχος,mouth
https://www.youtube.com/watch?v=NBL_8vkLS1o,Prodēlos,πρόδηλος,"clear, evident"
https://www.youtube.com/watch?v=sgfuryW8xuk,Noseō,νοσέω,be sick
https://www.youtube.com/watch?v=rE0qqGkeQ-0,Logomachia,λογομαχία,dispute about words
https://www.youtube.com/watch?v=ixug4T07Uh8,Hyponoia,ὑπόνοια,suspicion
https://www.youtube.com/watch?v=He81VSxF6kY,Diaparatribē,διαπαρατριβή,constant friction
https://www.youtube.com/watch?v=ejFJJ-_HN6E,Porismos,πορισμός,gain; means of gain
https://www.youtube.com/watch?v=BpJScdkxnuk,Diatrophē,διατροφή,food; nourishment
https://www.youtube.com/watch?v=U24fFrxmpkY,Skepasma,σκέπασμα,covering
https://www.youtube.com/watch?v=EIjqt0II624,Blaberos,βλαβερός,harmful
https://www.youtube.com/watch?v=zw4GFTEIrF4,Philargyria,φιλαργυρία,love of money
https://www.youtube.com/watch?v=H6AWBEoHfqU,Peripeirō,περιπείρω,pierce
https://www.youtube.com/watch?v=9f48EA85WB0,Praupathia,πραϋπαθία,gentleness
https://www.youtube.com/watch?v=Fanux1kAGiQ,Aprositos,ἀπρόσιτος,unapproachable
https://www.youtube.com/watch?v=ca8x9h5ulYE,Hypsēlophroneō,ὑψηλοφρονέω,be proud; be haughty
https://www.youtube.com/watch?v=OXUgwvdprfs,Adēlotēs,ἀδηλότης,uncertainty
https://www.youtube.com/watch?v=GdaN1wycOYQ,Apolausis,ἀπόλαυσις,enjoyment
https://www.youtube.com/watch?v=I7bGVMII-T0,Eumetadotos,εὐμετάδοτος,generous
https://www.youtube.com/watch?v=nKTz3cQ6hB8,Koinōnikos,κοινωνικός,generous; sharing freely
https://www.youtube.com/watch?v=NWAuBSACepU,Apothēsaurizō,ἀποθησαυρίζω,store hoard up; store
https://www.youtube.com/watch?v=oDB9Dco0Tew,Parathēkē,παραθήκη,anything entrusted to one
https://www.youtube.com/watch?v=xeNh_c6x_s0,Kenophōnia,κενοφωνία,chatter; empty talk
https://www.youtube.com/watch?v=WNlVmy6IT-M,Antithesis,ἀντίθεσις,contradiction
https://www.youtube.com/watch?v=uvCBvoB32JQ,Pseudōnymos,ψευδώνυμος,falsely bearing a name
https://www.youtube.com/watch?v=m9BDE-oc4C4,Hypomnēsis,ὑπόμνησις,reminder; reminding
https://www.youtube.com/watch?v=zHpZL7GbfbM,Mammē,μάμμη,grandmother
https://www.youtube.com/watch?v=FwO_g7AxFGE,Anazōpyreō,ἀναζωπυρέω,rekindle
https://www.youtube.com/watch?v=RiKsGazDK_M,Deilia,δειλία,cowardice
https://www.youtube.com/watch?v=X5LMovurDE8,Sōphronismos,σωφρονισμός,advice; prudence
https://www.youtube.com/watch?v=sTThGR7FruE,Synkakopatheō,συγκακοπαθέω,suffer together with someone
https://www.youtube.com/watch?v=t3siUxzJntc,Anapsychō,ἀναψύχω,cool
https://www.youtube.com/watch?v=B4Ep-3ogqCU,Beltiōn,βελτίων,better
https://www.youtube.com/watch?v=UceV_oeiIDc,Emplekō,ἐμπλέκω,be entangled
https://www.youtube.com/watch?v=w-JsBtvpxcM,Pragmateia,πραγματεία,"activity, occupation"
https://www.youtube.com/watch?v=9mYW8pr9740,Stratologeō,στρατολογέω,enlist soldiers
https://www.youtube.com/watch?v=Xcl_PPIjwDE,Athleō,ἀθλέω,compete
https://www.youtube.com/watch?v=2g1iry-Ws7I,Stephanoō,στεφανόω,be put round
https://www.youtube.com/watch?v=LWb7IJO_MK4,Kakopatheō,κακοπαθέω,suffer
https://www.youtube.com/watch?v=JcXuFDYNGoQ,Logomacheō,λογομαχέω,dispute about words
https://www.youtube.com/watch?v=Q_qaZtlpBpw,Chrēsimos,χρήσιμος,"useful, beneficial"
https://www.youtube.com/watch?v=dCRDvFQvc0U,Katastrophē,καταστροφή,destruction; overthrow
https://www.youtube.com/watch?v=6qiaM35AREM,Anepaischyntos,ἀνεπαίσχυντος,having no need to be ashamed
https://www.youtube.com/watch?v=S0XPrNnXzKQ,Orthotomeō,ὀρθοτομέω,cut in a straight line
https://www.youtube.com/watch?v=LeNmbH0pf18,Gangraina,γάγγραινα,gangrene; cancer
https://www.youtube.com/watch?v=oNJ-gtBN9CE,Anatrepō,ἀνατρέπω,cause to fall; ruin
https://www.youtube.com/watch?v=_9kxL04lkj8,Stereos,στερεός,"firm, solid"
https://www.youtube.com/watch?v=cEbrbbthAfY,Xylinos,ξύλινος,of wood; wooden
https://www.youtube.com/watch?v=-bA0UqgKjBg,Euchrēstos,εὔχρηστος,useful
https://www.youtube.com/watch?v=ve_gs-gxVYU,Neōterikos,νεωτερικός,natural to a youth
https://www.youtube.com/watch?v=NnTISIxGEKo,Apaideutos,ἀπαίδευτος,uneducated; foolish
https://www.youtube.com/watch?v=2hsSWnr1Eqc,Ēpios,ἤπιος,gentle
https://www.youtube.com/watch?v=uCPYkkFd3ZA,Anexikakos,ἀνεξίκακος,patient; tolerant
https://www.youtube.com/watch?v=qo6PKIZwrdQ,Antidiatithēmi,ἀντιδιατίθημι,oppose oneself; be opposed
https://www.youtube.com/watch?v=qor_8eYBykQ,Ananēphō,ἀνανήφω,come to one’s senses again
https://www.youtube.com/watch?v=Hhboikvrq5E,Philautos,φίλαυτος,loving oneself
https://www.youtube.com/watch?v=m5eaxEDBIVU,Aspondos,ἄσπονδος,irreconcilable
https://www.youtube.com/watch?v=PBQ_1Cnd65E,Akratēs,ἀκρατής,lacking self-control
https://www.youtube.com/watch?v=Y0ndKZu95Z0,Anēmeros,ἀνήμερος,"savage, brutal"
https://www.youtube.com/watch?v=1udwlqMn8YE,Philēdonos,φιλήδονος,loving pleasure
https://www.youtube.com/watch?v=nlCY0UWeGlQ,Philotheos,φιλόθεος,devout
https://www.youtube.com/watch?v=EV42XR2zRYo,Apotrepō,ἀποτρέπω,turn
https://www.youtube.com/watch?v=EbY1oPnY5EE,Endynō,ἐνδύνω,retire within; slip in
https://www.youtube.com/watch?v=WxsGgL4M9-E,Gynaikarion,γυναικάριον,idle/foolish/weak woman
https://www.youtube.com/watch?v=f6WA-xqcfIE,Mēdepote,μηδέποτε,never
https://www.youtube.com/watch?v=kIxlWE-XysI,Kataphtheirō,καταφθείρω,destroy or spoil; destroy
https://www.youtube.com/watch?v=exss2Fw9nNM,Ekdēlos,ἔκδηλος,conspicuous
https://www.youtube.com/watch?v=u4VuhnPoMOE,Agōgē,ἀγωγή,manner of life
https://www.youtube.com/watch?v=QWLPIE43x4w,Eusebōs,εὐσεβῶς,godly; in a godly manner
https://www.youtube.com/watch?v=bhKEdedzFKc,Pistoō,πιστόω,feel confidence; be convinced
https://www.youtube.com/watch?v=Z-pcv50hAwU,Sophizō,σοφίζω,make wise
https://www.youtube.com/watch?v=IO1Ts7220PY,Theopneustos,θεόπνευστος,inspired by God
https://www.youtube.com/watch?v=FxlgrftCl94,Elegmos,ἐλεγμός,conviction; refutation
https://www.youtube.com/watch?v=JuLS0nIbp6c,Epanorthōsis,ἐπανόρθωσις,correction; improvement
https://www.youtube.com/watch?v=33phmfUK2XM,Artios,ἄρτιος,complete
https://www.youtube.com/watch?v=AwsvpXOJFYg,Akairōs,ἀκαίρως,ill-timed; unseasonable
https://www.youtube.com/watch?v=-47sGXDrBoc,Episōreuō,ἐπισωρεύω,heap up; accumulate
https://www.youtube.com/watch?v=T-ltpGYdc_M,Analysis,ἀνάλυσις,departure
https://www.youtube.com/watch?v=eRlx8j6QujY,Phailonēs,φαιλόνης,cloak
https://www.youtube.com/watch?v=VyqCGYP_jy4,Apoleipō,ἀπολείπω,leave behind
https://www.youtube.com/watch?v=mDYKmb5jEMY,Membrana,μεμβράνα,parchment
https://www.youtube.com/watch?v=8pKjyZWo1Ck,Chalkeus,χαλκεύς,metalworker
https://www.youtube.com/watch?v=4lgKKQj_Nvk,Leōn,λέων,lion
https://www.youtube.com/watch?v=-7pali6G0ck,Apseudēs,ἀψευδής,free from all deceit
https://www.youtube.com/watch?v=OXuaKoUjdpU,Epidiorthoō,ἐπιδιορθόω,set right
https://www.youtube.com/watch?v=Y_zIjfLave8,Authadēs,αὐθάδης,arrogant; stubborn
https://www.youtube.com/watch?v=l9hnTKdX3Rs,Orgilos,ὀργίλος,inclined to anger
https://www.youtube.com/watch?v=w9K3nCXnFnI,Philagathos,φιλάγαθος,loving good
https://www.youtube.com/watch?v=9M9jL947DHo,Enkratēs,ἐγκρατής,having possession of
https://www.youtube.com/watch?v=a20UPTYyp8s,Mataiologos,ματαιολόγος,talking idly
https://www.youtube.com/watch?v=xOC4--NGtRM,Phrenapatēs,φρεναπάτης,deceiver; misleader
https://www.youtube.com/watch?v=e5vB8zCgrCU,Epistomizō,ἐπιστομίζω,silence
https://www.youtube.com/watch?v=5z4RjbeUj1Q,Bdelyktos,βδελυκτός,abhorrent
https://www.youtube.com/watch?v=a_FNJR1urZQ,Presbytis,πρεσβῦτις,elderly
https://www.youtube.com/watch?v=d2GFhVXm8QM,Katastēma,κατάστημα,behavior
https://www.youtube.com/watch?v=g9lIovaJc2k,Hieroprepēs,ἱεροπρεπής,holy
https://www.youtube.com/watch?v=8lA795Hqh-w,Kalodidaskalos,καλοδιδάσκαλος,teaching what is good
https://www.youtube.com/watch?v=IVAG9Fe6GTg,Sōphronizō,σωφρονίζω,"encourage, urge"
https://www.youtube.com/watch?v=L92jTB3pwa8,Philandros,φίλανδρος,loving one's husband
https://www.youtube.com/watch?v=wrKfamlVQd8,Philoteknos,φιλότεκνος,loving one’s children
https://www.youtube.com/watch?v=dZt_gQzRFmc,Oikourgos,οἰκουργός,busy at home
https://www.youtube.com/watch?v=KZdrZCghLg8,Aphthoria,ἀφθορία,soundness
https://www.youtube.com/watch?v=lMZF7NCJbeI,Akatagnōstos,ἀκατάγνωστος,beyond reproach
https://www.youtube.com/watch?v=LAyLKSa_NCg,Kosmikos,κοσμικός,earthly; worldly
https://www.youtube.com/watch?v=EI9A3xhy_rE,Sōphronōs,σωφρόνως,self-controlled; soberly
https://www.youtube.com/watch?v=-DW7Uh7C5r4,Periousios,περιούσιος,"chosen, especial"
https://www.youtube.com/watch?v=qa1hAnK5q_0,Periphroneō,περιφρονέω,disregard
https://www.youtube.com/watch?v=wdxYA78h_Lc,Stygētos,στυγητός,despicable
https://www.youtube.com/watch?v=Nai7nO-GS4s,Phrontizō,φροντίζω,be intent on; be careful to
https://www.youtube.com/watch?v=puZBJ9EpffI,Anōphelēs,ἀνωφελής,unprofitable; useless
https://www.youtube.com/watch?v=LGRxF0Ntrp4,Hairetikos,αἱρετικός,factious; divisive
https://www.youtube.com/watch?v=qViK_CX6IYA,Ekstrephō,ἐκστρέφω,pervert
https://www.youtube.com/watch?v=xD-SDD2KNoQ,Achrēstos,ἄχρηστος,useless
https://www.youtube.com/watch?v=jR7XIDf19RQ,Hekousios,ἑκούσιος,of free will; voluntary
https://www.youtube.com/watch?v=PCzUQxqHsyc,Apotinō,ἀποτίνω,pay back
https://www.youtube.com/watch?v=ObX6ip33LPc,Prosopheilō,προσοφείλω,owe besides
https://www.youtube.com/watch?v=sojXB0_fVC4,Oninēmi,ὀνίνημι,benefit; profit; help; assist
https://www.youtube.com/watch?v=4-RRJ2Ebnts,Polymerōs,πολυμερῶς,in many parts
https://www.youtube.com/watch?v=yy_uWy3ex-0,Polytropōs,πολυτρόπως,in many ways
https://www.youtube.com/watch?v=7kHEw7XFjTY,Apaugasma,ἀπαύγασμα,brightness; radiance
https://www.youtube.com/watch?v=2sPRPbz6IlQ,Charaktēr,χαρακτήρ,character; mark engraved
https://www.youtube.com/watch?v=q4BdaVg6VaY,Megalōsynē,μεγαλωσύνη,greatness; majesty
https://www.youtube.com/watch?v=Op0NHSmDePg,Euthytēs,εὐθύτης,righteousness
https://www.youtube.com/watch?v=nkvxYSvorC8,Helissō,ἑλίσσω,roll up
https://www.youtube.com/watch?v=fAEn437XZtE,Leitourgikos,λειτουργικός,engaged in special service
https://www.youtube.com/watch?v=0XzptR80I4g,Pararreō,παραρρέω,be washed away; drift away
https://www.youtube.com/watch?v=8jk89JtovTE,Misthapodosia,μισθαποδοσία,recompense
https://www.youtube.com/watch?v=mVk2zjXBZrM,Synepimartyreō,συνεπιμαρτυρέω,testify at the same time
https://www.youtube.com/watch?v=KKfuaVwPxuI,Merismos,μερισμός,distribution; division
https://www.youtube.com/watch?v=KpqgsMANHFU,Thelēsis,θέλησις,will
https://www.youtube.com/watch?v=HUo40c5VyHU,Paraplēsiōs,παραπλησίως,in like manner
https://www.youtube.com/watch?v=SLijkybjHSY,Dēpou,δήπου,"of course, surely"
https://www.youtube.com/watch?v=XM_DRoQE-x8,Therapōn,θεράπων,"attendant, aide"
https://www.youtube.com/watch?v=oHNJZs4BIhI,Parapikrasmos,παραπικρασμός,rebellion
https://www.youtube.com/watch?v=qIJOamnTjwU,Dokimasia,δοκιμασία,test; assay; trial
https://www.youtube.com/watch?v=34X1feOFsyU,Prosochthizō,προσοχθίζω,be angry with
https://www.youtube.com/watch?v=Of0joMLrK-E,Eanper,ἐάνπερ,if indeed; if only
https://www.youtube.com/watch?v=TbM1L--OTd8,Parapikrainō,παραπικραίνω,be disobedient
https://www.youtube.com/watch?v=JEU_fzr4s6Y,Kōlon,κῶλον,dead body; corpse
https://www.youtube.com/watch?v=HOW-tY4J29E,Sabbatismos,σαββατισμός,sabbath rest
https://www.youtube.com/watch?v=OpSpwILyPNY,Tomos,τομός,"cutting, sharp"
https://www.youtube.com/watch?v=BsxH6mWciPM,Distomos,δίστομος,double-edged
https://www.youtube.com/watch?v=V4vWWOayT5g,Diikneomai,διϊκνέομαι,go through; penetrate
https://www.youtube.com/watch?v=OfAIDFaU1nE,Harmos,ἁρμός,joint
https://www.youtube.com/watch?v=9w1wHfU8NwI,Myelos,μυελός,marrow
https://www.youtube.com/watch?v=bqQ9085eh3Q,Kritikos,κριτικός,able to discern
https://www.youtube.com/watch?v=YB8BZhXOQ9g,Aphanēs,ἀφανής,"invisible, hidden"
https://www.youtube.com/watch?v=AjPTQQ-RqH0,Trachēlizō,τραχηλίζω,lay bare
https://www.youtube.com/watch?v=U4EoNLvDEuM,Sympatheō,συμπαθέω,sympathize with
https://www.youtube.com/watch?v=FOodBTGMiDI,Homoiotēs,ὁμοιότης,likeness
https://www.youtube.com/watch?v=n9WIG-f_IZg,Metriopatheō,μετριοπαθέω,deal gently
https://www.youtube.com/watch?v=qODPzWSxfqc,Kathōsper,καθώσπερ,even as; just as
https://www.youtube.com/watch?v=hcLfGiLB7q4,Hiketēria,ἱκετηρία,prayer; supplication
https://www.youtube.com/watch?v=vqskh2-e-TE,Eulabeia,εὐλάβεια,"awe, fear of God"
https://www.youtube.com/watch?v=pSvh7BdH7Jo,Prosagoreuō,προσαγορεύω,call; greet
https://www.youtube.com/watch?v=lFDOQmnoAOI,Dysermēneutos,δυσερμήνευτος,hard to explain
https://www.youtube.com/watch?v=1EWZaFihP54,Nōthros,νωθρός,lazy; slothful; sluggish
https://www.youtube.com/watch?v=UIYuHraAa84,Apeiros,ἄπειρος,boundless; inexperienced
https://www.youtube.com/watch?v=SZIkeq4WBBM,Hexis,ἕξις,maturity
https://www.youtube.com/watch?v=zSsLnh902VI,Aisthētērion,αἰσθητήριον,faculty
https://www.youtube.com/watch?v=LhAqs4xB-GY,Parapiptō,παραπίπτω,"fall away, apostasize"
https://www.youtube.com/watch?v=FCaJD5x9rJE,Anakainizō,ἀνακαινίζω,renew
https://www.youtube.com/watch?v=KQ6vykc869A,Anastauroō,ἀνασταυρόω,crucify
https://www.youtube.com/watch?v=ayqh62IHn1Q,Paradeigmatizō,παραδειγματίζω,disgrace publicly
https://www.youtube.com/watch?v=FBCnd53miYw,Botanē,βοτάνη,grass
https://www.youtube.com/watch?v=j6XSeGl8WIY,Geōrgeō,γεωργέω,cultivate
https://www.youtube.com/watch?v=ySxwtcZtVbw,Kausis,καῦσις,burning
https://www.youtube.com/watch?v=Z7LiRJQJCkY,Antilogia,ἀντιλογία,contradiction
https://www.youtube.com/watch?v=fVVGbaHIzQY,Ametathetos,ἀμετάθετος,immutable; unchangeable
https://www.youtube.com/watch?v=60wFEaHRV-k,Mesiteuō,μεσιτεύω,guarantee
https://www.youtube.com/watch?v=gR3VQB-lwPE,Prodromos,πρόδρομος,before; forerunner
https://www.youtube.com/watch?v=GOr0xQ_q4x4,Kopē,κοπή,cutting down
https://www.youtube.com/watch?v=jcvHZPg3biY,Apatōr,ἀπάτωρ,without father
https://www.youtube.com/watch?v=q7_k6sHG-uc,Agenealogētos,ἀγενεαλόγητος,without genealogy
https://www.youtube.com/watch?v=iF-iiu2DY4A,Aphomoioō,ἀφομοιόω,make like; compare
https://www.youtube.com/watch?v=xV0tNwB2Myw,Diēnekēs,διηνεκής,continuous
https://www.youtube.com/watch?v=TVb8AAO3gnA,Akrothinion,ἀκροθίνιον,spoils
https://www.youtube.com/watch?v=HEk_yw4SY14,Genealogeō,γενεαλογέω,trace by way of pedigree
https://www.youtube.com/watch?v=q1oB3fAY3dM,Dekatoō,δεκατόω,collect tithes; pay tithes
https://www.youtube.com/watch?v=VRqNKfoweDE,Hierōsynē,ἱερωσύνη,priesthood
https://www.youtube.com/watch?v=XAe1VjVbosM,Nomotheteō,νομοθετέω,legislate; make law; instruct
https://www.youtube.com/watch?v=le_B1WWEVX8,Metathesis,μετάθεσις,change to
https://www.youtube.com/watch?v=JIcG1QU8lrg,Katadēlos,κατάδηλος,very clear
https://www.youtube.com/watch?v=9zD7agJJUGE,Akatalytos,ἀκατάλυτος,endless
https://www.youtube.com/watch?v=0thmg8LFycE,Athetēsis,ἀθέτησις,annulment; setting aside
https://www.youtube.com/watch?v=O4WwQcwtlV4,Epeisagōgē,ἐπεισαγωγή,"bringing in, introduction"
https://www.youtube.com/watch?v=kmVgTDTBrx8,Horkōmosia,ὁρκωμοσία,"oath-taking, oath"
https://www.youtube.com/watch?v=WlUsJIiQFFc,Engyos,ἔγγυος,secured; reliable
https://www.youtube.com/watch?v=KIPGpyAzxaY,Aparabatos,ἀπαράβατος,"permanent, unchangeable"
https://www.youtube.com/watch?v=ARACH3LWvNc,Amiantos,ἀμίαντος,undefiled
https://www.youtube.com/watch?v=dfC-XKOQiq0,Pēgnymi,πήγνυμι,make fast
https://www.youtube.com/watch?v=I5oA7tln87E,Aphanismos,ἀφανισμός,destruction
https://www.youtube.com/watch?v=d3SOXDPXHmk,Thymiatērion,θυμιατήριον,censer
https://www.youtube.com/watch?v=9KlsQidNJK8,Stamnos,στάμνος,jar
https://www.youtube.com/watch?v=7UngBWiRiEo,Kataskiazō,κατασκιάζω,overshadow
https://www.youtube.com/watch?v=KbuD3akyosk,Agnoēma,ἀγνόημα,fault of ignorance; mistake
https://www.youtube.com/watch?v=U6yoRninQE4,Katharotēs,καθαρότης,cleanness; purity
https://www.youtube.com/watch?v=CbuIQJiRkLk,Enkainizō,ἐγκαινίζω,inaugurate; ratify; open
https://www.youtube.com/watch?v=Q6iIZRV2a7w,Haimatekchysia,αἱματεκχυσία,shedding of blood
https://www.youtube.com/watch?v=UepUZWDYC2o,Antitypos,ἀντίτυπος,"copy, antitype"
https://www.youtube.com/watch?v=9kTGMj6Rpzg,Kephalis,κεφαλίς,capital; base; extremity
https://www.youtube.com/watch?v=6k1gIgiANlk,Prosphatos,πρόσφατος,fresh; new; lately slain
https://www.youtube.com/watch?v=vGJSklzxurk,Aklinēs,ἀκλινής,unwavering
https://www.youtube.com/watch?v=vte6QjEFuAM,Hekousiōs,ἑκουσίως,deliberately; intentionally
https://www.youtube.com/watch?v=rOSANGvR4cQ,Phoberos,φοβερός,"causing fear, fearful"
https://www.youtube.com/watch?v=rpSoxHk9brQ,Ekdochē,ἐκδοχή,expectation
https://www.youtube.com/watch?v=fmgIbk1yG3U,Timōria,τιμωρία,punishment
https://www.youtube.com/watch?v=t93KCDmqN1A,Enybrizō,ἐνυβρίζω,insult
https://www.youtube.com/watch?v=bzK9ODyB7UA,Theatrizō,θεατρίζω,make a spectacle of
https://www.youtube.com/watch?v=9ADsF9ExvDk,Hypostolē,ὑποστολή,"hesitancy, timidity"
https://www.youtube.com/watch?v=kpX44_eAwIc,Elenchos,ἔλεγχος,cross-examining
https://www.youtube.com/watch?v=v5rw-sXVd2k,Euaresteō,εὐαρεστέω,be pleasing/pleased
https://www.youtube.com/watch?v=7mz0JUMCjMU,Misthapodotēs,μισθαποδότης,rewarder
https://www.youtube.com/watch?v=QTjiofZBQKk,Mēdepō,μηδέπω,not yet
https://www.youtube.com/watch?v=Uwx-O8invEk,Eulabeomai,εὐλαβέομαι,be afraid; reverence
https://www.youtube.com/watch?v=zhlbKvjTBuM,Dēmiourgos,δημιουργός,builder; maker; creator
https://www.youtube.com/watch?v=VwD5Mxf5NFg,Anarithmētos,ἀναρίθμητος,countless; not to be counted
https://www.youtube.com/watch?v=XlZ1KexQYaU,Parepidēmos,παρεπίδημος,sojourner; temporary resident
https://www.youtube.com/watch?v=8_hLQ4zhTJo,Ekbainō,ἐκβαίνω,go out
https://www.youtube.com/watch?v=qUIXcS2dxP0,Trimēnos,τρίμηνος,of three months
https://www.youtube.com/watch?v=5_Eg78IVUSw,Diatagma,διάταγμα,command
https://www.youtube.com/watch?v=AFPBLOmckEk,Synkakoucheomai,συγκακουχέομαι,suffer with
https://www.youtube.com/watch?v=pFGb9Dmkzrk,Apoblepō,ἀποβλέπω,gaze steadfastly
https://www.youtube.com/watch?v=LQBJng39PVw,Kartereō,καρτερέω,be strong; endure
https://www.youtube.com/watch?v=WvoVQ1XyDPA,Proschysis,πρόσχυσις,pouring; sprinkling
https://www.youtube.com/watch?v=d3oirdAE2kQ,Olothreuō,ὀλοθρεύω,destroy
https://www.youtube.com/watch?v=lSNfhYZS5Qc,Peira,πεῖρα,"attempt, trial"
https://www.youtube.com/watch?v=3dHN_EcR0dA,Synapollymi,συναπόλλυμι,destroy together
https://www.youtube.com/watch?v=gvgLVn8leds,Kataskopos,κατάσκοπος,spy
https://www.youtube.com/watch?v=QOIXwvCCsGg,Epileipō,ἐπιλείπω,fail
https://www.youtube.com/watch?v=YeKEMfcaKuY,Katagōnizomai,καταγωνίζομαι,"conquer, defeat"
https://www.youtube.com/watch?v=v-fiFFEEe-I,Tympanizō,τυμπανίζω,drum
https://www.youtube.com/watch?v=r_wvMiDPywo,Empaigmos,ἐμπαιγμός,mockery; mocking
https://www.youtube.com/watch?v=ONrI0PClYfQ,Prizō,πρίζω,saw
https://www.youtube.com/watch?v=eJm5u61p5f4,Mēlōtē,μηλωτή,sheepskin
https://www.youtube.com/watch?v=OKG6KLVqDCk,Aigeios,αἴγειος,goat; of a goat
https://www.youtube.com/watch?v=udtTTUF52wo,Derma,δέρμα,skin
https://www.youtube.com/watch?v=YwrIJPLGIs0,Kakoucheō,κακουχέω,mistreat
https://www.youtube.com/watch?v=8wTeJI_Z1L0,Opē,ὀπή,"opening, hole"
https://www.youtube.com/watch?v=a5QlwxKFyEg,Nephos,νέφος,cloud
https://www.youtube.com/watch?v=Y9gLAzem1IA,Onkos,ὄγκος,barb of an arrow
https://www.youtube.com/watch?v=TrTomH0quCk,Euperistatos,εὐπερίστατος,easily ensnaring
https://www.youtube.com/watch?v=vrbXuniqh-Y,Teleiōtēs,τελειωτής,perfecter
https://www.youtube.com/watch?v=cGYb4tz1K1I,Analogizomai,ἀναλογίζομαι,consider
https://www.youtube.com/watch?v=8vN0oCleU-U,Kamnō,κάμνω,be weary/ill
https://www.youtube.com/watch?v=ASZSYTeVNes,Antikathistēmi,ἀντικαθίστημι,"oppose, resist"
https://www.youtube.com/watch?v=2A5bf5xRI4A,Antagōnizomai,ἀνταγωνίζομαι,struggle
https://www.youtube.com/watch?v=NwzJakJHf18,Eklanthanomai,ἐκλανθάνομαι,forget (altogether)
https://www.youtube.com/watch?v=F71MT5aBoGo,Oligōreō,ὀλιγωρέω,dispise; esteem lightly
https://www.youtube.com/watch?v=5pYY0iacpU8,Nothos,νόθος,bastard
https://www.youtube.com/watch?v=b3lrKa2SFE8,Eirēnikos,εἰρηνικός,peaceful
https://www.youtube.com/watch?v=wZlk5kqzJKE,Trochia,τροχιά,path; wheel track
https://www.youtube.com/watch?v=MQGtl9i6yFU,Episkopeō,ἐπισκοπέω,examine; look upon; observe
https://www.youtube.com/watch?v=1yFEtlBxkkg,Prōtotokia,πρωτοτόκια,birthright
https://www.youtube.com/watch?v=V_3xW0qqL8A,Metepeita,μετέπειτα,afterwards
https://www.youtube.com/watch?v=Bvu74_ITjNg,Gnophos,γνόφος,darkness
https://www.youtube.com/watch?v=-X9nV3Mt6Rk,Zophos,ζόφος,darkness; gloom
https://www.youtube.com/watch?v=bIvFRmtrlKU,Thyella,θύελλα,furious storm
https://www.youtube.com/watch?v=aFBDm3AAlMs,Phantazō,φαντάζω,"become visible, appear"
https://www.youtube.com/watch?v=XWJ2VLwyBPo,Panēgyris,πανήγυρις,festal gathering
https://www.youtube.com/watch?v=kt9zrR0fbms,Euarestōs,εὐαρέστως,in an acceptable manner
https://www.youtube.com/watch?v=5tggyewJpcU,Deos,δέος,awe
https://www.youtube.com/watch?v=ozx4bH64GmE,Katanaliskō,καταναλίσκω,consume
https://www.youtube.com/watch?v=9bQ2tsuHD_k,Syndeō,συνδέω,bind or tie together
https://www.youtube.com/watch?v=hZLyytH39Ts,Boēthos,βοηθός,helper
https://www.youtube.com/watch?v=_gcOIgQfdos,Zōon,ζῷον,animal; living being
https://www.youtube.com/watch?v=9Y_i1Pv62kI,Ainesis,αἴνεσις,praise
https://www.youtube.com/watch?v=CO6WPVLrXxc,Eupoiia,εὐποιΐα,doing good
https://www.youtube.com/watch?v=-24hhrmVmjs,Hypeikō,ὑπείκω,retire
https://www.youtube.com/watch?v=B_j0xTc9Kh0,Alysitelēs,ἀλυσιτελής,unprofitable
https://www.youtube.com/watch?v=rsMaJ3Qc_cU,Dokimion,δοκίμιον,testing; genuine
https://www.youtube.com/watch?v=f55cMjlIzxs,Haplōs,ἁπλῶς,simply; in short
https://www.youtube.com/watch?v=7FjU8eOjmKA,Eoika,ἔοικα,as it seems
https://www.youtube.com/watch?v=jKNWmBh4acI,Anemizō,ἀνεμίζω,be driven by the wind
https://www.youtube.com/watch?v=a5Xi5QsxfXE,Dipsychos,δίψυχος,double-minded; doubting
https://www.youtube.com/watch?v=rpqYw6a2WZM,Akatastatos,ἀκατάστατος,restless; unstable; unsettled
https://www.youtube.com/watch?v=Wo95xvcbRVE,Anthos,ἄνθος,blossom
https://www.youtube.com/watch?v=h9rCRnsnN-A,Euprepeia,εὐπρέπεια,beauty
https://www.youtube.com/watch?v=v07MwYpFYoY,Marainō,μαραίνω,"die out, wither"
https://www.youtube.com/watch?v=S7lYPKCCm20,Apeirastos,ἀπείραστος,without temptation
https://www.youtube.com/watch?v=Lk4_eFE_hdE,Exelkō,ἐξέλκω,drag away
https://www.youtube.com/watch?v=q70TAvUBHEs,Deleazō,δελεάζω,"lure, entice"
https://www.youtube.com/watch?v=Xl-9F2_eTUw,Apokyeō,ἀποκυέω,give birth
https://www.youtube.com/watch?v=waISo569fms,Parallagē,παραλλαγή,"change, variation"
https://www.youtube.com/watch?v=Ak61K3WwiAw,Tropē,τροπή,turn; turning; change
https://www.youtube.com/watch?v=SAx9QUBS5-Y,Aposkiasma,ἀποσκίασμα,shadow
https://www.youtube.com/watch?v=1TYQI6pxMOw,Emphytos,ἔμφυτος,implanted
https://www.youtube.com/watch?v=zU4u2wz8gN0,Epilēsmonē,ἐπιλησμονή,forgetfulness
https://www.youtube.com/watch?v=snlDUpz4gx8,Poiēsis,ποίησις,doing
https://www.youtube.com/watch?v=gtdasxukwxE,Chalinagōgeō,χαλιναγωγέω,bridle; hold in check
https://www.youtube.com/watch?v=s9EFXDUcJSg,Prosōpolēmpteō,προσωπολημπτέω,show partiality
https://www.youtube.com/watch?v=m4R4XD7mLVY,Aneleos,ἀνέλεος,merciless
https://www.youtube.com/watch?v=hkYFGVra9eE,Ephēmeros,ἐφήμερος,for the day
https://www.youtube.com/watch?v=4cwwC1roCRM,Epitēdeios,ἐπιτήδειος,convenient; necessary
https://www.youtube.com/watch?v=_csznQ80hns,Phrissō,φρίσσω,be rough or uneven on the surface
https://www.youtube.com/watch?v=0NWoWhWkG9Q,Hippos,ἵππος,horse
https://www.youtube.com/watch?v=yKNWwXRcDTc,Chalinos,χαλινός,"bit, bridle"
https://www.youtube.com/watch?v=kGLcFxNxUes,Metagō,μετάγω,convey from one place to another
https://www.youtube.com/watch?v=uTTcXao4oxE,Aucheō,αὐχέω,boast
https://www.youtube.com/watch?v=UeAPZPurQ-0,Hylē,ὕλη,forest-trees
https://www.youtube.com/watch?v=8JB7ZATGeqY,Spiloō,σπιλόω,defile; stain
https://www.youtube.com/watch?v=HsDIcPO3Ecg,Phlogizō,φλογίζω,set on fire
https://www.youtube.com/watch?v=-Q1zvjA9Dyg,Trochos,τροχός,anything that runs round
https://www.youtube.com/watch?v=SGbVxpam-uI,Enalios,ἐνάλιος,belonging to the sea
https://www.youtube.com/watch?v=S1uu5s-flZc,Thanatēphoros,θανατηφόρος,death-bringing; mortal
https://www.youtube.com/watch?v=Izncle44kAg,Homoiōsis,ὁμοίωσις,likeness
https://www.youtube.com/watch?v=4nppVBeUJCU,Chrē,χρή,it is fated
https://www.youtube.com/watch?v=o4p1kmYG2dg,Bryō,βρύω,be full to bursting
https://www.youtube.com/watch?v=QFMn05WFMJ0,Glykys,γλυκύς,sweet
https://www.youtube.com/watch?v=ycmiQ4XtH0Q,Pikros,πικρός,bitter
https://www.youtube.com/watch?v=wfK-BM76ink,Halykos,ἁλυκός,salt
https://www.youtube.com/watch?v=bq6yTXPBZmw,Epistēmōn,ἐπιστήμων,"expert, learned"
https://www.youtube.com/watch?v=Jxnl8-T-ajE,Daimoniōdēs,δαιμονιώδης,demonic
https://www.youtube.com/watch?v=T0_g8XEmcd4,Eupeithēs,εὐπειθής,"compliant, obedient"
https://www.youtube.com/watch?v=KHu7An1Tkvg,Adiakritos,ἀδιάκριτος,impartial; mixed
https://www.youtube.com/watch?v=b1Mdq4i90rk,Polemeō,πολεμέω,make war
https://www.youtube.com/watch?v=LYKOf-h5POk,Philia,φιλία,friendship
https://www.youtube.com/watch?v=ihRd2xdOSjs,Kenōs,κενῶς,in vain
https://www.youtube.com/watch?v=uSyNPs1EC24,Katoikizō,κατοικίζω,cause to dwell
https://www.youtube.com/watch?v=vr6bGRQw0ps,Talaipōreō,ταλαιπωρέω,endure sorrow
https://www.youtube.com/watch?v=Yoyf3P7Pa_k,Gelōs,γέλως,laughter
https://www.youtube.com/watch?v=p3mTWFwsk4M,Penthos,πένθος,grief
https://www.youtube.com/watch?v=_-CjZmJlTtM,Metatrepō,μετατρέπω,turn around
https://www.youtube.com/watch?v=sY-hlkRNnHU,Katēpheia,κατήφεια,"gloominess, dejection"
https://www.youtube.com/watch?v=sHvqv23Ip2U,Katalaleō,καταλαλέω,"defame, slander"
https://www.youtube.com/watch?v=5UjJwwKG5Cg,Nomothetēs,νομοθέτης,lawgiver
https://www.youtube.com/watch?v=jSzUiGvhYRA,Emporeuomai,ἐμπορεύομαι,be in business; trade
https://www.youtube.com/watch?v=ta7SiMSaHYE,Alazoneia,ἀλαζονεία,arrogance; boastfulness
https://www.youtube.com/watch?v=4i2RhkQAynE,Sētobrōtos,σητόβρωτος,eaten by moths
https://www.youtube.com/watch?v=DBftgZRqAcE,Katioō,κατιόω,become rusty; become corroded
https://www.youtube.com/watch?v=3mWYjfxwwIw,Amaō,ἀμάω,mow
https://www.youtube.com/watch?v=KkiUOsAih_I,Boē,βοή,"cry (out), shout"
https://www.youtube.com/watch?v=woa5hZLtDZ0,Tryphaō,τρυφάω,delight oneself; live softly
https://www.youtube.com/watch?v=QWi3d_2quMM,Proimos,πρόϊμος,early
https://www.youtube.com/watch?v=WaDMl4-M0HM,Opsimos,ὄψιμος,late
https://www.youtube.com/watch?v=GV1G6rtNCYA,Anagennaō,ἀναγεννάω,beget again
https://www.youtube.com/watch?v=sqf6mE1Ct_E,Amarantos,ἀμάραντος,unfading
https://www.youtube.com/watch?v=dsqzgVgfxgw,Aneklalētos,ἀνεκλάλητος,inexpressible
https://www.youtube.com/watch?v=unOpsV6UJ0A,Anazōnnymi,ἀναζώννυμι,"bind up, gird up"
https://www.youtube.com/watch?v=DgrplDmTHDI,Teleiōs,τελείως,completely
https://www.youtube.com/watch?v=5F2L_8RsZ9w,Aprosōpolēmptōs,ἀπροσωπολήμπτως,impartially
https://www.youtube.com/watch?v=G2kxpCFzXXw,Spora,σπορά,seed
https://www.youtube.com/watch?v=iyjN2AajSHg,Artigennētos,ἀρτιγέννητος,newborn
https://www.youtube.com/watch?v=moJEeQ3iWhc,Hierateuma,ἱεράτευμα,priesthood
https://www.youtube.com/watch?v=boOhjzZ3Kes,Kakopoios,κακοποιός,"evil-doer, criminal"
https://www.youtube.com/watch?v=698Q37qUU9g,Epopteuō,ἐποπτεύω,"watch, observe"
https://www.youtube.com/watch?v=P04IMAqi-Dw,Agathopoios,ἀγαθοποιός,doing good; beneficent
https://www.youtube.com/watch?v=Q1mxDE9QaeQ,Epikalymma,ἐπικάλυμμα,cover; veil
https://www.youtube.com/watch?v=qmIU68iMlQs,Adelphotēs,ἀδελφότης,brotherhood
https://www.youtube.com/watch?v=ptt7afZ80_A,Adikōs,ἀδίκως,unjustly
https://www.youtube.com/watch?v=Z_Bf99IpaB8,Hypolimpanō,ὑπολιμπάνω,leave; leave behind
https://www.youtube.com/watch?v=GbUsZeDF3LA,Hypogrammos,ὑπογραμμός,example
https://www.youtube.com/watch?v=gVWda38UbUo,Antiloidoreō,ἀντιλοιδορέω,revile in return
https://www.youtube.com/watch?v=NnfNR01nBsk,Apoginomai,ἀπογίνομαι,die
https://www.youtube.com/watch?v=rPk1Mxxrcj0,Mōlōps,μώλωψ,bruise; wound
https://www.youtube.com/watch?v=0WmhyYrVQRw,Emplokē,ἐμπλοκή,braiding
https://www.youtube.com/watch?v=Tw-6-BZdtxE,Perithesis,περίθεσις,putting on
https://www.youtube.com/watch?v=AlyarPLBByo,Endysis,ἔνδυσις,dressing; entry
https://www.youtube.com/watch?v=avcXXxqUciE,Ptoēsis,πτόησις,fear; terror
https://www.youtube.com/watch?v=rF8ulxCw9b8,Synoikeō,συνοικέω,dwell together
https://www.youtube.com/watch?v=KdOdomAu2Tg,Gynaikeios,γυναικεῖος,female
https://www.youtube.com/watch?v=xvMws4N9_lY,Aponemō,ἀπονέμω,"assign, show, pay, accord"
https://www.youtube.com/watch?v=aJph5z_rQOE,Homophrōn,ὁμόφρων,agreeing
https://www.youtube.com/watch?v=VVM_7e89xjk,Sympathēs,συμπαθής,sympathetic
https://www.youtube.com/watch?v=ncg9_ei8gcM,Philadelphos,φιλάδελφος,brotherly loving
https://www.youtube.com/watch?v=eFRP8OUX-Wo,Apothesis,ἀπόθεσις,removal
https://www.youtube.com/watch?v=_xdzPZMKHOE,Eperōtēma,ἐπερώτημα,appeal
https://www.youtube.com/watch?v=u6_ClAutRbU,Hoplizō,ὁπλίζω,arm; make ready; equip
https://www.youtube.com/watch?v=_NUMOvprDo0,Epiloipos,ἐπίλοιπος,"left, remaining"
https://www.youtube.com/watch?v=vmo2STyyBZ4,Bioō,βιόω,live
https://www.youtube.com/watch?v=vfy8bqV1yMc,Oinophlygia,οἰνοφλυγία,drunkenness
https://www.youtube.com/watch?v=thw1ZOIofe0,Potos,πότος,drinking party
https://www.youtube.com/watch?v=3wgU1Ua0h_0,Anachysis,ἀνάχυσις,wide stream
https://www.youtube.com/watch?v=TFlucTtbarU,Ektenēs,ἐκτενής,"eager, earnest"
https://www.youtube.com/watch?v=3CNfOmvbPa4,Pyrōsis,πύρωσις,burning
https://www.youtube.com/watch?v=HefdFFCRR84,Allotriepiskopos,ἀλλοτριεπίσκοπος,meddler; busybody
https://www.youtube.com/watch?v=wylm3MlIZB8,Ktistēs,κτίστης,creator
https://www.youtube.com/watch?v=lFbKw7kXjgY,Agathopoiia,ἀγαθοποιΐα,doing good
https://www.youtube.com/watch?v=W4DcZh8kHRs,Sympresbyteros,συμπρεσβύτερος,fellow elder
https://www.youtube.com/watch?v=HSUEfxhyIs4,Anankastōs,ἀναγκαστῶς,by compulsion
https://www.youtube.com/watch?v=1SXkE93l9KI,Aischrokerdōs,αἰσχροκερδῶς,in fondness for dishonest gain
https://www.youtube.com/watch?v=jN09riZlkKU,Prothymōs,προθύμως,readily; willingly; zealously
https://www.youtube.com/watch?v=uaWkMVUFdGs,Archipoimēn,ἀρχιποίμην,chief shepherd
https://www.youtube.com/watch?v=sqRSTxoHZVI,Amarantinos,ἀμαράντινος,unfading
https://www.youtube.com/watch?v=tx6n75glI0k,Enkomboomai,ἐγκομβόομαι,put on; clothe
https://www.youtube.com/watch?v=r5u3WWh5GDE,Krataios,κραταιός,"powerful, mighty"
https://www.youtube.com/watch?v=Ob7r4zuJmn8,Ōryomai,ὠρύομαι,roar
https://www.youtube.com/watch?v=OVtAg0-AZgo,Sthenoō,σθενόω,strengthen
https://www.youtube.com/watch?v=WsBTe7W91hc,Epimartyreō,ἐπιμαρτυρέω,bear witness
https://www.youtube.com/watch?v=Vq_vLJUarlo,Syneklektos,συνεκλεκτός,also chosen
https://www.youtube.com/watch?v=hoRtQpsUi-M,Isotimos,ἰσότιμος,equal in honor
https://www.youtube.com/watch?v=7_nyl3sl18E,Epangelma,ἐπάγγελμα,promise
https://www.youtube.com/watch?v=4sdN7hMFHCU,Pareispherō,παρεισφέρω,apply; bring to bear
https://www.youtube.com/watch?v=W8cXKdlg72w,Myōpazō,μυωπάζω,be nearsighted
https://www.youtube.com/watch?v=N-udQXnvzRk,Lēthē,λήθη,forgetfulness
https://www.youtube.com/watch?v=CanchcX682s,Tachinos,ταχινός,coming soon; imminent; swift
https://www.youtube.com/watch?v=hwi3tqpnXbs,Hekastote,ἑκάστοτε,"at any time, always"
https://www.youtube.com/watch?v=8HV80_8qaeo,Mnēmē,μνήμη,memory
https://www.youtube.com/watch?v=6pUZBDbwiQQ,Exakoloutheō,ἐξακολουθέω,follow
https://www.youtube.com/watch?v=rbNitgwp7Tk,Epoptēs,ἐπόπτης,eyewitness
https://www.youtube.com/watch?v=0ggE1WfwFnM,Toiosde,τοιόσδε,such a
https://www.youtube.com/watch?v=hR8xFqj9rfk,Megaloprepēs,μεγαλοπρεπής,"magnificent, sublime,"
https://www.youtube.com/watch?v=cB0_ByZ166E,Prophētikos,προφητικός,prophetic
https://www.youtube.com/watch?v=N5oF8Ir7HKE,Auchmēros,αὐχμηρός,dark; gloomy
https://www.youtube.com/watch?v=AbtbwzVLnI4,Diaugazō,διαυγάζω,dawn
https://www.youtube.com/watch?v=ti142tSnN8w,Epilysis,ἐπίλυσις,explanation
https://www.youtube.com/watch?v=WZ6cNqt5cVw,Pseudodidaskalos,ψευδοδιδάσκαλος,false teacher
https://www.youtube.com/watch?v=vLHDLleedIg,Pareisagō,παρεισάγω,"bring in, introduce"
https://www.youtube.com/watch?v=epuaHH5OXHo,Plastos,πλαστός,"fabricated, false"
https://www.youtube.com/watch?v=_AohrAFU40c,Ekpalai,ἔκπαλαι,long ago
https://www.youtube.com/watch?v=Uv4bJZSf9sI,Argeō,ἀργέω,be idle
https://www.youtube.com/watch?v=H6LhPiTY_dw,Seira,σειρά,cord
https://www.youtube.com/watch?v=hj1rVvzC7R4,Tartaroō,ταρταρόω,hold captive in Tartarus
https://www.youtube.com/watch?v=Em5ttDbSZ3w,Tephroō,τεφρόω,cover with
https://www.youtube.com/watch?v=aymIuSwxMi8,Athesmos,ἄθεσμος,lawless
https://www.youtube.com/watch?v=aXgpXIrqQ48,Enkatoikeō,ἐγκατοικέω,"live, reside"
https://www.youtube.com/watch?v=Aw5hgVMXkBo,Miasmos,μιασμός,defilement
https://www.youtube.com/watch?v=nhhB48a684g,Tolmētēs,τολμητής,bold person
https://www.youtube.com/watch?v=CBPmseyBgJI,Halōsis,ἅλωσις,"capture, catching"
https://www.youtube.com/watch?v=SwXRzsgEg2U,Entryphaō,ἐντρυφάω,delight in; revel
https://www.youtube.com/watch?v=44ZylaBXiOU,Syneuōcheomai,συνευωχέομαι,feast together
https://www.youtube.com/watch?v=XR7fhFDa0cI,Akatapaustos,ἀκατάπαυστος,unceasing
https://www.youtube.com/watch?v=BVXfW1fQSoA,Astēriktos,ἀστήρικτος,unstable; weak
https://www.youtube.com/watch?v=PJiUEr6owuo,Elenxis,ἔλεγξις,rebuke
https://www.youtube.com/watch?v=MbAMWC7Cp8g,Paranomia,παρανομία,lawlessness
https://www.youtube.com/watch?v=QbIomnEBYsA,Paraphronia,παραφρονία,madness
https://www.youtube.com/watch?v=2RFmxs3HyIY,Homichlē,ὁμίχλη,mist
https://www.youtube.com/watch?v=t8lRsyquOBk,Hyperonkos,ὑπέρογκος,"haughty, pompous"
https://www.youtube.com/watch?v=s0BJIbMV6rY,Oligōs,ὀλίγως,scarcely; barely
https://www.youtube.com/watch?v=cu_-1yGSjGw,Hēttaomai,ἡττάομαι,be defeated
https://www.youtube.com/watch?v=p7-Y97rv7_c,Miasma,μίασμα,"misdeed, crime"
https://www.youtube.com/watch?v=nm4vhadUm38,Exerama,ἐξέραμα,vomit
https://www.youtube.com/watch?v=tNXbZvIzqxA,Hys,ὗς,pig
https://www.youtube.com/watch?v=-BoaDpVtQuA,Kylismos,κυλισμός,rolling; wallowing
https://www.youtube.com/watch?v=RLaxayGqk_A,Borboros,βόρβορος,mire; slime
https://www.youtube.com/watch?v=6UZFUODcvzY,Empaigmonē,ἐμπαιγμονή,mocking; scoffing
https://www.youtube.com/watch?v=pQ938AOJ2NQ,Empaiktēs,ἐμπαίκτης,mocker; deceiver
https://www.youtube.com/watch?v=Z4sEI1ytXPE,Kataklyzō,κατακλύζω,"flood, inundate"
https://www.youtube.com/watch?v=w-HiPq1klsc,Chilioi,χίλιοι,thousand
https://www.youtube.com/watch?v=eJkxIXz6SiQ,Bradytēs,βραδύτης,slowness
https://www.youtube.com/watch?v=hOL6wIhyn7Y,Kausoō,καυσόω,be consumed by heat; burn up
https://www.youtube.com/watch?v=eHAbTelNPLw,Tēkō,τήκω,melt
https://www.youtube.com/watch?v=hUPZC25S0T4,Amōmētos,ἀμώμητος,"blameless, unblemished"
https://www.youtube.com/watch?v=8zvenjXRA8U,Dysnoētos,δυσνόητος,hard to understand
https://www.youtube.com/watch?v=KfZbAX1vvdc,Amathēs,ἀμαθής,ignorant
https://www.youtube.com/watch?v=aXm3goB39UM,Strebloō,στρεβλόω,to torture; twist
https://www.youtube.com/watch?v=TBlGobUblto,Stērigmos,στηριγμός,safe position; steadfastness
https://www.youtube.com/watch?v=Hw8zXv6fwS8,Angelia,ἀγγελία,message
https://www.youtube.com/watch?v=YTNyKDWMzwY,Hilasmos,ἱλασμός,expiation; sacrifice
https://www.youtube.com/watch?v=BRs95ATHh0I,Chrisma,χρῖσμα,anointing
https://www.youtube.com/watch?v=-3MqUT2nOf4,Sphazō,σφάζω,slaughter
https://www.youtube.com/watch?v=dYBF4ZANmsg,Nikē,νίκη,victory
https://www.youtube.com/watch?v=jNSvYDS2J1w,Kyria,κυρία,lady
https://www.youtube.com/watch?v=GiWtDuBVd_I,Chartēs,χάρτης,paper
https://www.youtube.com/watch?v=TNe79-o_Zmw,Philoprōteuō,φιλοπρωτεύω,wish to be first
https://www.youtube.com/watch?v=PUsI2tZ36xo,Epidechomai,ἐπιδέχομαι,"receive, welcome"
https://www.youtube.com/watch?v=Q3w0DcrrliU,Phlyareō,φλυαρέω,disparage
https://www.youtube.com/watch?v=Gv7EHWlLEig,Epagōnizomai,ἐπαγωνίζομαι,contend
https://www.youtube.com/watch?v=X2CzWJJeXMA,Pareisdyō,παρεισδύω,slip in stealthily; sneak in
https://www.youtube.com/watch?v=5x8SXHkLNaM,Ekporneuō,ἐκπορνεύω,commit fornication
https://www.youtube.com/watch?v=pGQJjpQVM50,Deigma,δεῖγμα,example
https://www.youtube.com/watch?v=uYO4Hsm9vOg,Hypechō,ὑπέχω,bear; suffer
https://www.youtube.com/watch?v=YHWlAnira_A,Physikōs,φυσικῶς,naturally; by instinct
https://www.youtube.com/watch?v=bdnW2xGEjRk,Spilas,σπιλάς,rock washed by the sea
https://www.youtube.com/watch?v=iWvzQh8HG-E,Phthinopōrinos,φθινοπωρινός,belonging to late autumn
https://www.youtube.com/watch?v=NcKX7YEEDas,Epaphrizō,ἐπαφρίζω,foam up; cause to foam
https://www.youtube.com/watch?v=4hx3wtkG2JU,Planētēs,πλανήτης,wanderer
https://www.youtube.com/watch?v=1RuWLnGKr78,Asebeō,ἀσεβέω,act impiously
https://www.youtube.com/watch?v=ttIBZzh-xdU,Gongystēs,γογγυστής,grumbler
https://www.youtube.com/watch?v=LeQhIyt5Ofc,Mempsimoiros,μεμψίμοιρος,complaining about one’s lot
https://www.youtube.com/watch?v=HguCi3VlUPw,Apodiorizō,ἀποδιορίζω,divide; separate
https://www.youtube.com/watch?v=gyxkS2mfV4Y,Aptaistos,ἄπταιστος,without stumbling
https://www.youtube.com/watch?v=cuCW7JuhNv8,Alpha,ἄλφα,alpha
https://www.youtube.com/watch?v=AE7gd_Uo2Jw,Podērēs,ποδήρης,reaching to the feet
https://www.youtube.com/watch?v=IPi9pH0y6q8,Chalkolibanon,χαλκολίβανον,fine bronze
https://www.youtube.com/watch?v=sf73bp8AwHY,Nephros,νεφρός,kidneys; kidney
https://www.youtube.com/watch?v=mXWjZ2nxuWI,Keramikos,κεραμικός,made of clay
https://www.youtube.com/watch?v=xFPI7X36HmI,Prōinos,πρωϊνός,belonging to the morning
https://www.youtube.com/watch?v=uSCv-T1cdro,Zestos,ζεστός,hot
https://www.youtube.com/watch?v=xh8QMmslQmo,Chliaros,χλιαρός,lukewarm
https://www.youtube.com/watch?v=7jiwkkkDQrk,Emeō,ἐμέω,vomit
https://www.youtube.com/watch?v=lQBD9g78kyg,Enchriō,ἐγχρίω,anoint; rub
https://www.youtube.com/watch?v=XLi2oJJfo10,Zēleuō,ζηλεύω,be eager; be earnest
https://www.youtube.com/watch?v=mdauyhACjhk,Iaspis,ἴασπις,jasper
https://www.youtube.com/watch?v=ESoweDLjTTM,Sardion,σάρδιον,Sardian stone; carnelian
https://www.youtube.com/watch?v=MsE9VC-pB3M,Iris,ἶρις,rainbow
https://www.youtube.com/watch?v=qi4j_ar_mJo,Kyklothen,κυκλόθεν,around
https://www.youtube.com/watch?v=EhaHCQxGtNI,Smaragdinos,σμαράγδινος,emerald; of emerald
https://www.youtube.com/watch?v=6jVmWkrc9Sk,Hyalinos,ὑάλινος,of glass; glassy
https://www.youtube.com/watch?v=PFteRxfOLrU,Krystallos,κρύσταλλος,clear ice
https://www.youtube.com/watch?v=Bs_o99-S-Bs,Petomai,πέτομαι,fly
https://www.youtube.com/watch?v=hsaSq5GRn6U,Katasphragizō,κατασφραγίζω,seal (up)
https://www.youtube.com/watch?v=JZOJY7Pl5TQ,Toxon,τόξον,bow
https://www.youtube.com/watch?v=SesPZVquI-k,Pyrros,πυρρός,Pyrrhus
https://www.youtube.com/watch?v=bM9sjkuqotU,Choinix,χοῖνιξ,choenix; dry measure; quart
https://www.youtube.com/watch?v=eAC9frC6DoE,Krithē,κριθή,barley
https://www.youtube.com/watch?v=ufc6wpFE18s,Pemptos,πέμπτος,fifth
https://www.youtube.com/watch?v=Y3dKZ05-gh0,Trichinos,τρίχινος,made of hair
https://www.youtube.com/watch?v=f8Ts9PvSvf4,Olynthos,ὄλυνθος,edible fruit of the wild fig
https://www.youtube.com/watch?v=cU_lNmzJbC0,Metōpon,μέτωπον,forehead
https://www.youtube.com/watch?v=Gvo2yMc0ShA,Kauma,καῦμα,burning heat
https://www.youtube.com/watch?v=zNB3AU0XM7Y,Hēmiōrion,ἡμιώριον,half an hour
https://www.youtube.com/watch?v=VrAF_Y_jofo,Libanōtos,λιβανωτός,censer
https://www.youtube.com/watch?v=VbbsHnYmMLw,Chalaza,χάλαζα,hail
https://www.youtube.com/watch?v=sp6u0SPx3zg,Apsinthos,ἄψινθος,wormwood
https://www.youtube.com/watch?v=pbg8mTDqgNQ,Plēssō,πλήσσω,strike
https://www.youtube.com/watch?v=0zEw1MFzyaE,Mesouranēma,μεσουράνημα,zenith; midheaven
https://www.youtube.com/watch?v=3WJuTmH7W9w,Basanismos,βασανισμός,torment
https://www.youtube.com/watch?v=X-NoSK4eMLk,Oura,οὐρά,tail
https://www.youtube.com/watch?v=jVPJTm9zg1M,Hippikos,ἱππικός,cavalry
https://www.youtube.com/watch?v=lqzt2SUXabw,Dismyrias,δισμυριάς,twenty thousand
https://www.youtube.com/watch?v=MjZ4gTCHyiI,Pyrinos,πύρινος,fiery
https://www.youtube.com/watch?v=2Rs11wiVFvQ,Hyakinthinos,ὑακίνθινος,hyacinth-colored
https://www.youtube.com/watch?v=8Dh7pOz8eCI,Theiōdēs,θειώδης,sulphurous
https://www.youtube.com/watch?v=mCuxJ2Mm0Lk,Chalkous,χαλκοῦς,brass; copper; bronze
https://www.youtube.com/watch?v=RvNuZCQjwGo,Pharmakon,φάρμακον,drug
https://www.youtube.com/watch?v=H4Q9IJ8DE3A,Mykaomai,μυκάομαι,grate
https://www.youtube.com/watch?v=I0wzAIxnS4s,Drakōn,δράκων,dragon
https://www.youtube.com/watch?v=WzZNcc-xZoU,Diadēma,διάδημα,crown; diadem
https://www.youtube.com/watch?v=5CnkyUU4-oE,Katēgōr,κατήγωρ,accuser
https://www.youtube.com/watch?v=iPjIhNK0dxQ,Potamophorētos,ποταμοφόρητος,swept away by a river
https://www.youtube.com/watch?v=vx_qFFeHLwg,Pardalis,πάρδαλις,leopard
https://www.youtube.com/watch?v=2utTeKGSmVM,Arkos,ἄρκος,bear
https://www.youtube.com/watch?v=IaGZq2onC1c,Hexakosioi,ἑξακόσιοι,six hundred
https://www.youtube.com/watch?v=MoArqkN2yIE,Kitharōdos,κιθαρῳδός,"lyre-player, harpist"
https://www.youtube.com/watch?v=DFd4QkZ9j7U,Kerannymi,κεράννυμι,mix
https://www.youtube.com/watch?v=L0htJC_aUDs,Akratos,ἄκρατος,unmixed
https://www.youtube.com/watch?v=HKFezdEu_pA,Akmazō,ἀκμάζω,be at the prime
https://www.youtube.com/watch?v=4S234yf63fg,Masaomai,μασάομαι,bite
https://www.youtube.com/watch?v=75Rimt3wzzY,Batrachos,βάτραχος,frog
https://www.youtube.com/watch?v=3N5fu-tLd9w,Talantiaios,ταλαντιαῖος,weighing a talent
https://www.youtube.com/watch?v=qfCzRlJBCIs,Chrysoō,χρυσόω,gild/adorn with gold
https://www.youtube.com/watch?v=ZQWlGKwR8bo,Orneon,ὄρνεον,bird
https://www.youtube.com/watch?v=woE26qc2nQY,Strēnos,στρῆνος,luxury
https://www.youtube.com/watch?v=M4LSfTgxSII,Diploō,διπλόω,double
https://www.youtube.com/watch?v=538J_SjoYS0,Strēniaō,στρηνιάω,live in luxury
https://www.youtube.com/watch?v=YFCdEWhhPPM,Byssinos,βύσσινος,fine linen
https://www.youtube.com/watch?v=v6ZSlETTYz4,Sirikos,σιρικός,silk
https://www.youtube.com/watch?v=K4b3kCCqFEg,Thuinos,θύϊνος,citron; scented
https://www.youtube.com/watch?v=hYpIttGcKmE,Elephantinos,ἐλεφάντινος,of ivory
https://www.youtube.com/watch?v=ejLBuU6IhpY,Kinnamōmon,κιννάμωμον,cinnamon
https://www.youtube.com/watch?v=bMMpGZruUDo,Semidalis,σεμίδαλις,fine wheat flour
https://www.youtube.com/watch?v=yV377R1Xi6g,Liparos,λιπαρός,"bright, rich"
https://www.youtube.com/watch?v=pB1cZOmZQC0,Timiotēs,τιμιότης,richness; prosperity
https://www.youtube.com/watch?v=KROaSYvvp6M,Mylinos,μύλινος,belonging to a mill
https://www.youtube.com/watch?v=SrHTdnwqz9g,Hormēma,ὅρμημα,fury; stir; impulse; swoop
https://www.youtube.com/watch?v=CECASV9aZ4E,Salpistēs,σαλπιστής,trumpeter
https://www.youtube.com/watch?v=dZMxoaKQWwI,Hallēlouia,ἁλληλουϊά,hallelujah
https://www.youtube.com/watch?v=msUjUBRuFp4,Mēros,μηρός,thigh
https://www.youtube.com/watch?v=iyPjiB28of8,Sapphiros,σάπφιρος,sapphire
https://www.youtube.com/watch?v=_OnInoja-3o,Chalkēdōn,χαλκηδών,chalcedony
https://www.youtube.com/watch?v=v3UOYbmEd60,Sardonyx,σαρδόνυξ,sardonyx
https://www.youtube.com/watch?v=IDzPdXZKZZw,Chrysolithos,χρυσόλιθος,chrysolite
https://www.youtube.com/watch?v=IzOXin92t9M,Bēryllos,βήρυλλος,beryl
https://www.youtube.com/watch?v=VqQhRsM1RlY,Topazion,τοπάζιον,topaz
https://www.youtube.com/watch?v=WNrdNjxcgFY,Pelekizō,πελεκίζω,behead
https://www.youtube.com/watch?v=Jwgz4lc-TFU,Greek Alphabet Song,,Erasmian Pronunciation
